#
# A fatal error has been detected by the Java Runtime Environment:
#
#  EXCEPTION_ACCESS_VIOLATION (0xc0000005) at pc=0x00007ffa3c24f121, pid=9184, tid=15580
#
# JRE version: OpenJDK Runtime Environment (17.0.10) (build 17.0.10+0--11609105)
# Java VM: OpenJDK 64-Bit Server VM (17.0.10+0--11609105, mixed mode, tiered, compressed oops, compressed class ptrs, g1 gc, windows-amd64)
# Problematic frame:
# V  [jvm.dll+0x56f121]
#
# No core dump will be written. Minidumps are not enabled by default on client versions of Windows
#
# If you would like to submit a bug report, please visit:
#   https://bugreport.java.com/bugreport/crash.jsp
#

---------------  S U M M A R Y ------------

Command Line: --add-opens=java.base/java.util=ALL-UNNAMED --add-opens=java.base/java.lang=ALL-UNNAMED --add-opens=java.base/java.lang.invoke=ALL-UNNAMED --add-opens=java.prefs/java.util.prefs=ALL-UNNAMED --add-opens=java.base/java.nio.charset=ALL-UNNAMED --add-opens=java.base/java.net=ALL-UNNAMED --add-opens=java.base/java.util.concurrent.atomic=ALL-UNNAMED -Xmx2048m -Dfile.encoding=UTF-8 -Duser.country=RU -Duser.language=ru -Duser.variant -javaagent:E:\Android\gradle\wrapper\dists\gradle-8.7-bin\bhs2wmbdwecv87pi65oeuq5iu\gradle-8.7\lib\agents\gradle-instrumentation-agent-8.7.jar org.gradle.launcher.daemon.bootstrap.GradleDaemon 8.7

Host: Intel(R) Core(TM) i5-10400F CPU @ 2.90GHz, 12 cores, 15G,  Windows 10 , 64 bit Build 19041 (10.0.19041.4717)
Time: Wed Sep  4 12:14:33 2024  Windows 10 , 64 bit Build 19041 (10.0.19041.4717) elapsed time: 4187.263241 seconds (0d 1h 9m 47s)

---------------  T H R E A D  ---------------

Current thread (0x000001ee5dd40170):  JavaThread "Execution worker Thread 6" [_thread_in_vm, id=15580, stack(0x0000006c59200000,0x0000006c59300000)]

Stack: [0x0000006c59200000,0x0000006c59300000],  sp=0x0000006c592fe1f0,  free space=1016k
Native frames: (J=compiled Java code, j=interpreted, Vv=VM code, C=native code)
V  [jvm.dll+0x56f121]
V  [jvm.dll+0x38bef2]
V  [jvm.dll+0x38b55f]
C  0x000001ee4226a739

The last pc belongs to invokeinterface (printed below).
Java frames: (J=compiled Java code, j=interpreted, Vv=VM code)
j  org.gradle.internal.operations.DefaultBuildOperationExecutor$ListenerAdapter.stop(Lorg/gradle/internal/operations/BuildOperationDescriptor;Lorg/gradle/internal/operations/BuildOperationState;Lorg/gradle/internal/operations/BuildOperationState;Lorg/gradle/internal/operations/DefaultBuildOperationRunner$ReadableBuildOperationContext;)V+11
J 26506 c2 org.gradle.internal.operations.DefaultBuildOperationRunner$BuildOperationTrackingListener.stop(Lorg/gradle/internal/operations/BuildOperationDescriptor;Lorg/gradle/internal/operations/BuildOperationState;Lorg/gradle/internal/operations/BuildOperationState;Lorg/gradle/internal/operations/DefaultBuildOperationRunner$ReadableBuildOperationContext;)V (36 bytes) @ 0x000001ee435d569c [0x000001ee435d5640+0x000000000000005c]
J 39107 c1 org.gradle.internal.operations.DefaultBuildOperationRunner$2.execute(Lorg/gradle/internal/operations/BuildOperationDescriptor;Lorg/gradle/internal/operations/BuildOperationState;Lorg/gradle/internal/operations/BuildOperationState;Lorg/gradle/internal/operations/DefaultBuildOperationRunner$ReadableBuildOperationContext;Lorg/gradle/internal/operations/DefaultBuildOperationRunner$BuildOperationExecutionListener;)Lorg/gradle/internal/operations/BuildOperation; (110 bytes) @ 0x000001ee3b2a5d3c [0x000001ee3b2a5940+0x00000000000003fc]
J 30675 c2 org.gradle.internal.operations.DefaultBuildOperationRunner.execute(Lorg/gradle/internal/operations/BuildOperationDescriptor$Builder;Lorg/gradle/internal/operations/BuildOperationState;Lorg/gradle/internal/operations/DefaultBuildOperationRunner$BuildOperationExecution;)Ljava/lang/Object; (147 bytes) @ 0x000001ee43a5f3ec [0x000001ee43a5ebe0+0x000000000000080c]
J 26504 c2 org.gradle.internal.operations.DefaultBuildOperationRunner.execute(Lorg/gradle/internal/operations/BuildOperation;Lorg/gradle/internal/operations/BuildOperationWorker;Lorg/gradle/internal/operations/BuildOperationState;)V (23 bytes) @ 0x000001ee435d52d8 [0x000001ee435d5220+0x00000000000000b8]
J 15859 c2 org.gradle.internal.operations.DefaultBuildOperationRunner.call(Lorg/gradle/internal/operations/CallableBuildOperation;)Ljava/lang/Object; (24 bytes) @ 0x000001ee4295c96c [0x000001ee4295c800+0x000000000000016c]
J 31281 c2 org.gradle.internal.operations.DefaultBuildOperationExecutor.call(Lorg/gradle/internal/operations/CallableBuildOperation;)Ljava/lang/Object; (11 bytes) @ 0x000001ee43537274 [0x000001ee43537220+0x0000000000000054]
j  org.gradle.api.internal.artifacts.transform.TransformStepNode$AbstractTransformArtifacts.calculateValue(Lorg/gradle/api/internal/tasks/NodeExecutionContext;)Lorg/gradle/api/internal/artifacts/transform/TransformStepSubject;+33
j  org.gradle.api.internal.artifacts.transform.TransformStepNode$AbstractTransformArtifacts.calculateValue(Lorg/gradle/api/internal/tasks/NodeExecutionContext;)Ljava/lang/Object;+2
J 29192 c2 org.gradle.internal.model.CalculatedValueContainer$CalculationState.attachValue(Lorg/gradle/internal/model/CalculatedValueContainer;Lorg/gradle/api/internal/tasks/NodeExecutionContext;)V (61 bytes) @ 0x000001ee43876650 [0x000001ee43876580+0x00000000000000d0]
J 6078 c1 org.gradle.internal.model.CalculatedValueContainer.finalizeIfNotAlready(Lorg/gradle/api/internal/tasks/NodeExecutionContext;)V (17 bytes) @ 0x000001ee3b692b24 [0x000001ee3b692a40+0x00000000000000e4]
j  org.gradle.internal.model.CalculatedValueContainer.run(Lorg/gradle/api/internal/tasks/NodeExecutionContext;)V+2
j  org.gradle.api.internal.artifacts.transform.TransformStepNode.execute(Lorg/gradle/api/internal/tasks/NodeExecutionContext;)V+5
J 29908 c1 org.gradle.execution.plan.WorkNodeExecutor.execute(Lorg/gradle/execution/plan/Node;Lorg/gradle/api/internal/tasks/NodeExecutionContext;)Z (21 bytes) @ 0x000001ee3db9c2b4 [0x000001ee3db9bf60+0x0000000000000354]
J 29694 c1 org.gradle.execution.taskgraph.DefaultTaskExecutionGraph$InvokeNodeExecutorsAction.execute(Lorg/gradle/execution/plan/Node;)V (85 bytes) @ 0x000001ee3db26ddc [0x000001ee3db266c0+0x000000000000071c]
J 29693 c1 org.gradle.execution.taskgraph.DefaultTaskExecutionGraph$InvokeNodeExecutorsAction.execute(Ljava/lang/Object;)V (9 bytes) @ 0x000001ee3db29124 [0x000001ee3db28fc0+0x0000000000000164]
J 29691 c1 org.gradle.execution.taskgraph.DefaultTaskExecutionGraph$BuildOperationAwareExecutionAction$$Lambda$1744+0x0000000100ea18e8.run()V (12 bytes) @ 0x000001ee3db2878c [0x000001ee3db28640+0x000000000000014c]
J 26220 c1 org.gradle.internal.operations.CurrentBuildOperationRef.with(Lorg/gradle/internal/operations/BuildOperationRef;Ljava/lang/Runnable;)V (35 bytes) @ 0x000001ee3d57a9c4 [0x000001ee3d57a480+0x0000000000000544]
J 28489 c1 org.gradle.execution.taskgraph.DefaultTaskExecutionGraph$BuildOperationAwareExecutionAction.execute(Ljava/lang/Object;)V (9 bytes) @ 0x000001ee3c013134 [0x000001ee3c012b40+0x00000000000005f4]
J 28487 c1 org.gradle.execution.plan.DefaultPlanExecutor$ExecutorWorker.execute(Ljava/lang/Object;Lorg/gradle/execution/plan/WorkSource;Lorg/gradle/api/Action;)V (88 bytes) @ 0x000001ee3b3f452c [0x000001ee3b3f43a0+0x000000000000018c]
J 37596 c1 org.gradle.execution.plan.DefaultPlanExecutor$ExecutorWorker.run()V (127 bytes) @ 0x000001ee3b31e3bc [0x000001ee3b31dfe0+0x00000000000003dc]
J 37786 c2 org.gradle.internal.concurrent.AbstractManagedExecutor$1.run()V (57 bytes) @ 0x000001ee443973cc [0x000001ee44397060+0x000000000000036c]
J 26452 c1 java.util.concurrent.ThreadPoolExecutor.runWorker(Ljava/util/concurrent/ThreadPoolExecutor$Worker;)V java.base@17.0.10 (187 bytes) @ 0x000001ee3d5ff40c [0x000001ee3d5feb20+0x00000000000008ec]
J 26451 c1 java.util.concurrent.ThreadPoolExecutor$Worker.run()V java.base@17.0.10 (9 bytes) @ 0x000001ee3d60083c [0x000001ee3d6007c0+0x000000000000007c]
J 26420 c1 java.lang.Thread.run()V java.base@17.0.10 (17 bytes) @ 0x000001ee3d5ef474 [0x000001ee3d5ef340+0x0000000000000134]
v  ~StubRoutines::call_stub

siginfo: EXCEPTION_ACCESS_VIOLATION (0xc0000005), reading address 0x0000000040000008


Registers:
RAX=0x0000006c592fe248, RBX=0x000001ee5de42288, RCX=0x0000006c592fe1c0, RDX=0x0000006c592fe1c0
RSP=0x0000006c592fe1f0, RBP=0x0000006c592fe239, RSI=0x000001ee5dd40170, RDI=0x0000000040000000
R8 =0x0000000000000000, R9 =0x000001ee536093d8, R10=0x000001ee53608628, R11=0x0000000000000000
R12=0x0000000000000000, R13=0x000001ee53609163, R14=0x0000006c592fe350, R15=0x000001ee53609163
RIP=0x00007ffa3c24f121, EFLAGS=0x0000000000010202


Register to memory mapping:

RIP=0x00007ffa3c24f121 jvm.dll
RAX=0x0000006c592fe248 is pointing into the stack for thread: 0x000001ee5dd40170
RBX=0x000001ee5de42288 points into unknown readable memory: 0x0000000040000000 | 00 00 00 40 00 00 00 00
RCX=0x0000006c592fe1c0 is pointing into the stack for thread: 0x000001ee5dd40170
RDX=0x0000006c592fe1c0 is pointing into the stack for thread: 0x000001ee5dd40170
RSP=0x0000006c592fe1f0 is pointing into the stack for thread: 0x000001ee5dd40170
RBP=0x0000006c592fe239 is pointing into the stack for thread: 0x000001ee5dd40170
RSI=0x000001ee5dd40170 is a thread
RDI=0x0000000040000000 is an unknown value
R8 =0x0 is NULL
R9 =0x000001ee536093d8 is pointing into metadata
R10=0x000001ee53608628 is pointing into metadata
R11=0x0 is NULL
R12=0x0 is NULL
R13=0x000001ee53609163 is pointing into metadata
R14=0x0000006c592fe350 is pointing into the stack for thread: 0x000001ee5dd40170
R15=0x000001ee53609163 is pointing into metadata


Top of Stack: (sp=0x0000006c592fe1f0)
0x0000006c592fe1f0:   0000000093dc5a0b 000001ee5de42288
0x0000006c592fe200:   0000006c592fe239 0000000300000002
0x0000006c592fe210:   0000000000000003 000000030000000e
0x0000006c592fe220:   000001ee519fa1b0 0000000000000000
0x0000006c592fe230:   00000000000000b9 00007ffa3bfaeb1f
0x0000006c592fe240:   000001ee595da4f8 000001ee56865010
0x0000006c592fe250:   000001ee51a003a0 0000000100287348
0x0000006c592fe260:   0000000100365dd0 0000000000000000
0x0000006c592fe270:   0000000000000000 00000000000b0101
0x0000006c592fe280:   0000006c592fe390 00007ffa3c06bef2
0x0000006c592fe290:   000001ee6304b200 000001ee5dd40170
0x0000006c592fe2a0:   000001ee5de42288 00000000000000b9
0x0000006c592fe2b0:   00000001000000b9 000001ee5dd40170
0x0000006c592fe2c0:   000001ee53609218 000001ee5dd40170
0x0000006c592fe2d0:   0000000000000000 0000000000000000
0x0000006c592fe2e0:   000001ee53608628 000001ee5dd40170
0x0000006c592fe2f0:   0000006c592fe5a8 000001ee4226a6dd
0x0000006c592fe300:   000001ee42258e10 000001ee00000000
0x0000006c592fe310:   0000006c592fe5f8 0000006c592fe5a8
0x0000006c592fe320:   000001ee53609163 000001ee000000b9
0x0000006c592fe330:   000001ee53609218 000001ee00000000
0x0000006c592fe340:   0000006c592fe5f8 0000006c592fe5a8
0x0000006c592fe350:   8132b41093dc6998 0000000000000000
0x0000006c592fe360:   0000000000000000 0000000000000000
0x0000006c592fe370:   0000000000000000 0000006c592fded0
0x0000006c592fe380:   0000000000000000 0000000000000000
0x0000006c592fe390:   000001ee5dd40170 000001ee53609163
0x0000006c592fe3a0:   0000006c592fe628 000001ee5dd40170
0x0000006c592fe3b0:   000001ee595da4f8 00000000000000b9
0x0000006c592fe3c0:   0000006c592fe4d0 00007ffa3c06b55f
0x0000006c592fe3d0:   000001ee53608628 0000000000000000
0x0000006c592fe3e0:   000001ee636a8e68 00000000000003d8 

Instructions: (pc=0x00007ffa3c24f121)
0x00007ffa3c24f021:   9b cf ff ff 48 83 7e 08 00 0f 85 6e 01 00 00 48
0x00007ffa3c24f031:   85 db 75 04 33 ff eb 25 80 3d d9 47 62 00 00 48
0x00007ffa3c24f041:   8b 3b 74 15 8b 7f 08 8b 0d ba 82 5b 00 48 d3 e7
0x00007ffa3c24f051:   48 03 3d a8 82 5b 00 eb 04 48 8b 7f 08 48 8b d6
0x00007ffa3c24f061:   48 8d 4d 0f e8 06 e5 ff ff 48 83 7e 08 00 0f 85
0x00007ffa3c24f071:   29 01 00 00 48 89 45 ff 48 89 75 07 48 85 c0 74
0x00007ffa3c24f081:   14 48 8b 8e 48 02 00 00 48 8d 55 f7 48 89 45 f7
0x00007ffa3c24f091:   e8 da b9 a9 ff 4c 8b 45 1f 48 8d 55 ff 48 89 74
0x00007ffa3c24f0a1:   24 30 4c 8b cb c6 44 24 28 01 49 8b ce 48 89 7c
0x00007ffa3c24f0b1:   24 20 e8 e8 1e 00 00 e9 d8 00 00 00 4c 8b 4d 7f
0x00007ffa3c24f0c1:   45 8b c2 49 8b d3 49 8b ce e8 31 03 00 00 e9 d3
0x00007ffa3c24f0d1:   00 00 00 4c 8b 4d 7f 45 8b c2 49 8b d3 49 8b ce
0x00007ffa3c24f0e1:   e8 3a 01 00 00 e9 bc 00 00 00 48 8b 75 7f 48 8d
0x00007ffa3c24f0f1:   4d 0f 4c 8b ce 45 8b c2 49 8b d3 e8 bf ce ff ff
0x00007ffa3c24f101:   48 83 7e 08 00 0f 85 92 00 00 00 48 85 db 75 04
0x00007ffa3c24f111:   33 ff eb 25 80 3d fd 46 62 00 00 48 8b 3b 74 15
0x00007ffa3c24f121:   8b 7f 08 8b 0d de 81 5b 00 48 d3 e7 48 03 3d cc
0x00007ffa3c24f131:   81 5b 00 eb 04 48 8b 7f 08 4c 8b c6 48 8d 4d 0f
0x00007ffa3c24f141:   ba b9 00 00 00 e8 65 f6 ff ff 48 83 7e 08 00 75
0x00007ffa3c24f151:   4c 48 89 45 ff 48 89 75 07 48 85 c0 74 14 48 8b
0x00007ffa3c24f161:   8e 48 02 00 00 48 8d 55 f7 48 89 45 f7 e8 fd b8
0x00007ffa3c24f171:   a9 ff 4c 8b 45 1f 48 8d 55 ff 48 89 74 24 30 4c
0x00007ffa3c24f181:   8b cb c6 44 24 28 01 49 8b ce 48 89 7c 24 20 e8
0x00007ffa3c24f191:   3b 14 00 00 48 8d 4d ff e8 12 41 de ff 48 8d 4d
0x00007ffa3c24f1a1:   2f e8 09 41 de ff 48 8b b4 24 a0 00 00 00 48 8b
0x00007ffa3c24f1b1:   bc 24 a8 00 00 00 4c 8d 9c 24 90 00 00 00 49 8b
0x00007ffa3c24f1c1:   5b 20 4d 8b 73 28 49 8b e3 5d c3 0f f0 56 00 99
0x00007ffa3c24f1d1:   ef 56 00 61 ef 56 00 eb f0 56 00 d4 f0 56 00 bd
0x00007ffa3c24f1e1:   f0 56 00 a7 f1 56 00 00 01 02 03 04 06 06 06 06
0x00007ffa3c24f1f1:   06 06 06 06 06 06 06 06 06 06 06 06 06 06 06 06
0x00007ffa3c24f201:   06 06 06 06 06 06 06 06 06 06 06 06 06 06 06 06
0x00007ffa3c24f211:   06 06 06 06 06 06 06 06 06 06 05 cc cc cc cc 40 


Stack slot to memory mapping:
stack at sp + 0 slots: 0x0000000093dc5a0b points into unknown readable memory: 93 50 0b a5 81
stack at sp + 1 slots: 0x000001ee5de42288 points into unknown readable memory: 0x0000000040000000 | 00 00 00 40 00 00 00 00
stack at sp + 2 slots: 0x0000006c592fe239 is pointing into the stack for thread: 0x000001ee5dd40170
stack at sp + 3 slots: 0x0000000300000002 is an unknown value
stack at sp + 4 slots: 0x0000000000000003 is an unknown value
stack at sp + 5 slots: 0x000000030000000e is an unknown value
stack at sp + 6 slots: 0x000001ee519fa1b0 points into unknown readable memory: 0x616a00106e30ffff | ff ff 30 6e 10 00 6a 61
stack at sp + 7 slots: 0x0 is NULL

invokeinterface  185 invokeinterface  [0x000001ee4226a680, 0x000001ee4226b120]  2720 bytes
[MachCode]
  0x000001ee4226a680: 4883 ec08 | c5fa 1104 | 24eb 1f48 | 83ec 10c5 | fb11 0424 | eb14 4883 | ec10 4889 | 0424 48c7 
  0x000001ee4226a6a0: 4424 0800 | 0000 00eb | 0150 4c89 | 6dc0 410f | b755 0148 | 8b4d d0c1 | e202 8b5c | d120 c1eb 
  0x000001ee4226a6c0: 1081 e3ff | 0000 0081 | fbb9 0000 | 000f 84b6 | 0000 00bb | b900 0000 | e805 0000 | 00e9 9b00 
  0x000001ee4226a6e0: 0000 488b | d348 8d44 | 2408 4c89 | 6dc0 498b | cfc5 f877 | 4989 afa8 | 0200 0049 | 8987 9802 
  0x000001ee4226a700: 0000 4883 | ec20 f7c4 | 0f00 0000 | 0f84 1a00 | 0000 4883 | ec08 49ba | f0b4 063c | fa7f 0000 
  0x000001ee4226a720: 41ff d248 | 83c4 08e9 | 0d00 0000 | 49ba f0b4 | 063c fa7f | 0000 41ff | d248 83c4 | 2049 c787 
  0x000001ee4226a740: 9802 0000 | 0000 0000 | 49c7 87a8 | 0200 0000 | 0000 0049 | c787 a002 | 0000 0000 | 0000 c5f8 
  0x000001ee4226a760: 7749 817f | 0800 0000 | 000f 8405 | 0000 00e9 | 8c67 feff | 4c8b 6dc0 | 4c8b 75c8 | c341 0fb7 
  0x000001ee4226a780: 5501 488b | 4dd0 c1e2 | 0248 8b44 | d128 488b | 5cd1 308b | 54d1 388b | ca81 e1ff | 0000 0048 
  0x000001ee4226a7a0: 8b4c ccf8 | 448b eac1 | ea1c 49ba | e065 893c | fa7f 0000 | 498b 14d2 | 5241 8bd5 | 4c8b 6dc0 
  0x000001ee4226a7c0: 448b f241 | 81e6 0000 | 8000 0f84 | 5903 0000 | 8bc2 81e0 | 0000 1000 | 0f84 5e01 | 0000 483b 
  0x000001ee4226a7e0: 0148 8b45 | d848 85c0 | 0f84 1200 | 0000 4883 | 4008 0148 | 8358 0800 | 4883 c038 | 4889 45d8 
  0x000001ee4226a800: 488b 45d8 | 4885 c00f | 8423 0100 | 0080 78c8 | 0b0f 8519 | 0100 0048 | 83c0 084c | 8b68 f841 
  0x000001ee4226a820: 83ed 0041 | 83fd 020f | 8cf8 0000 | 004c 8b6b | 0845 0fb7 | 6d2c 4c2b | 2841 83ed | 014e 8b6c 
  0x000001ee4226a840: ec08 4d85 | ed75 0748 | 8348 0801 | eb4a 458b | 6d08 49c1 | e503 4c33 | 6808 49f7 | c5fc ffff 
  0x000001ee4226a860: ff74 3549 | f7c5 0200 | 0000 752c | 4881 7808 | 0000 0000 | 741e 4881 | 7808 0100 | 0000 7414 
  0x000001ee4226a880: 4c33 6808 | 49f7 c5fc | ffff ff74 | 0b48 8348 | 0802 eb04 | 4c89 6808 | 4883 c010 | 4c8b 68e8 
  0x000001ee4226a8a0: 4183 ed02 | 4183 fd02 | 0f8c 7700 | 0000 4c8b | 6b08 450f | b76d 2c4c | 2b28 4183 | ed01 4e8b 
  0x000001ee4226a8c0: 6cec 084d | 85ed 7507 | 4883 4808 | 01eb 4a45 | 8b6d 0849 | c1e5 034c | 3368 0849 | f7c5 fcff 
  0x000001ee4226a8e0: ffff 7435 | 49f7 c502 | 0000 0075 | 2c48 8178 | 0800 0000 | 0074 1e48 | 8178 0801 | 0000 0074 
  0x000001ee4226a900: 144c 3368 | 0849 f7c5 | fcff ffff | 740b 4883 | 4808 02eb | 044c 8968 | 0848 83c0 | 104c 8b68 
  0x000001ee4226a920: d841 83ed | 0441 c1e5 | 0349 03c5 | 4889 45d8 | 4c8d 6c24 | 084c 896d | f0ff 6360 | 8b41 0848 
  0x000001ee4226a940: c1e0 034c | 8b75 d84d | 85f6 0f84 | 9500 0000 | 498b 5618 | 483b d00f | 850f 0000 | 0049 8346 
  0x000001ee4226a960: 2001 4983 | 5e20 00e9 | 7100 0000 | 4885 d20f | 8442 0000 | 0049 8b56 | 2848 3bd0 | 0f85 0f00 
  0x000001ee4226a980: 0000 4983 | 4630 0149 | 835e 3000 | e94c 0000 | 0048 85d2 | 740f 4983 | 4608 0149 | 835e 0800 
  0x000001ee4226a9a0: e938 0000 | 0049 8946 | 28ba 0100 | 0000 4989 | 5630 e926 | 0000 0049 | 3b46 280f | 850f 0000 
  0x000001ee4226a9c0: 0049 8346 | 3001 4983 | 5e30 00e9 | 0d00 0000 | 4989 4618 | ba01 0000 | 0049 8956 | 2049 83c6 
  0x000001ee4226a9e0: 384c 8975 | d848 8b9c | d8f0 0100 | 0048 8b55 | d848 85d2 | 0f84 2301 | 0000 807a | c80b 0f85 
  0x000001ee4226aa00: 1901 0000 | 4883 c208 | 4c8b 6af8 | 4183 ed00 | 4183 fd02 | 0f8c f800 | 0000 4c8b | 6b08 450f 
  0x000001ee4226aa20: b76d 2c4c | 2b2a 4183 | ed01 4e8b | 6cec 084d | 85ed 7507 | 4883 4a08 | 01eb 4a45 | 8b6d 0849 
  0x000001ee4226aa40: c1e5 034c | 336a 0849 | f7c5 fcff | ffff 7435 | 49f7 c502 | 0000 0075 | 2c48 817a | 0800 0000 
  0x000001ee4226aa60: 0074 1e48 | 817a 0801 | 0000 0074 | 144c 336a | 0849 f7c5 | fcff ffff | 740b 4883 | 4a08 02eb 
  0x000001ee4226aa80: 044c 896a | 0848 83c2 | 104c 8b6a | e841 83ed | 0241 83fd | 020f 8c77 | 0000 004c | 8b6b 0845 
  0x000001ee4226aaa0: 0fb7 6d2c | 4c2b 2a41 | 83ed 014e | 8b6c ec08 | 4d85 ed75 | 0748 834a | 0801 eb4a | 458b 6d08 
  0x000001ee4226aac0: 49c1 e503 | 4c33 6a08 | 49f7 c5fc | ffff ff74 | 3549 f7c5 | 0200 0000 | 752c 4881 | 7a08 0000 
  0x000001ee4226aae0: 0000 741e | 4881 7a08 | 0100 0000 | 7414 4c33 | 6a08 49f7 | c5fc ffff | ff74 0b48 | 834a 0802 
  0x000001ee4226ab00: eb04 4c89 | 6a08 4883 | c210 4c8b | 6ad8 4183 | ed04 41c1 | e503 4903 | d548 8955 | d84c 8d6c 
  0x000001ee4226ab20: 2408 4c89 | 6df0 ff63 | 6044 8bf2 | 4181 e600 | 0010 000f | 84ab 0100 | 0044 8b71 | 0849 c1e6 
  0x000001ee4226ab40: 034c 3bf0 | 0f84 3f00 | 0000 448b | 6814 4b3b | 042e 0f84 | 3100 0000 | 4183 fd20 | 0f85 1f00 
  0x000001ee4226ab60: 0000 5157 | 498b 7e28 | 8b0f 4883 | c708 4885 | c0f2 48af | 5f59 7509 | 4989 4620 | e908 0000 
  0x000001ee4226ab80: 0049 8bd6 | e9b9 0400 | 0048 8b55 | d848 85d2 | 0f84 1200 | 0000 4883 | 4208 0148 | 835a 0800 
  0x000001ee4226aba0: 4883 c238 | 4889 55d8 | 488b 55d8 | 4885 d20f | 8423 0100 | 0080 7ac8 | 0b0f 8519 | 0100 0048 
  0x000001ee4226abc0: 83c2 084c | 8b6a f841 | 83ed 0041 | 83fd 020f | 8cf8 0000 | 004c 8b6b | 0845 0fb7 | 6d2c 4c2b 
  0x000001ee4226abe0: 2a41 83ed | 014e 8b6c | ec08 4d85 | ed75 0748 | 834a 0801 | eb4a 458b | 6d08 49c1 | e503 4c33 
  0x000001ee4226ac00: 6a08 49f7 | c5fc ffff | ff74 3549 | f7c5 0200 | 0000 752c | 4881 7a08 | 0000 0000 | 741e 4881 
  0x000001ee4226ac20: 7a08 0100 | 0000 7414 | 4c33 6a08 | 49f7 c5fc | ffff ff74 | 0b48 834a | 0802 eb04 | 4c89 6a08 
  0x000001ee4226ac40: 4883 c210 | 4c8b 6ae8 | 4183 ed02 | 4183 fd02 | 0f8c 7700 | 0000 4c8b | 6b08 450f | b76d 2c4c 
  0x000001ee4226ac60: 2b2a 4183 | ed01 4e8b | 6cec 084d | 85ed 7507 | 4883 4a08 | 01eb 4a45 | 8b6d 0849 | c1e5 034c 
  0x000001ee4226ac80: 336a 0849 | f7c5 fcff | ffff 7435 | 49f7 c502 | 0000 0075 | 2c48 817a | 0800 0000 | 0074 1e48 
  0x000001ee4226aca0: 817a 0801 | 0000 0074 | 144c 336a | 0849 f7c5 | fcff ffff | 740b 4883 | 4a08 02eb | 044c 896a 
  0x000001ee4226acc0: 0848 83c2 | 104c 8b6a | d841 83ed | 0441 c1e5 | 0349 03d5 | 4889 55d8 | 4c8d 6c24 | 084c 896d 
  0x000001ee4226ace0: f0ff 6360 | 4c8b 75c8 | 8b51 0848 | c1e2 0348 | 8bcb 448b | b2a0 0000 | 004e 8db4 | f2f0 0100 
  0x000001ee4226ad00: 004d 8b2e | 493b c574 | 154d 85ed | 0f84 3003 | 0000 4983 | c610 4d8b | 2e49 3bc5 | 75eb 4c8b 
  0x000001ee4226ad20: 6dc0 4c8b | 6dd8 4d85 | ed0f 8497 | 0000 004d | 8b75 184c | 3bf2 0f85 | 0f00 0000 | 4983 4520 
  0x000001ee4226ad40: 0149 835d | 2000 e973 | 0000 004d | 85f6 0f84 | 4300 0000 | 4d8b 7528 | 4c3b f20f | 850f 0000 
  0x000001ee4226ad60: 0049 8345 | 3001 4983 | 5d30 00e9 | 4e00 0000 | 4d85 f674 | 0f49 8345 | 0801 4983 | 5d08 00e9 
  0x000001ee4226ad80: 3a00 0000 | 4989 5528 | 41be 0100 | 0000 4d89 | 7530 e927 | 0000 0049 | 3b55 280f | 850f 0000 
  0x000001ee4226ada0: 0049 8345 | 3001 4983 | 5d30 00e9 | 0e00 0000 | 4989 5518 | 41be 0100 | 0000 4d89 | 7520 4983 
  0x000001ee4226adc0: c538 4c89 | 6dd8 488b | 4308 488b | 4008 488b | 4018 8b5b | 2c83 ebf6 | f7db 4c8b | f245 8bae 
  0x000001ee4226ade0: a000 0000 | 4f8d acee | f001 0000 | 4d8d 34de | 498b 5d00 | 483b c374 | 1648 85db | 0f84 4002 
  0x000001ee4226ae00: 0000 4983 | c510 498b | 5d00 483b | c375 ea45 | 8b6d 084b | 8b1c 2e48 | 85db 0f84 | 5801 0000 
  0x000001ee4226ae20: 488b 55d8 | 4885 d20f | 8423 0100 | 0080 7ac8 | 0b0f 8519 | 0100 0048 | 83c2 084c | 8b6a f841 
  0x000001ee4226ae40: 83ed 0041 | 83fd 020f | 8cf8 0000 | 004c 8b6b | 0845 0fb7 | 6d2c 4c2b | 2a41 83ed | 014e 8b6c 
  0x000001ee4226ae60: ec08 4d85 | ed75 0748 | 834a 0801 | eb4a 458b | 6d08 49c1 | e503 4c33 | 6a08 49f7 | c5fc ffff 
  0x000001ee4226ae80: ff74 3549 | f7c5 0200 | 0000 752c | 4881 7a08 | 0000 0000 | 741e 4881 | 7a08 0100 | 0000 7414 
  0x000001ee4226aea0: 4c33 6a08 | 49f7 c5fc | ffff ff74 | 0b48 834a | 0802 eb04 | 4c89 6a08 | 4883 c210 | 4c8b 6ae8 
  0x000001ee4226aec0: 4183 ed02 | 4183 fd02 | 0f8c 7700 | 0000 4c8b | 6b08 450f | b76d 2c4c | 2b2a 4183 | ed01 4e8b 
  0x000001ee4226aee0: 6cec 084d | 85ed 7507 | 4883 4a08 | 01eb 4a45 | 8b6d 0849 | c1e5 034c | 336a 0849 | f7c5 fcff 
  0x000001ee4226af00: ffff 7435 | 49f7 c502 | 0000 0075 | 2c48 817a | 0800 0000 | 0074 1e48 | 817a 0801 | 0000 0074 
  0x000001ee4226af20: 144c 336a | 0849 f7c5 | fcff ffff | 740b 4883 | 4a08 02eb | 044c 896a | 0848 83c2 | 104c 8b6a 
  0x000001ee4226af40: d841 83ed | 0441 c1e5 | 0349 03d5 | 4889 55d8 | 4c8d 6c24 | 084c 896d | f0ff 6360 | 48b9 a07d 
  0x000001ee4226af60: 613c fa7f | 0000 4883 | e4f0 49ba | f0e4 293c | fa7f 0000 | 41ff d2f4 | 5b4c 8b6d | c04c 8b75 
  0x000001ee4226af80: c84c 8bc1 | e805 0000 | 00e9 9800 | 0000 488d | 4424 084c | 896d c049 | 8bcf c5f8 | 7749 89af 
  0x000001ee4226afa0: a802 0000 | 4989 8798 | 0200 0048 | 83ec 20f7 | c40f 0000 | 000f 841a | 0000 0048 | 83ec 0849 
  0x000001ee4226afc0: ba40 c406 | 3cfa 7f00 | 0041 ffd2 | 4883 c408 | e90d 0000 | 0049 ba40 | c406 3cfa | 7f00 0041 
  0x000001ee4226afe0: ffd2 4883 | c420 49c7 | 8798 0200 | 0000 0000 | 0049 c787 | a802 0000 | 0000 0000 | 49c7 87a0 
  0x000001ee4226b000: 0200 0000 | 0000 00c5 | f877 4981 | 7f08 0000 | 0000 0f84 | 0500 0000 | e9e3 5efe | ff4c 8b6d 
  0x000001ee4226b020: c04c 8b75 | c8c3 48b9 | a07d 613c | fa7f 0000 | 4883 e4f0 | 49ba f0e4 | 293c fa7f | 0000 41ff 
  0x000001ee4226b040: d2f4 5b4c | 8b6d c04c | 8b75 c8e8 | 0500 0000 | e99b 0000 | 004c 8bc0 | 488d 4424 | 084c 896d 
  0x000001ee4226b060: c049 8bcf | c5f8 7749 | 89af a802 | 0000 4989 | 8798 0200 | 0048 83ec | 20f7 c40f | 0000 000f 
  0x000001ee4226b080: 841a 0000 | 0048 83ec | 0849 ba90 | ca06 3cfa | 7f00 0041 | ffd2 4883 | c408 e90d | 0000 0049 
  0x000001ee4226b0a0: ba90 ca06 | 3cfa 7f00 | 0041 ffd2 | 4883 c420 | 49c7 8798 | 0200 0000 | 0000 0049 | c787 a802 
  0x000001ee4226b0c0: 0000 0000 | 0000 49c7 | 87a0 0200 | 0000 0000 | 00c5 f877 | 4981 7f08 | 0000 0000 | 0f84 0500 
  0x000001ee4226b0e0: 0000 e919 | 5efe ff4c | 8b6d c04c | 8b75 c8c3 | 48b9 a07d | 613c fa7f | 0000 4883 | e4f0 49ba 
  0x000001ee4226b100: f0e4 293c | fa7f 0000 | 41ff d2f4 | 0f1f 4000 | 0000 0000 | 0000 0000 | 0000 0000 | 0000 0000 
[/MachCode]

Compiled method (c2) 4187290 26506       4       org.gradle.internal.operations.DefaultBuildOperationRunner$BuildOperationTrackingListener::stop (36 bytes)
 total in heap  [0x000001ee435d5490,0x000001ee435d5bd0] = 1856
 relocation     [0x000001ee435d55e8,0x000001ee435d5638] = 80
 main code      [0x000001ee435d5640,0x000001ee435d5820] = 480
 stub code      [0x000001ee435d5820,0x000001ee435d5858] = 56
 oops           [0x000001ee435d5858,0x000001ee435d5880] = 40
 metadata       [0x000001ee435d5880,0x000001ee435d5910] = 144
 scopes data    [0x000001ee435d5910,0x000001ee435d5a80] = 368
 scopes pcs     [0x000001ee435d5a80,0x000001ee435d5b50] = 208
 dependencies   [0x000001ee435d5b50,0x000001ee435d5b68] = 24
 handler table  [0x000001ee435d5b68,0x000001ee435d5b98] = 48
 nul chk table  [0x000001ee435d5b98,0x000001ee435d5bd0] = 56

[Constant Pool (empty)]

[MachCode]
[Entry Point]
  # {method} {0x000001ee53608008} 'stop' '(Lorg/gradle/internal/operations/BuildOperationDescriptor;Lorg/gradle/internal/operations/BuildOperationState;Lorg/gradle/internal/operations/BuildOperationState;Lorg/gradle/internal/operations/DefaultBuildOperationRunner$ReadableBuildOperationContext;)V' in 'org/gradle/internal/operations/DefaultBuildOperationRunner$BuildOperationTrackingListener'
  # this:     rdx:rdx   = 'org/gradle/internal/operations/DefaultBuildOperationRunner$BuildOperationTrackingListener'
  # parm0:    r8:r8     = 'org/gradle/internal/operations/BuildOperationDescriptor'
  # parm1:    r9:r9     = 'org/gradle/internal/operations/BuildOperationState'
  # parm2:    rdi:rdi   = 'org/gradle/internal/operations/BuildOperationState'
  # parm3:    rsi:rsi   = 'org/gradle/internal/operations/DefaultBuildOperationRunner$ReadableBuildOperationContext'
  #           [sp+0x50]  (sp of caller)
  0x000001ee435d5640: 448b 5208 | 49c1 e203 

  0x000001ee435d5648: ;   {runtime_call ic_miss_stub}
  0x000001ee435d5648: 493b c20f | 852f bacc | fe66 6690 | 0f1f 8400 | 0000 0000 | 6666 6690 
[Verified Entry Point]
  0x000001ee435d5660: 8984 2400 | 90ff ff55 | 4883 ec40 | 4889 7c24 | 204c 8944 | 2410 448b | 5a10 660f | 1f44 0000 
  0x000001ee435d5680: ; implicit exception: dispatches to 0x000001ee435d5784
  0x000001ee435d5680: 458b 5308 

  0x000001ee435d5684: ;   {metadata('org/gradle/internal/operations/DefaultBuildOperationExecutor$ListenerAdapter')}
  0x000001ee435d5684: 4181 faba | cb06 200f | 85a5 0000 | 0049 8bd3 

  0x000001ee435d5694: ;   {optimized virtual_call}
  0x000001ee435d5694: 6666 90e8 

  0x000001ee435d5698: ; ImmutableOopMap {[16]=Oop [32]=Oop }
                      ;*invokeinterface stop {reexecute=0 rethrow=0 return_oop=0}
                      ; - org.gradle.internal.operations.DefaultBuildOperationRunner$BuildOperationTrackingListener::stop@9 (line 239)
  0x000001ee435d5698: 44f3 f9f8 | 4c8b 5424 | 1045 8b42 

  0x000001ee435d56a4: ;   {oop(a 'org/gradle/internal/logging/slf4j/OutputEventListenerBackedLogger'{0x000000008131f610})}
  0x000001ee435d56a4: 1848 ba10 | f631 8100 | 0000 0044 | 8b5a 1045 | 8b53 1041 | 8b6a 0c0f | 1f44 0000 

  0x000001ee435d56c0: ; implicit exception: dispatches to 0x000001ee435d57c0
  0x000001ee435d56c0: 448b 5d08 

  0x000001ee435d56c4: ;   {metadata('org/gradle/api/logging/LogLevel')}
  0x000001ee435d56c4: 4181 fb93 | a001 200f | 859b 0000 | 004c 8bd5 | 4533 c945 | 2b4a 0c0f | 1f44 0000 | 4585 c97d 
  0x000001ee435d56e4: 2a4c 8b44 | 2420 4d85 | c074 0d45 | 8b50 1845 | 8b5a 0c45 | 85db 7458 | 4883 c440 

  0x000001ee435d5700: ;   {poll_return}
  0x000001ee435d5700: 5d49 3ba7 | 5003 0000 | 0f87 e400 | 0000 c349 

  0x000001ee435d5710: ;   {oop("Completing Build operation '{}'"{0x0000000081b030d0})}
  0x000001ee435d5710: 8bf0 48bf | d030 b081 | 0000 0000 

  0x000001ee435d571c: ;   {oop(a 'org/gradle/api/logging/LogLevel'{0x000000008082f538})}
  0x000001ee435d571c: 4533 c949 | b838 f582 | 8000 0000 | 0048 8b6c 

  0x000001ee435d572c: ;   {optimized virtual_call}
  0x000001ee435d572c: 2410 90e8 

  0x000001ee435d5730: ; ImmutableOopMap {rbp=Oop [16]=Oop [32]=Oop }
                      ;*invokespecial log {reexecute=0 rethrow=0 return_oop=0}
                      ; - org.gradle.internal.logging.slf4j.BuildOperationAwareLogger::debug@14 (line 167)
                      ; - org.gradle.internal.logging.slf4j.OutputEventListenerBackedLogger::debug@3 (line 25)
                      ; - org.gradle.internal.operations.DefaultBuildOperationRunner$BuildOperationTrackingListener::stop@23 (line 240)
  0x000001ee435d5730: 4cbc ccfe | ebaf bade | ffff ff49 | 8be8 4489 | 5c24 084c | 894c 2418 | 4889 7424 

  0x000001ee435d574c: ;   {runtime_call UncommonTrapBlob}
  0x000001ee435d574c: 2866 90e8 

  0x000001ee435d5750: ; ImmutableOopMap {rbp=Oop [8]=NarrowOop [24]=Oop [32]=Oop [40]=Oop }
                      ;*invokeinterface stop {reexecute=0 rethrow=0 return_oop=0}
                      ; - org.gradle.internal.operations.DefaultBuildOperationRunner$BuildOperationTrackingListener::stop@9 (line 239)
  0x000001ee435d5750: ac11 cdfe | 4585 db40 | 0f95 c540 | 0fb6 edba | 45ff ffff 

  0x000001ee435d5764: ;   {runtime_call UncommonTrapBlob}
  0x000001ee435d5764: 6666 90e8 

  0x000001ee435d5768: ; ImmutableOopMap {[16]=Oop [32]=Oop }
                      ;*ifne {reexecute=1 rethrow=0 return_oop=0}
                      ; - (reexecute) org.gradle.internal.operations.DefaultBuildOperationRunner::assertParentRunning@8 (line 167)
                      ; - org.gradle.internal.operations.DefaultBuildOperationRunner::access$400@3 (line 24)
                      ; - org.gradle.internal.operations.DefaultBuildOperationRunner$BuildOperationTrackingListener::stop@32 (line 241)
  0x000001ee435d5768: 9411 cdfe | bade ffff | ff48 ff74 | 2410 488f | 0424 4489 

  0x000001ee435d577c: ;   {runtime_call UncommonTrapBlob}
  0x000001ee435d577c: 4424 10e8 

  0x000001ee435d5780: ; ImmutableOopMap {rbp=NarrowOop [0]=Oop [16]=NarrowOop [32]=Oop }
                      ;*checkcast {reexecute=0 rethrow=0 return_oop=0}
                      ; - org.gradle.internal.logging.slf4j.OutputEventListenerBackedLoggerContext::getLevel@7 (line 93)
                      ; - org.gradle.internal.logging.slf4j.OutputEventListenerBackedLogger::isLevelAtMost@5 (line 44)
                      ; - org.gradle.internal.logging.slf4j.BuildOperationAwareLogger::isDebugEnabled@4 (line 51)
                      ; - org.gradle.internal.logging.slf4j.OutputEventListenerBackedLogger::isDebugEnabled@1 (line 25)
                      ; - org.gradle.internal.logging.slf4j.BuildOperationAwareLogger::debug@1 (line 166)
                      ; - org.gradle.internal.logging.slf4j.OutputEventListenerBackedLogger::debug@3 (line 25)
                      ; - org.gradle.internal.operations.DefaultBuildOperationRunner$BuildOperationTrackingListener::stop@23 (line 240)
  0x000001ee435d5780: 7c11 cdfe | baf6 ffff | ff49 8be8 | 4c89 0c24 | 4889 7424 

  0x000001ee435d5794: ;   {runtime_call UncommonTrapBlob}
  0x000001ee435d5794: 1066 90e8 

  0x000001ee435d5798: ; ImmutableOopMap {rbp=Oop [0]=Oop [16]=Oop [32]=Oop }
                      ;*invokeinterface stop {reexecute=0 rethrow=0 return_oop=0}
                      ; - org.gradle.internal.operations.DefaultBuildOperationRunner$BuildOperationTrackingListener::stop@9 (line 239)
  0x000001ee435d5798: 6411 cdfe | baf6 ffff 

  0x000001ee435d57a0: ;   {runtime_call UncommonTrapBlob}
  0x000001ee435d57a0: ff66 90e8 

  0x000001ee435d57a4: ; ImmutableOopMap {}
                      ;*invokevirtual getDisplayName {reexecute=0 rethrow=0 return_oop=0}
                      ; - org.gradle.internal.operations.DefaultBuildOperationRunner$BuildOperationTrackingListener::stop@20 (line 240)
  0x000001ee435d57a4: 5811 cdfe | baf6 ffff 

  0x000001ee435d57ac: ;   {runtime_call UncommonTrapBlob}
  0x000001ee435d57ac: ff66 90e8 

  0x000001ee435d57b0: ; ImmutableOopMap {}
                      ;*invokevirtual getLevel {reexecute=0 rethrow=0 return_oop=0}
                      ; - org.gradle.internal.logging.slf4j.OutputEventListenerBackedLogger::isLevelAtMost@5 (line 44)
                      ; - org.gradle.internal.logging.slf4j.BuildOperationAwareLogger::isDebugEnabled@4 (line 51)
                      ; - org.gradle.internal.logging.slf4j.OutputEventListenerBackedLogger::isDebugEnabled@1 (line 25)
                      ; - org.gradle.internal.logging.slf4j.BuildOperationAwareLogger::debug@1 (line 166)
                      ; - org.gradle.internal.logging.slf4j.OutputEventListenerBackedLogger::debug@3 (line 25)
                      ; - org.gradle.internal.operations.DefaultBuildOperationRunner$BuildOperationTrackingListener::stop@23 (line 240)
  0x000001ee435d57b0: 4c11 cdfe | baf6 ffff 

  0x000001ee435d57b8: ;   {runtime_call UncommonTrapBlob}
  0x000001ee435d57b8: ff66 90e8 

  0x000001ee435d57bc: ; ImmutableOopMap {}
                      ;*invokevirtual get {reexecute=0 rethrow=0 return_oop=0}
                      ; - org.gradle.internal.logging.slf4j.OutputEventListenerBackedLoggerContext::getLevel@4 (line 93)
                      ; - org.gradle.internal.logging.slf4j.OutputEventListenerBackedLogger::isLevelAtMost@5 (line 44)
                      ; - org.gradle.internal.logging.slf4j.BuildOperationAwareLogger::isDebugEnabled@4 (line 51)
                      ; - org.gradle.internal.logging.slf4j.OutputEventListenerBackedLogger::isDebugEnabled@1 (line 25)
                      ; - org.gradle.internal.logging.slf4j.BuildOperationAwareLogger::debug@1 (line 166)
                      ; - org.gradle.internal.logging.slf4j.OutputEventListenerBackedLogger::debug@3 (line 25)
                      ; - org.gradle.internal.operations.DefaultBuildOperationRunner$BuildOperationTrackingListener::stop@23 (line 240)
  0x000001ee435d57bc: 4011 cdfe | baf4 ffff | ff48 8b6c | 2410 4489 

  0x000001ee435d57cc: ;   {runtime_call UncommonTrapBlob}
  0x000001ee435d57cc: 4424 08e8 

  0x000001ee435d57d0: ; ImmutableOopMap {rbp=Oop [8]=NarrowOop [32]=Oop }
                      ;*checkcast {reexecute=0 rethrow=0 return_oop=0}
                      ; - org.gradle.internal.logging.slf4j.OutputEventListenerBackedLoggerContext::getLevel@7 (line 93)
                      ; - org.gradle.internal.logging.slf4j.OutputEventListenerBackedLogger::isLevelAtMost@5 (line 44)
                      ; - org.gradle.internal.logging.slf4j.BuildOperationAwareLogger::isDebugEnabled@4 (line 51)
                      ; - org.gradle.internal.logging.slf4j.OutputEventListenerBackedLogger::isDebugEnabled@1 (line 25)
                      ; - org.gradle.internal.logging.slf4j.BuildOperationAwareLogger::debug@1 (line 166)
                      ; - org.gradle.internal.logging.slf4j.OutputEventListenerBackedLogger::debug@3 (line 25)
                      ; - org.gradle.internal.operations.DefaultBuildOperationRunner$BuildOperationTrackingListener::stop@23 (line 240)
  0x000001ee435d57d0: 2c11 cdfe | baf6 ffff 

  0x000001ee435d57d8: ;   {runtime_call UncommonTrapBlob}
  0x000001ee435d57d8: ff66 90e8 

  0x000001ee435d57dc: ; ImmutableOopMap {}
                      ;*invokevirtual get {reexecute=0 rethrow=0 return_oop=0}
                      ; - org.gradle.internal.operations.BuildOperationState::isRunning@4 (line 37)
                      ; - org.gradle.internal.operations.DefaultBuildOperationRunner::assertParentRunning@5 (line 167)
                      ; - org.gradle.internal.operations.DefaultBuildOperationRunner::access$400@3 (line 24)
                      ; - org.gradle.internal.operations.DefaultBuildOperationRunner$BuildOperationTrackingListener::stop@32 (line 241)
  0x000001ee435d57dc: 2011 cdfe | 488b d0eb | 0348 8bd0 | 4883 c440 

  0x000001ee435d57ec: ;   {runtime_call _rethrow_Java}
  0x000001ee435d57ec: 5de9 0ebf 

  0x000001ee435d57f0: ;   {internal_word}
  0x000001ee435d57f0: d7fe 49ba | 0157 5d43 | ee01 0000 | 4d89 9768 

  0x000001ee435d5800: ;   {runtime_call SafepointBlob}
  0x000001ee435d5800: 0300 00e9 | f821 cdfe | f4f4 f4f4 | f4f4 f4f4 | f4f4 f4f4 | f4f4 f4f4 | f4f4 f4f4 | f4f4 f4f4 
[Stub Code]
  0x000001ee435d5820: ;   {no_reloc}
  0x000001ee435d5820: 48bb 1892 | 6053 ee01 

  0x000001ee435d5828: ;   {runtime_call I2C/C2I adapters}
  0x000001ee435d5828: 0000 e9b1 

  0x000001ee435d582c: ;   {static_stub}
  0x000001ee435d582c: 35ca fe48 | bb00 0000 | 0000 0000 

  0x000001ee435d5838: ;   {runtime_call}
  0x000001ee435d5838: 00e9 fbff 

  0x000001ee435d583c: ;   {runtime_call ExceptionBlob}
  0x000001ee435d583c: ffff e9bd | 26ce fee8 | 0000 0000 | 4883 2c24 

  0x000001ee435d584c: ;   {runtime_call DeoptimizationBlob}
  0x000001ee435d584c: 05e9 4e14 | cdfe f4f4 | f4f4 f4f4 
[/MachCode]


Compiled method (c1) 4187296 39107   !   3       org.gradle.internal.operations.DefaultBuildOperationRunner$2::execute (110 bytes)
 total in heap  [0x000001ee3b2a5710,0x000001ee3b2a6588] = 3704
 relocation     [0x000001ee3b2a5868,0x000001ee3b2a5928] = 192
 main code      [0x000001ee3b2a5940,0x000001ee3b2a60c0] = 1920
 stub code      [0x000001ee3b2a60c0,0x000001ee3b2a6158] = 152
 oops           [0x000001ee3b2a6158,0x000001ee3b2a6160] = 8
 metadata       [0x000001ee3b2a6160,0x000001ee3b2a61a0] = 64
 scopes data    [0x000001ee3b2a61a0,0x000001ee3b2a6308] = 360
 scopes pcs     [0x000001ee3b2a6308,0x000001ee3b2a6428] = 288
 dependencies   [0x000001ee3b2a6428,0x000001ee3b2a6438] = 16
 handler table  [0x000001ee3b2a6438,0x000001ee3b2a6558] = 288
 nul chk table  [0x000001ee3b2a6558,0x000001ee3b2a6588] = 48

[Constant Pool (empty)]

[MachCode]
[Entry Point]
  # {method} {0x000001ee53605c08} 'execute' '(Lorg/gradle/internal/operations/BuildOperationDescriptor;Lorg/gradle/internal/operations/BuildOperationState;Lorg/gradle/internal/operations/BuildOperationState;Lorg/gradle/internal/operations/DefaultBuildOperationRunner$ReadableBuildOperationContext;Lorg/gradle/internal/operations/DefaultBuildOperationRunner$BuildOperationExecutionListener;)Lorg/gradle/internal/operations/BuildOperation;' in 'org/gradle/internal/operations/DefaultBuildOperationRunner$2'
  # this:     rdx:rdx   = 'org/gradle/internal/operations/DefaultBuildOperationRunner$2'
  # parm0:    r8:r8     = 'org/gradle/internal/operations/BuildOperationDescriptor'
  # parm1:    r9:r9     = 'org/gradle/internal/operations/BuildOperationState'
  # parm2:    rdi:rdi   = 'org/gradle/internal/operations/BuildOperationState'
  # parm3:    rsi:rsi   = 'org/gradle/internal/operations/DefaultBuildOperationRunner$ReadableBuildOperationContext'
  # parm4:    rcx:rcx   = 'org/gradle/internal/operations/DefaultBuildOperationRunner$BuildOperationExecutionListener'
  #           [sp+0xb0]  (sp of caller)
  0x000001ee3b2a5940: 448b 5208 | 49c1 e203 

  0x000001ee3b2a5948: ;   {runtime_call ic_miss_stub}
  0x000001ee3b2a5948: 4c3b d00f | 852f b7ff | 0666 6666 | 0f1f 8400 | 0000 0000 | 6666 6690 
[Verified Entry Point]
  0x000001ee3b2a5960: 8984 2400 | 90ff ff55 | 4881 eca0 | 0000 0048 | 8954 2448 

  0x000001ee3b2a5974: ;   {metadata(method data for {method} {0x000001ee53605c08} 'execute' '(Lorg/gradle/internal/operations/BuildOperationDescriptor;Lorg/gradle/internal/operations/BuildOperationState;Lorg/gradle/internal/operations/BuildOperationState;Lorg/gradle/internal/operations/DefaultBuildOperationRunner$ReadableBuildOperationContext;Lorg/gradle/internal/operations/DefaultBuildOperationRunner$BuildOperationExecutionListener;)Lorg/gradle/internal/operations/BuildOperation;' in 'org/gradle/internal/operations/DefaultBuildOperationRunner$2')}
  0x000001ee3b2a5974: 48bb 4842 | 0655 ee01 | 0000 8b83 | cc00 0000 | 83c0 0289 | 83cc 0000 | 0081 e0fe | 0700 0083 
  0x000001ee3b2a5994: f800 0f84 | 1506 0000 | 4889 7424 | 5048 897c | 2470 483b | 0148 8bd9 

  0x000001ee3b2a59ac: ;   {metadata(method data for {method} {0x000001ee53605c08} 'execute' '(Lorg/gradle/internal/operations/BuildOperationDescriptor;Lorg/gradle/internal/operations/BuildOperationState;Lorg/gradle/internal/operations/BuildOperationState;Lorg/gradle/internal/operations/DefaultBuildOperationRunner$ReadableBuildOperationContext;Lorg/gradle/internal/operations/DefaultBuildOperationRunner$BuildOperationExecutionListener;)Lorg/gradle/internal/operations/BuildOperation;' in 'org/gradle/internal/operations/DefaultBuildOperationRunner$2')}
  0x000001ee3b2a59ac: 48b8 4842 | 0655 ee01 | 0000 8b5b | 0848 c1e3 | 0348 3b98 | 2001 0000 | 750d 4883 | 8028 0100 
  0x000001ee3b2a59cc: 0001 e966 | 0000 0048 | 3b98 3001 | 0000 750d | 4883 8038 | 0100 0001 | e950 0000 | 0048 81b8 
  0x000001ee3b2a59ec: 2001 0000 | 0000 0000 | 7517 4889 | 9820 0100 | 0048 c780 | 2801 0000 | 0100 0000 | e92c 0000 
  0x000001ee3b2a5a0c: 0048 81b8 | 3001 0000 | 0000 0000 | 7517 4889 | 9830 0100 | 0048 c780 | 3801 0000 | 0100 0000 
  0x000001ee3b2a5a2c: e908 0000 | 0048 8380 | 1001 0000 | 0149 8bd8 | 4c8b c349 | 8bc1 4c8b | c848 8bd1 | 4889 4424 
  0x000001ee3b2a5a4c: 6848 895c | 2460 4889 | 4c24 5866 | 0f1f 4400 | 0048 b840 | 5b36 0001 

  0x000001ee3b2a5a64: ;   {virtual_call}
  0x000001ee3b2a5a64: 0000 00e8 

  0x000001ee3b2a5a68: ; ImmutableOopMap {[72]=Oop [104]=Oop [96]=Oop [112]=Oop [80]=Oop [88]=Oop }
                      ;*invokeinterface start {reexecute=0 rethrow=0 return_oop=0}
                      ; - org.gradle.internal.operations.DefaultBuildOperationRunner$2::execute@4 (line 63)
  0x000001ee3b2a5a68: 7454 e207 | 488b 5424 | 488b 720c | 448b 4210 

  0x000001ee3b2a5a78: ; implicit exception: dispatches to 0x000001ee3b2a5fd7
  0x000001ee3b2a5a78: 483b 064c 

  0x000001ee3b2a5a7c: ;   {metadata(method data for {method} {0x000001ee53605c08} 'execute' '(Lorg/gradle/internal/operations/BuildOperationDescriptor;Lorg/gradle/internal/operations/BuildOperationState;Lorg/gradle/internal/operations/BuildOperationState;Lorg/gradle/internal/operations/DefaultBuildOperationRunner$ReadableBuildOperationContext;Lorg/gradle/internal/operations/DefaultBuildOperationRunner$BuildOperationExecutionListener;)Lorg/gradle/internal/operations/BuildOperation;' in 'org/gradle/internal/operations/DefaultBuildOperationRunner$2')}
  0x000001ee3b2a5a7c: 8bce 48bf | 4842 0655 | ee01 0000 | 458b 4908 | 49c1 e103 | 4c3b 8f58 | 0100 0075 | 0d48 8387 
  0x000001ee3b2a5a9c: 6001 0000 | 01e9 6600 | 0000 4c3b | 8f68 0100 | 0075 0d48 | 8387 7001 | 0000 01e9 | 5000 0000 
  0x000001ee3b2a5abc: 4881 bf58 | 0100 0000 | 0000 0075 | 174c 898f | 5801 0000 | 48c7 8760 | 0100 0001 | 0000 00e9 
  0x000001ee3b2a5adc: 2c00 0000 | 4881 bf68 | 0100 0000 | 0000 0075 | 174c 898f | 6801 0000 | 48c7 8770 | 0100 0001 
  0x000001ee3b2a5afc: 0000 00e9 | 0800 0000 | 4883 8748 | 0100 0001 | 4c8b 4c24 | 5048 8bd6 | 9048 b850 | d70e 59ee 
  0x000001ee3b2a5b1c: ;   {virtual_call}
  0x000001ee3b2a5b1c: 0100 00e8 

  0x000001ee3b2a5b20: ; ImmutableOopMap {[104]=Oop [96]=Oop [112]=Oop [80]=Oop [88]=Oop [72]=Oop }
                      ;*invokeinterface execute {reexecute=0 rethrow=0 return_oop=0}
                      ; - org.gradle.internal.operations.DefaultBuildOperationRunner$2::execute@22 (line 66)
  0x000001ee3b2a5b20: 3c79 0a07 

  0x000001ee3b2a5b24: ;   {metadata(method data for {method} {0x000001ee53605c08} 'execute' '(Lorg/gradle/internal/operations/BuildOperationDescriptor;Lorg/gradle/internal/operations/BuildOperationState;Lorg/gradle/internal/operations/BuildOperationState;Lorg/gradle/internal/operations/DefaultBuildOperationRunner$ReadableBuildOperationContext;Lorg/gradle/internal/operations/DefaultBuildOperationRunner$BuildOperationExecutionListener;)Lorg/gradle/internal/operations/BuildOperation;' in 'org/gradle/internal/operations/DefaultBuildOperationRunner$2')}
  0x000001ee3b2a5b24: 48b8 4842 | 0655 ee01 | 0000 ff80 | 8001 0000 

  0x000001ee3b2a5b34: ;   {oop(NULL)}
  0x000001ee3b2a5b34: 48bb 0000 | 0000 0000 | 0000 4889 | 5c24 7848 | 8b74 2450 | e934 0100 | 0049 8b87 | e003 0000 
  0x000001ee3b2a5b54: 4d33 d24d | 8997 e003 | 0000 4d33 | d24d 8997 | e803 0000 | 4883 fe00 | 0f84 2000 

  0x000001ee3b2a5b70: ;   {metadata('org/gradle/internal/operations/DefaultBuildOperationRunner$DefaultBuildOperationContext')}
  0x000001ee3b2a5b70: 0000 48ba | 6060 3600 | 0100 0000 | 8b7e 0848 | c1e7 0348 | 3b57 380f | 854f 0400 | 00e9 0000 
  0x000001ee3b2a5b90: 0000 4c8b | c648 3b06 

  0x000001ee3b2a5b98: ;   {metadata(method data for {method} {0x000001ee53605c08} 'execute' '(Lorg/gradle/internal/operations/BuildOperationDescriptor;Lorg/gradle/internal/operations/BuildOperationState;Lorg/gradle/internal/operations/BuildOperationState;Lorg/gradle/internal/operations/DefaultBuildOperationRunner$ReadableBuildOperationContext;Lorg/gradle/internal/operations/DefaultBuildOperationRunner$BuildOperationExecutionListener;)Lorg/gradle/internal/operations/BuildOperation;' in 'org/gradle/internal/operations/DefaultBuildOperationRunner$2')}
  0x000001ee3b2a5b98: 4c8b c649 | b948 4206 | 55ee 0100 

  0x000001ee3b2a5ba4: ;   {metadata('org/gradle/internal/operations/DefaultBuildOperationRunner$DefaultBuildOperationContext')}
  0x000001ee3b2a5ba4: 0049 ba60 | 6036 0001 | 0000 004d | 8991 a801 | 0000 4983 | 81b0 0100 | 0001 448b | 4614 4983 
  0x000001ee3b2a5bc4: ;   {metadata(method data for {method} {0x000001ee53605c08} 'execute' '(Lorg/gradle/internal/operations/BuildOperationDescriptor;Lorg/gradle/internal/operations/BuildOperationState;Lorg/gradle/internal/operations/BuildOperationState;Lorg/gradle/internal/operations/DefaultBuildOperationRunner$ReadableBuildOperationContext;Lorg/gradle/internal/operations/DefaultBuildOperationRunner$BuildOperationExecutionListener;)Lorg/gradle/internal/operations/BuildOperation;' in 'org/gradle/internal/operations/DefaultBuildOperationRunner$2')}
  0x000001ee3b2a5bc4: f800 49b8 | 4842 0655 | ee01 0000 | 49b9 d001 | 0000 0000 | 0000 0f85 | 0a00 0000 | 49b9 e001 
  0x000001ee3b2a5be4: 0000 0000 | 0000 4b8b | 3c08 488d | 7f01 4b89 | 3c08 0f85 | 7d00 0000 | 4883 fe00 | 0f84 2000 
  0x000001ee3b2a5c04: ;   {metadata('org/gradle/internal/operations/DefaultBuildOperationRunner$DefaultBuildOperationContext')}
  0x000001ee3b2a5c04: 0000 48ba | 6060 3600 | 0100 0000 | 8b7e 0848 | c1e7 0348 | 3b57 380f | 85c5 0300 | 00e9 0000 
  0x000001ee3b2a5c24: 0000 4c8b | c64c 8bc6 

  0x000001ee3b2a5c2c: ;   {metadata(method data for {method} {0x000001ee53605c08} 'execute' '(Lorg/gradle/internal/operations/BuildOperationDescriptor;Lorg/gradle/internal/operations/BuildOperationState;Lorg/gradle/internal/operations/BuildOperationState;Lorg/gradle/internal/operations/DefaultBuildOperationRunner$ReadableBuildOperationContext;Lorg/gradle/internal/operations/DefaultBuildOperationRunner$BuildOperationExecutionListener;)Lorg/gradle/internal/operations/BuildOperation;' in 'org/gradle/internal/operations/DefaultBuildOperationRunner$2')}
  0x000001ee3b2a5c2c: 49b9 4842 | 0655 ee01 

  0x000001ee3b2a5c34: ;   {metadata('org/gradle/internal/operations/DefaultBuildOperationRunner$DefaultBuildOperationContext')}
  0x000001ee3b2a5c34: 0000 49ba | 6060 3600 | 0100 0000 | 4d89 9100 | 0200 0049 | 8381 0802 | 0000 0145 | 0fbe 4738 
  0x000001ee3b2a5c54: 4183 f800 | 0f85 8d03 | 0000 4c8b | d044 8956 | 144c 8bc6 | 4c33 c049 | c1e8 1449 | 83f8 000f 
  0x000001ee3b2a5c74: 858e 0300 | 0048 8bd8 | 4889 5c24 | 7848 8b7c | 2470 488b 

  0x000001ee3b2a5c88: ;   {metadata(method data for {method} {0x000001ee53605c08} 'execute' '(Lorg/gradle/internal/operations/BuildOperationDescriptor;Lorg/gradle/internal/operations/BuildOperationState;Lorg/gradle/internal/operations/BuildOperationState;Lorg/gradle/internal/operations/DefaultBuildOperationRunner$ReadableBuildOperationContext;Lorg/gradle/internal/operations/DefaultBuildOperationRunner$BuildOperationExecutionListener;)Lorg/gradle/internal/operations/BuildOperation;' in 'org/gradle/internal/operations/DefaultBuildOperationRunner$2')}
  0x000001ee3b2a5c88: 4c24 5849 | b848 4206 | 55ee 0100 | 008b 4908 | 48c1 e103 | 493b 8838 | 0200 0075 | 0d49 8380 
  0x000001ee3b2a5ca8: 4002 0000 | 01e9 6600 | 0000 493b | 8848 0200 | 0075 0d49 | 8380 5002 | 0000 01e9 | 5000 0000 
  0x000001ee3b2a5cc8: 4981 b838 | 0200 0000 | 0000 0075 | 1749 8988 | 3802 0000 | 49c7 8040 | 0200 0001 | 0000 00e9 
  0x000001ee3b2a5ce8: 2c00 0000 | 4981 b848 | 0200 0000 | 0000 0075 | 1749 8988 | 4802 0000 | 49c7 8050 | 0200 0001 
  0x000001ee3b2a5d08: 0000 00e9 | 0800 0000 | 4983 8028 | 0200 0001 | 4c8b 4424 | 604c 8b4c | 2468 488b | 5424 5866 
  0x000001ee3b2a5d28: 0f1f 4400 | 0048 b840 | 5b36 0001 

  0x000001ee3b2a5d34: ;   {virtual_call}
  0x000001ee3b2a5d34: 0000 00e8 

  0x000001ee3b2a5d38: ; ImmutableOopMap {[104]=Oop [96]=Oop [88]=Oop [72]=Oop [120]=Oop }
                      ;*invokeinterface stop {reexecute=0 rethrow=0 return_oop=0}
                      ; - org.gradle.internal.operations.DefaultBuildOperationRunner$2::execute@62 (line 73)
  0x000001ee3b2a5d38: 04f9 3208 | 488b 5c24 | 7848 83fb 

  0x000001ee3b2a5d44: ;   {metadata(method data for {method} {0x000001ee53605c08} 'execute' '(Lorg/gradle/internal/operations/BuildOperationDescriptor;Lorg/gradle/internal/operations/BuildOperationState;Lorg/gradle/internal/operations/BuildOperationState;Lorg/gradle/internal/operations/DefaultBuildOperationRunner$ReadableBuildOperationContext;Lorg/gradle/internal/operations/DefaultBuildOperationRunner$BuildOperationExecutionListener;)Lorg/gradle/internal/operations/BuildOperation;' in 'org/gradle/internal/operations/DefaultBuildOperationRunner$2')}
  0x000001ee3b2a5d44: 0049 b848 | 4206 55ee | 0100 0049 | b970 0200 | 0000 0000 | 000f 850a | 0000 0049 | b960 0200 
  0x000001ee3b2a5d64: 0000 0000 | 004b 8b14 | 0848 8d52 | 014b 8914 | 080f 85df | 0000 0048 | 8b54 2448 | 8b72 1048 
  0x000001ee3b2a5d84: 89b4 2480 | 0000 0048 | 8b4c 2458 

  0x000001ee3b2a5d90: ;   {metadata(method data for {method} {0x000001ee53605c08} 'execute' '(Lorg/gradle/internal/operations/BuildOperationDescriptor;Lorg/gradle/internal/operations/BuildOperationState;Lorg/gradle/internal/operations/BuildOperationState;Lorg/gradle/internal/operations/DefaultBuildOperationRunner$ReadableBuildOperationContext;Lorg/gradle/internal/operations/DefaultBuildOperationRunner$BuildOperationExecutionListener;)Lorg/gradle/internal/operations/BuildOperation;' in 'org/gradle/internal/operations/DefaultBuildOperationRunner$2')}
  0x000001ee3b2a5d90: 49b8 4842 | 0655 ee01 | 0000 8b49 | 0848 c1e1 | 0349 3b88 | a002 0000 | 750d 4983 | 80a8 0200 
  0x000001ee3b2a5db0: 0001 e966 | 0000 0049 | 3b88 b002 | 0000 750d | 4983 80b8 | 0200 0001 | e950 0000 | 0049 81b8 
  0x000001ee3b2a5dd0: a002 0000 | 0000 0000 | 7517 4989 | 88a0 0200 | 0049 c780 | a802 0000 | 0100 0000 | e92c 0000 
  0x000001ee3b2a5df0: 0049 81b8 | b002 0000 | 0000 0000 | 7517 4989 | 88b0 0200 | 0049 c780 | b802 0000 | 0100 0000 
  0x000001ee3b2a5e10: e908 0000 | 0049 8380 | 9002 0000 | 014c 8b44 | 2460 4c8b | 4c24 6848 | 8b54 2458 | 9048 b840 
  0x000001ee3b2a5e30: 5b36 0001 

  0x000001ee3b2a5e34: ;   {virtual_call}
  0x000001ee3b2a5e34: 0000 00e8 

  0x000001ee3b2a5e38: ; ImmutableOopMap {[128]=Oop }
                      ;*invokeinterface close {reexecute=0 rethrow=0 return_oop=0}
                      ; - org.gradle.internal.operations.DefaultBuildOperationRunner$2::execute@88 (line 79)
  0x000001ee3b2a5e38: a4df 8808 | 488b 8424 | 8000 0000 | 4881 c4a0 | 0000 005d 

  0x000001ee3b2a5e4c: ;   {poll_return}
  0x000001ee3b2a5e4c: 493b a750 | 0300 000f | 87c6 0100 

  0x000001ee3b2a5e58: ;   {metadata(method data for {method} {0x000001ee53605c08} 'execute' '(Lorg/gradle/internal/operations/BuildOperationDescriptor;Lorg/gradle/internal/operations/BuildOperationState;Lorg/gradle/internal/operations/BuildOperationState;Lorg/gradle/internal/operations/DefaultBuildOperationRunner$ReadableBuildOperationContext;Lorg/gradle/internal/operations/DefaultBuildOperationRunner$BuildOperationExecutionListener;)Lorg/gradle/internal/operations/BuildOperation;' in 'org/gradle/internal/operations/DefaultBuildOperationRunner$2')}
  0x000001ee3b2a5e58: 00c3 48ba | 4842 0655 | ee01 0000 | 4883 8280 | 0200 0001 

  0x000001ee3b2a5e6c: ;   {metadata(method data for {method} {0x000001ee53587ae0} 'access$100' '(Ljava/lang/Throwable;)Ljava/lang/RuntimeException;' in 'org/gradle/internal/operations/DefaultBuildOperationRunner')}
  0x000001ee3b2a5e6c: 48ba b045 | 0655 ee01 | 0000 8bb2 | cc00 0000 | 83c6 0289 | b2cc 0000 | 0081 e6fe | ff1f 0083 
  0x000001ee3b2a5e8c: fe00 0f84 | a101 0000 

  0x000001ee3b2a5e94: ;   {metadata(method data for {method} {0x000001ee53587ae0} 'access$100' '(Ljava/lang/Throwable;)Ljava/lang/RuntimeException;' in 'org/gradle/internal/operations/DefaultBuildOperationRunner')}
  0x000001ee3b2a5e94: 48ba b045 | 0655 ee01 | 0000 4883 | 8210 0100 | 0001 488b | d366 0f1f 

  0x000001ee3b2a5eac: ;   {static_call}
  0x000001ee3b2a5eac: 4400 00e8 

  0x000001ee3b2a5eb0: ; ImmutableOopMap {[104]=Oop [96]=Oop [88]=Oop }
                      ;*invokestatic throwAsBuildOperationInvocationException {reexecute=0 rethrow=0 return_oop=0}
                      ; - org.gradle.internal.operations.DefaultBuildOperationRunner::access$100@1 (line 24)
                      ; - org.gradle.internal.operations.DefaultBuildOperationRunner$2::execute@74 (line 75)
  0x000001ee3b2a5eb0: ccba ff06 

  0x000001ee3b2a5eb4: ; implicit exception: dispatches to 0x000001ee3b2a6056
                      ; ImmutableOopMap {[104]=Oop [96]=Oop [88]=Oop rax=Oop }
                      ;*athrow {reexecute=1 rethrow=0 return_oop=0}
                      ; - (reexecute) org.gradle.internal.operations.DefaultBuildOperationRunner$2::execute@77 (line 75)
                      ;   {section_word}
  0x000001ee3b2a5eb4: 483b 0048 | bab7 5e2a | 3bee 0100 

  0x000001ee3b2a5ec0: ;   {runtime_call handle_exception_nofpu Runtime1 stub}
  0x000001ee3b2a5ec0: 00e8 ba11 | 0a07 9049 | 8b87 e003 | 0000 4d33 | d24d 8997 | e003 0000 | 4d33 d24d | 8997 e803 
  0x000001ee3b2a5ee0: 0000 4889 | 8424 8800 | 0000 488b | 4c24 584c | 8b4c 2468 | 4c8b 4424 | 6048 3b01 

  0x000001ee3b2a5efc: ;   {metadata(method data for {method} {0x000001ee53605c08} 'execute' '(Lorg/gradle/internal/operations/BuildOperationDescriptor;Lorg/gradle/internal/operations/BuildOperationState;Lorg/gradle/internal/operations/BuildOperationState;Lorg/gradle/internal/operations/DefaultBuildOperationRunner$ReadableBuildOperationContext;Lorg/gradle/internal/operations/DefaultBuildOperationRunner$BuildOperationExecutionListener;)Lorg/gradle/internal/operations/BuildOperation;' in 'org/gradle/internal/operations/DefaultBuildOperationRunner$2')}
  0x000001ee3b2a5efc: 488b d148 | be48 4206 | 55ee 0100 | 008b 5208 | 48c1 e203 | 483b 96d8 | 0200 0075 | 0d48 8386 
  0x000001ee3b2a5f1c: e002 0000 | 01e9 6600 | 0000 483b | 96e8 0200 | 0075 0d48 | 8386 f002 | 0000 01e9 | 5000 0000 
  0x000001ee3b2a5f3c: 4881 bed8 | 0200 0000 | 0000 0075 | 1748 8996 | d802 0000 | 48c7 86e0 | 0200 0001 | 0000 00e9 
  0x000001ee3b2a5f5c: 2c00 0000 | 4881 bee8 | 0200 0000 | 0000 0075 | 1748 8996 | e802 0000 | 48c7 86f0 | 0200 0001 
  0x000001ee3b2a5f7c: 0000 00e9 | 0800 0000 | 4883 86c8 | 0200 0001 | 488b d166 | 0f1f 4400 | 0048 b8ff | ffff ffff 
  0x000001ee3b2a5f9c: ;   {virtual_call}
  0x000001ee3b2a5f9c: ffff ffe8 

  0x000001ee3b2a5fa0: ; ImmutableOopMap {[136]=Oop }
                      ;*invokeinterface close {reexecute=0 rethrow=0 return_oop=0}
                      ; - org.gradle.internal.operations.DefaultBuildOperationRunner$2::execute@102 (line 79)
  0x000001ee3b2a5fa0: dcb6 ff06 | 488b 8424 | 8800 0000 | e9f6 0000 

  0x000001ee3b2a5fb0: ;   {metadata({method} {0x000001ee53605c08} 'execute' '(Lorg/gradle/internal/operations/BuildOperationDescriptor;Lorg/gradle/internal/operations/BuildOperationState;Lorg/gradle/internal/operations/BuildOperationState;Lorg/gradle/internal/operations/DefaultBuildOperationRunner$ReadableBuildOperationContext;Lorg/gradle/internal/operations/DefaultBuildOperationRunner$BuildOperationExecutionListener;)Lorg/gradle/internal/operations/BuildOperation;' in 'org/gradle/internal/operations/DefaultBuildOperationRunner$2')}
  0x000001ee3b2a5fb0: 0049 ba00 | 5c60 53ee | 0100 004c | 8954 2408 | 48c7 0424 | ffff ffff 

  0x000001ee3b2a5fc8: ;   {runtime_call counter_overflow Runtime1 stub}
  0x000001ee3b2a5fc8: e8b3 490a 

  0x000001ee3b2a5fcc: ; ImmutableOopMap {rdx=Oop [72]=Oop r8=Oop r9=Oop rdi=Oop rsi=Oop rcx=Oop }
                      ;*synchronization entry
                      ; - org.gradle.internal.operations.DefaultBuildOperationRunner$2::execute@-1 (line 63)
  0x000001ee3b2a5fcc: 07e9 caf9 

  0x000001ee3b2a5fd0: ;   {runtime_call throw_null_pointer_exception Runtime1 stub}
  0x000001ee3b2a5fd0: ffff e8c9 

  0x000001ee3b2a5fd4: ; ImmutableOopMap {r8=Oop r9=Oop rcx=Oop [72]=Oop [80]=Oop [112]=Oop }
                      ;*invokeinterface start {reexecute=0 rethrow=0 return_oop=0}
                      ; - org.gradle.internal.operations.DefaultBuildOperationRunner$2::execute@4 (line 63)
                      ;   {runtime_call throw_null_pointer_exception Runtime1 stub}
  0x000001ee3b2a5fd4: f809 07e8 

  0x000001ee3b2a5fd8: ; ImmutableOopMap {[104]=Oop [96]=Oop [112]=Oop [80]=Oop [88]=Oop rdx=Oop [72]=Oop rsi=Oop r8=Oop }
                      ;*invokeinterface execute {reexecute=0 rethrow=0 return_oop=0}
                      ; - org.gradle.internal.operations.DefaultBuildOperationRunner$2::execute@22 (line 66)
  0x000001ee3b2a5fd8: c4f8 0907 

  0x000001ee3b2a5fdc: ;   {runtime_call throw_incompatible_class_change_error Runtime1 stub}
  0x000001ee3b2a5fdc: e8bf 1f0a 

  0x000001ee3b2a5fe0: ; ImmutableOopMap {[104]=Oop [96]=Oop [112]=Oop [88]=Oop [72]=Oop rsi=Oop rax=Oop }
                      ;*invokeinterface getFailure {reexecute=0 rethrow=0 return_oop=0}
                      ; - org.gradle.internal.operations.DefaultBuildOperationRunner$2::execute@34 (line 68)
                      ;   {runtime_call throw_null_pointer_exception Runtime1 stub}
  0x000001ee3b2a5fe0: 07e8 baf8 

  0x000001ee3b2a5fe4: ; ImmutableOopMap {[104]=Oop [96]=Oop [112]=Oop [88]=Oop [72]=Oop rsi=Oop rax=Oop }
                      ;*invokeinterface getFailure {reexecute=0 rethrow=0 return_oop=0}
                      ; - org.gradle.internal.operations.DefaultBuildOperationRunner$2::execute@34 (line 68)
                      ;   {runtime_call throw_incompatible_class_change_error Runtime1 stub}
  0x000001ee3b2a5fe4: 0907 e8b5 

  0x000001ee3b2a5fe8: ; ImmutableOopMap {[104]=Oop [96]=Oop [112]=Oop [88]=Oop [72]=Oop rsi=Oop rax=Oop }
                      ;*invokeinterface failed {reexecute=0 rethrow=0 return_oop=0}
                      ; - org.gradle.internal.operations.DefaultBuildOperationRunner$2::execute@46 (line 69)
  0x000001ee3b2a5fe8: 1f0a 0744 | 8b46 1449 | 83f8 000f | 8465 fcff | ff4c 8904 

  0x000001ee3b2a5ffc: ;   {runtime_call g1_pre_barrier_slow}
  0x000001ee3b2a5ffc: 24e8 7e4f | 0a07 e957 | fcff ff48 | 83f8 000f | 8468 fcff | ff48 8934 

  0x000001ee3b2a6014: ;   {runtime_call g1_post_barrier_slow}
  0x000001ee3b2a6014: 24e8 6652 | 0a07 e95a 

  0x000001ee3b2a601c: ;   {internal_word}
  0x000001ee3b2a601c: fcff ff49 | ba4c 5e2a | 3bee 0100 | 004d 8997 | 6803 0000 

  0x000001ee3b2a6030: ;   {runtime_call SafepointBlob}
  0x000001ee3b2a6030: e9cb 1900 

  0x000001ee3b2a6034: ;   {metadata({method} {0x000001ee53587ae0} 'access$100' '(Ljava/lang/Throwable;)Ljava/lang/RuntimeException;' in 'org/gradle/internal/operations/DefaultBuildOperationRunner')}
  0x000001ee3b2a6034: 0749 bad8 | 7a58 53ee | 0100 004c | 8954 2408 | 48c7 0424 | ffff ffff 

  0x000001ee3b2a604c: ;   {runtime_call counter_overflow Runtime1 stub}
  0x000001ee3b2a604c: e82f 490a 

  0x000001ee3b2a6050: ; ImmutableOopMap {rbx=Oop [104]=Oop [96]=Oop [88]=Oop }
                      ;*synchronization entry
                      ; - org.gradle.internal.operations.DefaultBuildOperationRunner::access$100@-1 (line 24)
                      ; - org.gradle.internal.operations.DefaultBuildOperationRunner$2::execute@74 (line 75)
  0x000001ee3b2a6050: 07e9 3efe 

  0x000001ee3b2a6054: ;   {runtime_call throw_null_pointer_exception Runtime1 stub}
  0x000001ee3b2a6054: ffff e845 

  0x000001ee3b2a6058: ; ImmutableOopMap {[104]=Oop [96]=Oop [88]=Oop rax=Oop }
                      ;*athrow {reexecute=1 rethrow=0 return_oop=0}
                      ; - (reexecute) org.gradle.internal.operations.DefaultBuildOperationRunner$2::execute@77 (line 75)
                      ;   {runtime_call throw_null_pointer_exception Runtime1 stub}
  0x000001ee3b2a6058: f809 07e8 

  0x000001ee3b2a605c: ; ImmutableOopMap {[136]=Oop rcx=Oop r9=Oop r8=Oop }
                      ;*invokeinterface close {reexecute=0 rethrow=0 return_oop=0}
                      ; - org.gradle.internal.operations.DefaultBuildOperationRunner$2::execute@102 (line 79)
  0x000001ee3b2a605c: 40f8 0907 | 488b 7424 | 50e9 e3fa | ffff 4889 | 4c24 584c | 894c 2468 | 4c89 4424 | 60e9 49fe 
  0x000001ee3b2a607c: ffff 488b | 7424 50e9 | c5fa ffff | 9090 498b | 87e0 0300 | 0049 c787 | e003 0000 | 0000 0000 
  0x000001ee3b2a609c: 49c7 87e8 | 0300 0000 | 0000 0048 | 81c4 a000 

  0x000001ee3b2a60ac: ;   {runtime_call unwind_exception Runtime1 stub}
  0x000001ee3b2a60ac: 0000 5de9 | 4c18 0107 | f4f4 f4f4 | f4f4 f4f4 | f4f4 f4f4 
[Stub Code]
  0x000001ee3b2a60c0: ;   {no_reloc}
  0x000001ee3b2a60c0: 0f1f 4400 

  0x000001ee3b2a60c4: ;   {static_stub}
  0x000001ee3b2a60c4: 0048 bb00 | 0000 0000 

  0x000001ee3b2a60cc: ;   {runtime_call}
  0x000001ee3b2a60cc: 0000 00e9 | fbff ffff 

  0x000001ee3b2a60d4: ;   {static_stub}
  0x000001ee3b2a60d4: 9048 bb00 | 0000 0000 

  0x000001ee3b2a60dc: ;   {runtime_call}
  0x000001ee3b2a60dc: 0000 00e9 | fbff ffff 

  0x000001ee3b2a60e4: ;   {static_stub}
  0x000001ee3b2a60e4: 9048 bb00 | 0000 0000 

  0x000001ee3b2a60ec: ;   {runtime_call}
  0x000001ee3b2a60ec: 0000 00e9 | fbff ffff 

  0x000001ee3b2a60f4: ;   {static_stub}
  0x000001ee3b2a60f4: 9048 bb00 | 0000 0000 

  0x000001ee3b2a60fc: ;   {runtime_call}
  0x000001ee3b2a60fc: 0000 00e9 | fbff ffff 

  0x000001ee3b2a6104: ;   {static_stub}
  0x000001ee3b2a6104: 9048 bb00 | 0000 0000 

  0x000001ee3b2a610c: ;   {runtime_call}
  0x000001ee3b2a610c: 0000 00e9 | fbff ffff 

  0x000001ee3b2a6114: ;   {static_stub}
  0x000001ee3b2a6114: 9048 bb00 | 0000 0000 

  0x000001ee3b2a611c: ;   {runtime_call}
  0x000001ee3b2a611c: 0000 00e9 | fbff ffff 
[Exception Handler]
  0x000001ee3b2a6124: ;   {runtime_call handle_exception_from_callee Runtime1 stub}
  0x000001ee3b2a6124: e857 150a 

  0x000001ee3b2a6128: ;   {external_word}
  0x000001ee3b2a6128: 0748 b9a0 | 7d61 3cfa | 7f00 0048 

  0x000001ee3b2a6134: ;   {runtime_call}
  0x000001ee3b2a6134: 83e4 f049 | baf0 e429 | 3cfa 7f00 | 0041 ffd2 

  0x000001ee3b2a6144: ;   {section_word}
  0x000001ee3b2a6144: f449 ba45 | 612a 3bee | 0100 0041 

  0x000001ee3b2a6150: ;   {runtime_call DeoptimizationBlob}
  0x000001ee3b2a6150: 52e9 4a0b | 0007 f4f4 
[/MachCode]


---------------  P R O C E S S  ---------------

Threads class SMR info:
_java_thread_list=0x000001ee5bf07ad0, length=90, elements={
0x000001ee3783e420, 0x000001ee56060620, 0x000001ee56061b50, 0x000001ee560761f0,
0x000001ee56078bd0, 0x000001ee560794a0, 0x000001ee56079d70, 0x000001ee5607b110,
0x000001ee5607ba20, 0x000001ee5609abb0, 0x000001ee51ad84d0, 0x000001ee562dc290,
0x000001ee58cea950, 0x000001ee57fda030, 0x000001ee582e4410, 0x000001ee57acbcd0,
0x000001ee57acc1e0, 0x000001ee57acc6f0, 0x000001ee57acd620, 0x000001ee57acdb30,
0x000001ee58519fa0, 0x000001ee5b9d18c0, 0x000001ee584078b0, 0x000001ee584036e0,
0x000001ee58405a50, 0x000001ee58406470, 0x000001ee5bbb34c0, 0x000001ee57acb2b0,
0x000001ee57acd110, 0x000001ee5dd3f750, 0x000001ee5bbad490, 0x000001ee58d2c960,
0x000001ee58d2ecd0, 0x000001ee58405540, 0x000001ee58519580, 0x000001ee5851aed0,
0x000001ee5851a4b0, 0x000001ee5851b3e0, 0x000001ee5851a9c0, 0x000001ee5851b8f0,
0x000001ee5dd378c0, 0x000001ee5dd382e0, 0x000001ee5dd36990, 0x000001ee5dd35550,
0x000001ee5dd3ba90, 0x000001ee56396c40, 0x000001ee5dd3a650, 0x000001ee5dd38d00,
0x000001ee5dd37dd0, 0x000001ee5dd3a140, 0x000001ee5dd39720, 0x000001ee5dd39c30,
0x000001ee5dd35a60, 0x000001ee5dd3ab60, 0x000001ee5dd3b070, 0x000001ee5dd3de00,
0x000001ee5dd3c9c0, 0x000001ee5dd3e820, 0x000001ee5dd3bfa0, 0x000001ee5dd3c4b0,
0x000001ee5dd43e30, 0x000001ee5dd42f00, 0x000001ee5dd3f240, 0x000001ee5dd41ac0,
0x000001ee5dd3fc60, 0x000001ee5dd41fd0, 0x000001ee5dd40170, 0x000001ee5dd424e0,
0x000001ee5dd429f0, 0x000001ee5dd43410, 0x000001ee5dd43920, 0x000001ee5dd44340,
0x000001ee5dd44850, 0x000001ee5bbad9a0, 0x000001ee5bbb0c40, 0x000001ee5bbb1660,
0x000001ee5bbacf80, 0x000001ee5bbb0730, 0x000001ee5bbafd10, 0x000001ee5bbadeb0,
0x000001ee5bbb1b70, 0x000001ee5bbb2080, 0x000001ee5bbaede0, 0x000001ee5bbb0220,
0x000001ee5bbb2fb0, 0x000001ee5bbae3c0, 0x000001ee5bbb2aa0, 0x000001ee5bbae8d0,
0x000001ee5bbabb40, 0x000001ee5bbaf2f0
}

Java Threads: ( => current thread )
  0x000001ee3783e420 JavaThread "main" [_thread_blocked, id=7196, stack(0x0000006c54a00000,0x0000006c54b00000)]
  0x000001ee56060620 JavaThread "Reference Handler" daemon [_thread_blocked, id=10444, stack(0x0000006c55100000,0x0000006c55200000)]
  0x000001ee56061b50 JavaThread "Finalizer" daemon [_thread_blocked, id=14240, stack(0x0000006c55200000,0x0000006c55300000)]
  0x000001ee560761f0 JavaThread "Signal Dispatcher" daemon [_thread_blocked, id=2812, stack(0x0000006c55300000,0x0000006c55400000)]
  0x000001ee56078bd0 JavaThread "Attach Listener" daemon [_thread_blocked, id=4972, stack(0x0000006c55400000,0x0000006c55500000)]
  0x000001ee560794a0 JavaThread "Service Thread" daemon [_thread_blocked, id=12548, stack(0x0000006c55500000,0x0000006c55600000)]
  0x000001ee56079d70 JavaThread "Monitor Deflation Thread" daemon [_thread_blocked, id=10760, stack(0x0000006c55600000,0x0000006c55700000)]
  0x000001ee5607b110 JavaThread "C2 CompilerThread0" daemon [_thread_in_native, id=4724, stack(0x0000006c55700000,0x0000006c55800000)]
  0x000001ee5607ba20 JavaThread "C1 CompilerThread0" daemon [_thread_blocked, id=15348, stack(0x0000006c55800000,0x0000006c55900000)]
  0x000001ee5609abb0 JavaThread "Sweeper thread" daemon [_thread_blocked, id=4024, stack(0x0000006c55900000,0x0000006c55a00000)]
  0x000001ee51ad84d0 JavaThread "Common-Cleaner" daemon [_thread_blocked, id=3020, stack(0x0000006c55a00000,0x0000006c55b00000)]
  0x000001ee562dc290 JavaThread "Notification Thread" daemon [_thread_blocked, id=16664, stack(0x0000006c55b00000,0x0000006c55c00000)]
  0x000001ee58cea950 JavaThread "Daemon health stats" [_thread_blocked, id=1336, stack(0x0000006c56400000,0x0000006c56500000)]
  0x000001ee57fda030 JavaThread "Incoming local TCP Connector on port 52780" [_thread_in_native, id=14232, stack(0x0000006c56500000,0x0000006c56600000)]
  0x000001ee582e4410 JavaThread "Daemon periodic checks" [_thread_blocked, id=7488, stack(0x0000006c56600000,0x0000006c56700000)]
  0x000001ee57acbcd0 JavaThread "Cache worker for journal cache (E:\Android\gradle\caches\journal-1)" [_thread_blocked, id=7480, stack(0x0000006c57400000,0x0000006c57500000)]
  0x000001ee57acc1e0 JavaThread "File lock request listener" [_thread_in_native, id=14700, stack(0x0000006c57500000,0x0000006c57600000)]
  0x000001ee57acc6f0 JavaThread "Cache worker for file hash cache (E:\Android\gradle\caches\8.7\fileHashes)" [_thread_blocked, id=10308, stack(0x0000006c57600000,0x0000006c57700000)]
  0x000001ee57acd620 JavaThread "File watcher server" daemon [_thread_in_native, id=7184, stack(0x0000006c55d00000,0x0000006c55e00000)]
  0x000001ee57acdb30 JavaThread "File watcher consumer" daemon [_thread_blocked, id=5792, stack(0x0000006c55e00000,0x0000006c55f00000)]
  0x000001ee58519fa0 JavaThread "Cache worker for file content cache (E:\Android\gradle\caches\8.7\fileContent)" [_thread_blocked, id=17080, stack(0x0000006c57c00000,0x0000006c57d00000)]
  0x000001ee5b9d18c0 JavaThread "Memory manager" [_thread_blocked, id=13096, stack(0x0000006c59d00000,0x0000006c59e00000)]
  0x000001ee584078b0 JavaThread "RMI Scheduler(0)" daemon [_thread_blocked, id=13700, stack(0x0000006c58800000,0x0000006c58900000)]
  0x000001ee584036e0 JavaThread "RMI GC Daemon" daemon [_thread_blocked, id=11856, stack(0x0000006c61500000,0x0000006c61600000)]
  0x000001ee58405a50 JavaThread "RMI TCP Accept-0" daemon [_thread_in_native, id=13492, stack(0x0000006c61700000,0x0000006c61800000)]
  0x000001ee58406470 JavaThread "RMI Reaper" [_thread_blocked, id=11692, stack(0x0000006c61800000,0x0000006c61900000)]
  0x000001ee5bbb34c0 JavaThread "Cache worker for Java compile cache (E:\Android\gradle\caches\8.7\javaCompile)" [_thread_blocked, id=8736, stack(0x0000006c57900000,0x0000006c57a00000)]
  0x000001ee57acb2b0 JavaThread "Daemon Thread 12" [_thread_blocked, id=16548, stack(0x0000006c54700000,0x0000006c54800000)]
  0x000001ee57acd110 JavaThread "Daemon worker Thread 12" [_thread_blocked, id=5992, stack(0x0000006c56700000,0x0000006c56800000)]
  0x000001ee5dd3f750 JavaThread "included builds" [_thread_blocked, id=11928, stack(0x0000006c58a00000,0x0000006c58b00000)]
  0x000001ee5bbad490 JavaThread "RMI TCP Connection(idle)" daemon [_thread_blocked, id=10448, stack(0x0000006c5a800000,0x0000006c5a900000)]
  0x000001ee58d2c960 JavaThread "RMI TCP Connection(idle)" daemon [_thread_blocked, id=16892, stack(0x0000006c59e00000,0x0000006c59f00000)]
  0x000001ee58d2ecd0 JavaThread "RMI TCP Connection(112)-127.0.0.1" daemon [_thread_in_native, id=4752, stack(0x0000006c5db00000,0x0000006c5dc00000)]
  0x000001ee58405540 JavaThread "RMI TCP Connection(113)-127.0.0.1" daemon [_thread_in_native, id=15716, stack(0x0000006c5ee00000,0x0000006c5ef00000)]
  0x000001ee58519580 JavaThread "RMI TCP Connection(114)-127.0.0.1" daemon [_thread_in_native, id=928, stack(0x0000006c5f300000,0x0000006c5f400000)]
  0x000001ee5851aed0 JavaThread "VFS cleanup Thread 12" [_thread_blocked, id=11100, stack(0x0000006c56800000,0x0000006c56900000)]
  0x000001ee5851a4b0 JavaThread "Handler for socket connection from /127.0.0.1:52780 to /127.0.0.1:54146" [_thread_in_native, id=17068, stack(0x0000006c54800000,0x0000006c54900000)]
  0x000001ee5851b3e0 JavaThread "Cancel handler" [_thread_blocked, id=6464, stack(0x0000006c54900000,0x0000006c54a00000)]
  0x000001ee5851a9c0 JavaThread "Asynchronous log dispatcher for DefaultDaemonConnection: socket connection from /127.0.0.1:52780 to /127.0.0.1:54146" [_thread_blocked, id=15948, stack(0x0000006c56900000,0x0000006c56a00000)]
  0x000001ee5851b8f0 JavaThread "Stdin handler" [_thread_blocked, id=11504, stack(0x0000006c56a00000,0x0000006c56b00000)]
  0x000001ee5dd378c0 JavaThread "Daemon client event forwarder" [_thread_blocked, id=9432, stack(0x0000006c56b00000,0x0000006c56c00000)]
  0x000001ee5dd382e0 JavaThread "Cache worker for file hash cache (E:\Chernyshevskiy_ProfSoft_2024\TogetherApp\.gradle\8.7\fileHashes)" [_thread_blocked, id=3952, stack(0x0000006c56c00000,0x0000006c56d00000)]
  0x000001ee5dd36990 JavaThread "Cache worker for checksums cache (E:\Chernyshevskiy_ProfSoft_2024\TogetherApp\.gradle\8.7\checksums)" [_thread_blocked, id=1952, stack(0x0000006c56d00000,0x0000006c56e00000)]
  0x000001ee5dd35550 JavaThread "Cache worker for cache directory md-supplier (E:\Android\gradle\caches\8.7\md-supplier)" [_thread_blocked, id=13944, stack(0x0000006c57700000,0x0000006c57800000)]
  0x000001ee5dd3ba90 JavaThread "Cache worker for cache directory md-rule (E:\Android\gradle\caches\8.7\md-rule)" [_thread_blocked, id=12104, stack(0x0000006c57800000,0x0000006c57900000)]
  0x000001ee56396c40 JavaThread "C2 CompilerThread1" daemon [_thread_in_native, id=6980, stack(0x0000006c57a00000,0x0000006c57b00000)]
  0x000001ee5dd3a650 JavaThread "Cache worker for Build Output Cleanup Cache (E:\Chernyshevskiy_ProfSoft_2024\TogetherApp\.gradle\buildOutputCleanup)" [_thread_blocked, id=936, stack(0x0000006c57b00000,0x0000006c57c00000)]
  0x000001ee5dd38d00 JavaThread "Unconstrained build operations" [_thread_blocked, id=15080, stack(0x0000006c57d00000,0x0000006c57e00000)]
  0x000001ee5dd37dd0 JavaThread "Unconstrained build operations Thread 2" [_thread_blocked, id=14792, stack(0x0000006c57e00000,0x0000006c57f00000)]
  0x000001ee5dd3a140 JavaThread "Unconstrained build operations Thread 3" [_thread_blocked, id=13768, stack(0x0000006c57f00000,0x0000006c58000000)]
  0x000001ee5dd39720 JavaThread "Unconstrained build operations Thread 4" [_thread_blocked, id=9204, stack(0x0000006c58000000,0x0000006c58100000)]
  0x000001ee5dd39c30 JavaThread "Unconstrained build operations Thread 5" [_thread_blocked, id=10424, stack(0x0000006c58100000,0x0000006c58200000)]
  0x000001ee5dd35a60 JavaThread "Unconstrained build operations Thread 6" [_thread_blocked, id=11260, stack(0x0000006c58200000,0x0000006c58300000)]
  0x000001ee5dd3ab60 JavaThread "Unconstrained build operations Thread 7" [_thread_blocked, id=10040, stack(0x0000006c58300000,0x0000006c58400000)]
  0x000001ee5dd3b070 JavaThread "Unconstrained build operations Thread 8" [_thread_blocked, id=6300, stack(0x0000006c58400000,0x0000006c58500000)]
  0x000001ee5dd3de00 JavaThread "Unconstrained build operations Thread 9" [_thread_blocked, id=9056, stack(0x0000006c58500000,0x0000006c58600000)]
  0x000001ee5dd3c9c0 JavaThread "Unconstrained build operations Thread 10" [_thread_blocked, id=3680, stack(0x0000006c58600000,0x0000006c58700000)]
  0x000001ee5dd3e820 JavaThread "Unconstrained build operations Thread 11" [_thread_blocked, id=16796, stack(0x0000006c58700000,0x0000006c58800000)]
  0x000001ee5dd3bfa0 JavaThread "build event listener" [_thread_blocked, id=9728, stack(0x0000006c58900000,0x0000006c58a00000)]
  0x000001ee5dd3c4b0 JavaThread "build event listener" [_thread_blocked, id=12144, stack(0x0000006c58b00000,0x0000006c58c00000)]
  0x000001ee5dd43e30 JavaThread "included builds" [_thread_blocked, id=1692, stack(0x0000006c58c00000,0x0000006c58d00000)]
  0x000001ee5dd42f00 JavaThread "Execution worker" [_thread_blocked, id=7768, stack(0x0000006c58d00000,0x0000006c58e00000)]
  0x000001ee5dd3f240 JavaThread "Execution worker Thread 2" [_thread_blocked, id=16740, stack(0x0000006c58e00000,0x0000006c58f00000)]
  0x000001ee5dd41ac0 JavaThread "Execution worker Thread 3" [_thread_blocked, id=11744, stack(0x0000006c58f00000,0x0000006c59000000)]
  0x000001ee5dd3fc60 JavaThread "Execution worker Thread 4" [_thread_blocked, id=7456, stack(0x0000006c59000000,0x0000006c59100000)]
  0x000001ee5dd41fd0 JavaThread "Execution worker Thread 5" [_thread_blocked, id=10792, stack(0x0000006c59100000,0x0000006c59200000)]
=>0x000001ee5dd40170 JavaThread "Execution worker Thread 6" [_thread_in_vm, id=15580, stack(0x0000006c59200000,0x0000006c59300000)]
  0x000001ee5dd424e0 JavaThread "Execution worker Thread 7" [_thread_blocked, id=9008, stack(0x0000006c59300000,0x0000006c59400000)]
  0x000001ee5dd429f0 JavaThread "Execution worker Thread 8" [_thread_blocked, id=16280, stack(0x0000006c59400000,0x0000006c59500000)]
  0x000001ee5dd43410 JavaThread "Execution worker Thread 9" [_thread_blocked, id=12176, stack(0x0000006c59c00000,0x0000006c59d00000)]
  0x000001ee5dd43920 JavaThread "Execution worker Thread 10" [_thread_in_Java, id=12456, stack(0x0000006c59f00000,0x0000006c5a000000)]
  0x000001ee5dd44340 JavaThread "Execution worker Thread 11" [_thread_blocked, id=10784, stack(0x0000006c5a000000,0x0000006c5a100000)]
  0x000001ee5dd44850 JavaThread "Cache worker for execution history cache (E:\Chernyshevskiy_ProfSoft_2024\TogetherApp\.gradle\8.7\executionHistory)" [_thread_blocked, id=6400, stack(0x0000006c5a100000,0x0000006c5a200000)]
  0x000001ee5bbad9a0 JavaThread "Unconstrained build operations Thread 12" [_thread_blocked, id=14716, stack(0x0000006c5a200000,0x0000006c5a300000)]
  0x000001ee5bbb0c40 JavaThread "Unconstrained build operations Thread 13" [_thread_blocked, id=16180, stack(0x0000006c5a300000,0x0000006c5a400000)]
  0x000001ee5bbb1660 JavaThread "Unconstrained build operations Thread 14" [_thread_blocked, id=15220, stack(0x0000006c5a400000,0x0000006c5a500000)]
  0x000001ee5bbacf80 JavaThread "Unconstrained build operations Thread 15" [_thread_blocked, id=11920, stack(0x0000006c5a500000,0x0000006c5a600000)]
  0x000001ee5bbb0730 JavaThread "Unconstrained build operations Thread 16" [_thread_blocked, id=15556, stack(0x0000006c5a600000,0x0000006c5a700000)]
  0x000001ee5bbafd10 JavaThread "Unconstrained build operations Thread 17" [_thread_blocked, id=1716, stack(0x0000006c5a700000,0x0000006c5a800000)]
  0x000001ee5bbadeb0 JavaThread "Unconstrained build operations Thread 18" [_thread_blocked, id=10868, stack(0x0000006c5a900000,0x0000006c5aa00000)]
  0x000001ee5bbb1b70 JavaThread "Unconstrained build operations Thread 19" [_thread_blocked, id=11916, stack(0x0000006c5aa00000,0x0000006c5ab00000)]
  0x000001ee5bbb2080 JavaThread "Unconstrained build operations Thread 20" [_thread_blocked, id=2060, stack(0x0000006c5ab00000,0x0000006c5ac00000)]
  0x000001ee5bbaede0 JavaThread "Unconstrained build operations Thread 21" [_thread_blocked, id=14140, stack(0x0000006c5ac00000,0x0000006c5ad00000)]
  0x000001ee5bbb0220 JavaThread "Unconstrained build operations Thread 22" [_thread_blocked, id=11060, stack(0x0000006c5ad00000,0x0000006c5ae00000)]
  0x000001ee5bbb2fb0 JavaThread "Unconstrained build operations Thread 23" [_thread_blocked, id=11048, stack(0x0000006c5ae00000,0x0000006c5af00000)]
  0x000001ee5bbae3c0 JavaThread "Unconstrained build operations Thread 24" [_thread_blocked, id=17188, stack(0x0000006c5af00000,0x0000006c5b000000)]
  0x000001ee5bbb2aa0 JavaThread "Unconstrained build operations Thread 25" [_thread_blocked, id=12464, stack(0x0000006c5b000000,0x0000006c5b100000)]
  0x000001ee5bbae8d0 JavaThread "Unconstrained build operations Thread 26" [_thread_blocked, id=4244, stack(0x0000006c5b100000,0x0000006c5b200000)]
  0x000001ee5bbabb40 JavaThread "Unconstrained build operations Thread 27" [_thread_blocked, id=12880, stack(0x0000006c5b200000,0x0000006c5b300000)]
  0x000001ee5bbaf2f0 JavaThread "Unconstrained build operations Thread 28" [_thread_blocked, id=6716, stack(0x0000006c5b300000,0x0000006c5b400000)]

Other Threads:
  0x000001ee51b0e2b0 VMThread "VM Thread" [stack: 0x0000006c55000000,0x0000006c55100000] [id=2556]
  0x000001ee563627f0 WatcherThread [stack: 0x0000006c55c00000,0x0000006c55d00000] [id=12988]
  0x000001ee3789cb40 GCTaskThread "GC Thread#0" [stack: 0x0000006c54b00000,0x0000006c54c00000] [id=14224]
  0x000001ee57370c40 GCTaskThread "GC Thread#1" [stack: 0x0000006c55f00000,0x0000006c56000000] [id=11604]
  0x000001ee56e3ad00 GCTaskThread "GC Thread#2" [stack: 0x0000006c56000000,0x0000006c56100000] [id=14452]
  0x000001ee56f7c680 GCTaskThread "GC Thread#3" [stack: 0x0000006c56100000,0x0000006c56200000] [id=13460]
  0x000001ee57198a20 GCTaskThread "GC Thread#4" [stack: 0x0000006c56200000,0x0000006c56300000] [id=13128]
  0x000001ee573cb1b0 GCTaskThread "GC Thread#5" [stack: 0x0000006c56300000,0x0000006c56400000] [id=3848]
  0x000001ee573ca130 GCTaskThread "GC Thread#6" [stack: 0x0000006c56e00000,0x0000006c56f00000] [id=15608]
  0x000001ee573c98f0 GCTaskThread "GC Thread#7" [stack: 0x0000006c56f00000,0x0000006c57000000] [id=10716]
  0x000001ee573ca3f0 GCTaskThread "GC Thread#8" [stack: 0x0000006c57000000,0x0000006c57100000] [id=16656]
  0x000001ee573ca970 GCTaskThread "GC Thread#9" [stack: 0x0000006c57100000,0x0000006c57200000] [id=4440]
  0x000001ee378ad9a0 ConcurrentGCThread "G1 Main Marker" [stack: 0x0000006c54c00000,0x0000006c54d00000] [id=15292]
  0x000001ee378af2e0 ConcurrentGCThread "G1 Conc#0" [stack: 0x0000006c54d00000,0x0000006c54e00000] [id=6076]
  0x000001ee573c9bb0 ConcurrentGCThread "G1 Conc#1" [stack: 0x0000006c57200000,0x0000006c57300000] [id=472]
  0x000001ee573ca6b0 ConcurrentGCThread "G1 Conc#2" [stack: 0x0000006c57300000,0x0000006c57400000] [id=8236]
  0x000001ee378fd620 ConcurrentGCThread "G1 Refine#0" [stack: 0x0000006c54e00000,0x0000006c54f00000] [id=4408]
  0x000001ee5747c840 ConcurrentGCThread "G1 Refine#1" [stack: 0x0000006c59500000,0x0000006c59600000] [id=9732]
  0x000001ee5747d9e0 ConcurrentGCThread "G1 Refine#2" [stack: 0x0000006c59600000,0x0000006c59700000] [id=1928]
  0x000001ee5747cb30 ConcurrentGCThread "G1 Refine#3" [stack: 0x0000006c59700000,0x0000006c59800000] [id=5960]
  0x000001ee5747d110 ConcurrentGCThread "G1 Refine#4" [stack: 0x0000006c59800000,0x0000006c59900000] [id=8924]
  0x000001ee5747ce20 ConcurrentGCThread "G1 Refine#5" [stack: 0x0000006c59900000,0x0000006c59a00000] [id=13408]
  0x000001ee5747c260 ConcurrentGCThread "G1 Refine#6" [stack: 0x0000006c59a00000,0x0000006c59b00000] [id=4352]
  0x000001ee5747a500 ConcurrentGCThread "G1 Refine#7" [stack: 0x0000006c59b00000,0x0000006c59c00000] [id=7328]
  0x000001ee378fdf60 ConcurrentGCThread "G1 Service" [stack: 0x0000006c54f00000,0x0000006c55000000] [id=13852]

Threads with active compile tasks:
C2 CompilerThread0  4187315 39276       4       org.gradle.execution.plan.DefaultFinalizedExecutionPlan$$Lambda$1757/0x0000000100ea6cc8::accept (16 bytes)
C2 CompilerThread1  4187315 39270       4       org.gradle.api.internal.artifacts.ivyservice.resolveengine.excludes.factories.Optimizations::optimizeCollection (52 bytes)

VM state: not at safepoint (normal execution)

VM Mutex/Monitor currently owned by a thread: None

Heap address: 0x0000000080000000, size: 2048 MB, Compressed Oops mode: 32-bit

CDS archive(s) not mapped
Compressed class space mapped at: 0x0000000100000000-0x0000000140000000, reserved size: 1073741824
Narrow klass base: 0x0000000000000000, Narrow klass shift: 3, Narrow klass range: 0x140000000

GC Precious Log:
 CPUs: 12 total, 12 available
 Memory: 16315M
 Large Page Support: Disabled
 NUMA Support: Disabled
 Compressed Oops: Enabled (32-bit)
 Heap Region Size: 1M
 Heap Min Capacity: 8M
 Heap Initial Capacity: 256M
 Heap Max Capacity: 2G
 Pre-touch: Disabled
 Parallel Workers: 10
 Concurrent Workers: 3
 Concurrent Refinement Workers: 10
 Periodic GC: Disabled

Heap:
 garbage-first heap   total 375808K, used 222829K [0x0000000080000000, 0x0000000100000000)
  region size 1024K, 90 young (92160K), 7 survivors (7168K)
 Metaspace       used 173195K, committed 175104K, reserved 1245184K
  class space    used 23519K, committed 24448K, reserved 1048576K

Heap Regions: E=young(eden), S=young(survivor), O=old, HS=humongous(starts), HC=humongous(continues), CS=collection set, F=free, OA=open archive, CA=closed archive, TAMS=top-at-mark-start (previous, next)
|   0|0x0000000080000000, 0x0000000080100000, 0x0000000080100000|100%|HS|  |TAMS 0x0000000080100000, 0x0000000080000000| Complete 
|   1|0x0000000080100000, 0x0000000080200000, 0x0000000080200000|100%|HC|  |TAMS 0x0000000080200000, 0x0000000080100000| Complete 
|   2|0x0000000080200000, 0x0000000080300000, 0x0000000080300000|100%|HC|  |TAMS 0x0000000080300000, 0x0000000080200000| Complete 
|   3|0x0000000080300000, 0x0000000080400000, 0x0000000080400000|100%|HC|  |TAMS 0x0000000080400000, 0x0000000080300000| Complete 
|   4|0x0000000080400000, 0x00000000804ffff0, 0x0000000080500000| 99%| O|  |TAMS 0x00000000804ffff0, 0x0000000080400000| Untracked 
|   5|0x0000000080500000, 0x0000000080600000, 0x0000000080600000|100%| O|  |TAMS 0x0000000080600000, 0x0000000080500000| Untracked 
|   6|0x0000000080600000, 0x0000000080700000, 0x0000000080700000|100%| O|  |TAMS 0x0000000080700000, 0x0000000080600000| Untracked 
|   7|0x0000000080700000, 0x00000000807fc2d8, 0x0000000080800000| 98%| O|  |TAMS 0x00000000807fc2d8, 0x0000000080700000| Untracked 
|   8|0x0000000080800000, 0x00000000808fffe0, 0x0000000080900000| 99%| O|  |TAMS 0x00000000808fffe0, 0x0000000080800000| Untracked 
|   9|0x0000000080900000, 0x00000000809ffff8, 0x0000000080a00000| 99%| O|  |TAMS 0x00000000809ffff8, 0x0000000080900000| Untracked 
|  10|0x0000000080a00000, 0x0000000080afffc0, 0x0000000080b00000| 99%| O|  |TAMS 0x0000000080afffc0, 0x0000000080a00000| Untracked 
|  11|0x0000000080b00000, 0x0000000080bfffe8, 0x0000000080c00000| 99%| O|  |TAMS 0x0000000080bfffe8, 0x0000000080b00000| Untracked 
|  12|0x0000000080c00000, 0x0000000080cffee8, 0x0000000080d00000| 99%| O|  |TAMS 0x0000000080cffee8, 0x0000000080c00000| Untracked 
|  13|0x0000000080d00000, 0x0000000080e00000, 0x0000000080e00000|100%| O|  |TAMS 0x0000000080e00000, 0x0000000080d00000| Untracked 
|  14|0x0000000080e00000, 0x0000000080effff8, 0x0000000080f00000| 99%| O|  |TAMS 0x0000000080effff8, 0x0000000080e00000| Untracked 
|  15|0x0000000080f00000, 0x0000000081000000, 0x0000000081000000|100%| O|  |TAMS 0x0000000081000000, 0x0000000080f00000| Untracked 
|  16|0x0000000081000000, 0x00000000810ffff8, 0x0000000081100000| 99%| O|  |TAMS 0x00000000810ffff8, 0x0000000081000000| Untracked 
|  17|0x0000000081100000, 0x00000000811ffff8, 0x0000000081200000| 99%| O|  |TAMS 0x00000000811ffff8, 0x0000000081100000| Untracked 
|  18|0x0000000081200000, 0x0000000081300000, 0x0000000081300000|100%| O|  |TAMS 0x0000000081300000, 0x0000000081200000| Untracked 
|  19|0x0000000081300000, 0x00000000813ffff8, 0x0000000081400000| 99%| O|  |TAMS 0x00000000813ffff8, 0x0000000081300000| Untracked 
|  20|0x0000000081400000, 0x0000000081500000, 0x0000000081500000|100%|HS|  |TAMS 0x0000000081500000, 0x0000000081400000| Complete 
|  21|0x0000000081500000, 0x0000000081600000, 0x0000000081600000|100%| O|  |TAMS 0x0000000081600000, 0x0000000081500000| Untracked 
|  22|0x0000000081600000, 0x00000000816ffff0, 0x0000000081700000| 99%| O|  |TAMS 0x00000000816ffff0, 0x0000000081600000| Untracked 
|  23|0x0000000081700000, 0x00000000817fb038, 0x0000000081800000| 98%| O|  |TAMS 0x00000000817fb038, 0x0000000081700000| Untracked 
|  24|0x0000000081800000, 0x0000000081900000, 0x0000000081900000|100%| O|  |TAMS 0x0000000081900000, 0x0000000081800000| Untracked 
|  25|0x0000000081900000, 0x00000000819ffff0, 0x0000000081a00000| 99%| O|  |TAMS 0x00000000819ffff0, 0x0000000081900000| Untracked 
|  26|0x0000000081a00000, 0x0000000081aff068, 0x0000000081b00000| 99%| O|  |TAMS 0x0000000081aff068, 0x0000000081a00000| Untracked 
|  27|0x0000000081b00000, 0x0000000081bff848, 0x0000000081c00000| 99%| O|  |TAMS 0x0000000081bff848, 0x0000000081b00000| Untracked 
|  28|0x0000000081c00000, 0x0000000081d00000, 0x0000000081d00000|100%| O|  |TAMS 0x0000000081d00000, 0x0000000081c00000| Untracked 
|  29|0x0000000081d00000, 0x0000000081e00000, 0x0000000081e00000|100%|HS|  |TAMS 0x0000000081e00000, 0x0000000081d00000| Complete 
|  30|0x0000000081e00000, 0x0000000081f00000, 0x0000000081f00000|100%|HS|  |TAMS 0x0000000081f00000, 0x0000000081e00000| Complete 
|  31|0x0000000081f00000, 0x0000000082000000, 0x0000000082000000|100%|HC|  |TAMS 0x0000000082000000, 0x0000000081f00000| Complete 
|  32|0x0000000082000000, 0x0000000082100000, 0x0000000082100000|100%|HS|  |TAMS 0x0000000082100000, 0x0000000082000000| Complete 
|  33|0x0000000082100000, 0x0000000082200000, 0x0000000082200000|100%|HC|  |TAMS 0x0000000082200000, 0x0000000082100000| Complete 
|  34|0x0000000082200000, 0x0000000082300000, 0x0000000082300000|100%|HS|  |TAMS 0x0000000082300000, 0x0000000082200000| Complete 
|  35|0x0000000082300000, 0x0000000082400000, 0x0000000082400000|100%|HS|  |TAMS 0x0000000082400000, 0x0000000082300000| Complete 
|  36|0x0000000082400000, 0x0000000082500000, 0x0000000082500000|100%|HC|  |TAMS 0x0000000082500000, 0x0000000082400000| Complete 
|  37|0x0000000082500000, 0x0000000082600000, 0x0000000082600000|100%|HC|  |TAMS 0x0000000082600000, 0x0000000082500000| Complete 
|  38|0x0000000082600000, 0x0000000082700000, 0x0000000082700000|100%|HC|  |TAMS 0x0000000082700000, 0x0000000082600000| Complete 
|  39|0x0000000082700000, 0x0000000082800000, 0x0000000082800000|100%|HS|  |TAMS 0x0000000082800000, 0x0000000082700000| Complete 
|  40|0x0000000082800000, 0x0000000082900000, 0x0000000082900000|100%|HS|  |TAMS 0x0000000082900000, 0x0000000082800000| Complete 
|  41|0x0000000082900000, 0x0000000082a00000, 0x0000000082a00000|100%|HS|  |TAMS 0x0000000082a00000, 0x0000000082900000| Complete 
|  42|0x0000000082a00000, 0x0000000082aff600, 0x0000000082b00000| 99%| O|  |TAMS 0x0000000082aff600, 0x0000000082a00000| Untracked 
|  43|0x0000000082b00000, 0x0000000082bffff0, 0x0000000082c00000| 99%| O|  |TAMS 0x0000000082bffff0, 0x0000000082b00000| Untracked 
|  44|0x0000000082c00000, 0x0000000082cff948, 0x0000000082d00000| 99%| O|  |TAMS 0x0000000082cff948, 0x0000000082c00000| Untracked 
|  45|0x0000000082d00000, 0x0000000082df6290, 0x0000000082e00000| 96%| O|  |TAMS 0x0000000082df6290, 0x0000000082d00000| Untracked 
|  46|0x0000000082e00000, 0x0000000082efffe8, 0x0000000082f00000| 99%| O|  |TAMS 0x0000000082efffe8, 0x0000000082e00000| Untracked 
|  47|0x0000000082f00000, 0x0000000082ffffd0, 0x0000000083000000| 99%| O|  |TAMS 0x0000000082ffffd0, 0x0000000082f00000| Untracked 
|  48|0x0000000083000000, 0x0000000083100000, 0x0000000083100000|100%| O|  |TAMS 0x0000000083100000, 0x0000000083000000| Untracked 
|  49|0x0000000083100000, 0x00000000831ffff0, 0x0000000083200000| 99%| O|  |TAMS 0x00000000831ffff0, 0x0000000083100000| Untracked 
|  50|0x0000000083200000, 0x00000000832fffe0, 0x0000000083300000| 99%| O|  |TAMS 0x00000000832fffe0, 0x0000000083200000| Untracked 
|  51|0x0000000083300000, 0x00000000833fffe8, 0x0000000083400000| 99%| O|  |TAMS 0x00000000833fffe8, 0x0000000083300000| Untracked 
|  52|0x0000000083400000, 0x00000000834f5000, 0x0000000083500000| 95%| O|  |TAMS 0x00000000834f5000, 0x0000000083400000| Untracked 
|  53|0x0000000083500000, 0x00000000835fffe8, 0x0000000083600000| 99%| O|  |TAMS 0x00000000835fffe8, 0x0000000083500000| Untracked 
|  54|0x0000000083600000, 0x00000000836ffff8, 0x0000000083700000| 99%| O|  |TAMS 0x00000000836ffff8, 0x0000000083600000| Untracked 
|  55|0x0000000083700000, 0x0000000083800000, 0x0000000083800000|100%|HS|  |TAMS 0x0000000083800000, 0x0000000083700000| Complete 
|  56|0x0000000083800000, 0x0000000083900000, 0x0000000083900000|100%|HC|  |TAMS 0x0000000083900000, 0x0000000083800000| Complete 
|  57|0x0000000083900000, 0x0000000083a00000, 0x0000000083a00000|100%|HC|  |TAMS 0x0000000083a00000, 0x0000000083900000| Complete 
|  58|0x0000000083a00000, 0x0000000083b00000, 0x0000000083b00000|100%|HC|  |TAMS 0x0000000083b00000, 0x0000000083a00000| Complete 
|  59|0x0000000083b00000, 0x0000000083c00000, 0x0000000083c00000|100%|HS|  |TAMS 0x0000000083c00000, 0x0000000083b00000| Complete 
|  60|0x0000000083c00000, 0x0000000083cffff8, 0x0000000083d00000| 99%| O|  |TAMS 0x0000000083cffff8, 0x0000000083c00000| Untracked 
|  61|0x0000000083d00000, 0x0000000083e00000, 0x0000000083e00000|100%| O|  |TAMS 0x0000000083e00000, 0x0000000083d00000| Untracked 
|  62|0x0000000083e00000, 0x0000000083efff88, 0x0000000083f00000| 99%| O|  |TAMS 0x0000000083efff88, 0x0000000083e00000| Untracked 
|  63|0x0000000083f00000, 0x0000000084000000, 0x0000000084000000|100%| O|  |TAMS 0x0000000084000000, 0x0000000083f00000| Untracked 
|  64|0x0000000084000000, 0x0000000084100000, 0x0000000084100000|100%| O|  |TAMS 0x0000000084100000, 0x0000000084000000| Untracked 
|  65|0x0000000084100000, 0x0000000084200000, 0x0000000084200000|100%| O|  |TAMS 0x0000000084200000, 0x0000000084100000| Untracked 
|  66|0x0000000084200000, 0x00000000842ffff8, 0x0000000084300000| 99%| O|  |TAMS 0x00000000842ffff8, 0x0000000084200000| Untracked 
|  67|0x0000000084300000, 0x0000000084400000, 0x0000000084400000|100%| O|  |TAMS 0x0000000084400000, 0x0000000084300000| Untracked 
|  68|0x0000000084400000, 0x00000000844ffff0, 0x0000000084500000| 99%| O|  |TAMS 0x00000000844ffff0, 0x0000000084400000| Untracked 
|  69|0x0000000084500000, 0x00000000845ffff0, 0x0000000084600000| 99%| O|  |TAMS 0x00000000845ffff0, 0x0000000084500000| Untracked 
|  70|0x0000000084600000, 0x00000000846fff48, 0x0000000084700000| 99%| O|  |TAMS 0x00000000846fff48, 0x0000000084600000| Untracked 
|  71|0x0000000084700000, 0x0000000084800000, 0x0000000084800000|100%| O|  |TAMS 0x0000000084800000, 0x0000000084700000| Untracked 
|  72|0x0000000084800000, 0x0000000084900000, 0x0000000084900000|100%| O|  |TAMS 0x0000000084900000, 0x0000000084800000| Untracked 
|  73|0x0000000084900000, 0x00000000849fffe0, 0x0000000084a00000| 99%| O|  |TAMS 0x00000000849fffe0, 0x0000000084900000| Untracked 
|  74|0x0000000084a00000, 0x0000000084b00000, 0x0000000084b00000|100%| O|  |TAMS 0x0000000084b00000, 0x0000000084a00000| Untracked 
|  75|0x0000000084b00000, 0x0000000084bfffe0, 0x0000000084c00000| 99%| O|  |TAMS 0x0000000084bfffe0, 0x0000000084b00000| Untracked 
|  76|0x0000000084c00000, 0x0000000084d00000, 0x0000000084d00000|100%| O|  |TAMS 0x0000000084d00000, 0x0000000084c00000| Untracked 
|  77|0x0000000084d00000, 0x0000000084dfffe0, 0x0000000084e00000| 99%| O|  |TAMS 0x0000000084dfffe0, 0x0000000084d00000| Untracked 
|  78|0x0000000084e00000, 0x0000000084effff0, 0x0000000084f00000| 99%| O|  |TAMS 0x0000000084effff0, 0x0000000084e00000| Untracked 
|  79|0x0000000084f00000, 0x0000000085000000, 0x0000000085000000|100%| O|  |TAMS 0x0000000085000000, 0x0000000084f00000| Untracked 
|  80|0x0000000085000000, 0x00000000850ffff0, 0x0000000085100000| 99%| O|  |TAMS 0x00000000850ffff0, 0x0000000085000000| Untracked 
|  81|0x0000000085100000, 0x00000000851fff88, 0x0000000085200000| 99%| O|  |TAMS 0x00000000851fff88, 0x0000000085100000| Untracked 
|  82|0x0000000085200000, 0x00000000852ffff8, 0x0000000085300000| 99%| O|  |TAMS 0x00000000852ffff8, 0x0000000085200000| Untracked 
|  83|0x0000000085300000, 0x00000000853ffff0, 0x0000000085400000| 99%| O|  |TAMS 0x00000000853ffff0, 0x0000000085300000| Untracked 
|  84|0x0000000085400000, 0x00000000854ffff0, 0x0000000085500000| 99%| O|  |TAMS 0x00000000854ffff0, 0x0000000085400000| Untracked 
|  85|0x0000000085500000, 0x00000000855fffe8, 0x0000000085600000| 99%| O|  |TAMS 0x00000000855fffe8, 0x0000000085500000| Untracked 
|  86|0x0000000085600000, 0x00000000856fffd8, 0x0000000085700000| 99%| O|  |TAMS 0x00000000856fffd8, 0x0000000085600000| Untracked 
|  87|0x0000000085700000, 0x00000000857ffff0, 0x0000000085800000| 99%| O|  |TAMS 0x00000000857ffff0, 0x0000000085700000| Untracked 
|  88|0x0000000085800000, 0x0000000085900000, 0x0000000085900000|100%| O|  |TAMS 0x0000000085900000, 0x0000000085800000| Untracked 
|  89|0x0000000085900000, 0x00000000859e92c0, 0x0000000085a00000| 91%| O|  |TAMS 0x00000000859e92c0, 0x0000000085900000| Untracked 
|  90|0x0000000085a00000, 0x0000000085afffe8, 0x0000000085b00000| 99%| O|  |TAMS 0x0000000085afffe8, 0x0000000085a00000| Untracked 
|  91|0x0000000085b00000, 0x0000000085bfffe8, 0x0000000085c00000| 99%| O|  |TAMS 0x0000000085bfffe8, 0x0000000085b00000| Untracked 
|  92|0x0000000085c00000, 0x0000000085cfffc8, 0x0000000085d00000| 99%| O|  |TAMS 0x0000000085cfffc8, 0x0000000085c00000| Untracked 
|  93|0x0000000085d00000, 0x0000000085dffff0, 0x0000000085e00000| 99%| O|  |TAMS 0x0000000085dffff0, 0x0000000085d00000| Untracked 
|  94|0x0000000085e00000, 0x0000000085f00000, 0x0000000085f00000|100%| O|  |TAMS 0x0000000085f00000, 0x0000000085e00000| Untracked 
|  95|0x0000000085f00000, 0x0000000085fa06e8, 0x0000000086000000| 62%| O|  |TAMS 0x0000000085fa06e8, 0x0000000085f00000| Untracked 
|  96|0x0000000086000000, 0x0000000086100000, 0x0000000086100000|100%| O|  |TAMS 0x0000000086100000, 0x0000000086000000| Untracked 
|  97|0x0000000086100000, 0x00000000861fffe0, 0x0000000086200000| 99%| O|  |TAMS 0x00000000861fffe0, 0x0000000086100000| Untracked 
|  98|0x0000000086200000, 0x0000000086300000, 0x0000000086300000|100%|HS|  |TAMS 0x0000000086200000, 0x0000000086200000| Complete 
|  99|0x0000000086300000, 0x00000000863cf138, 0x0000000086400000| 80%| O|  |TAMS 0x00000000863cf138, 0x0000000086300000| Untracked 
| 100|0x0000000086400000, 0x0000000086500000, 0x0000000086500000|100%| O|  |TAMS 0x0000000086400000, 0x0000000086400000| Untracked 
| 101|0x0000000086500000, 0x00000000865bd2a8, 0x0000000086600000| 73%| O|  |TAMS 0x00000000865bd2a8, 0x0000000086500000| Untracked 
| 102|0x0000000086600000, 0x00000000866fffe8, 0x0000000086700000| 99%| O|  |TAMS 0x00000000866fffe8, 0x0000000086600000| Untracked 
| 103|0x0000000086700000, 0x0000000086771478, 0x0000000086800000| 44%| O|  |TAMS 0x0000000086771478, 0x0000000086700000| Untracked 
| 104|0x0000000086800000, 0x00000000868e1f60, 0x0000000086900000| 88%| O|  |TAMS 0x00000000868e1f60, 0x0000000086800000| Untracked 
| 105|0x0000000086900000, 0x0000000086a00000, 0x0000000086a00000|100%| O|  |TAMS 0x0000000086a00000, 0x0000000086900000| Untracked 
| 106|0x0000000086a00000, 0x0000000086b00000, 0x0000000086b00000|100%| O|  |TAMS 0x0000000086a00000, 0x0000000086a00000| Untracked 
| 107|0x0000000086b00000, 0x0000000086b921f0, 0x0000000086c00000| 57%| O|  |TAMS 0x0000000086b921f0, 0x0000000086b00000| Untracked 
| 108|0x0000000086c00000, 0x0000000086cd30e8, 0x0000000086d00000| 82%| O|  |TAMS 0x0000000086cd30e8, 0x0000000086c00000| Untracked 
| 109|0x0000000086d00000, 0x0000000086e00000, 0x0000000086e00000|100%|HS|  |TAMS 0x0000000086d00000, 0x0000000086d00000| Complete 
| 110|0x0000000086e00000, 0x0000000086f00000, 0x0000000086f00000|100%|HC|  |TAMS 0x0000000086e00000, 0x0000000086e00000| Complete 
| 111|0x0000000086f00000, 0x0000000087000000, 0x0000000087000000|100%| O|  |TAMS 0x0000000086f00000, 0x0000000086f00000| Untracked 
| 112|0x0000000087000000, 0x00000000870b2820, 0x0000000087100000| 69%| O|  |TAMS 0x00000000870b2820, 0x0000000087000000| Untracked 
| 113|0x0000000087100000, 0x0000000087100000, 0x0000000087200000|  0%| F|  |TAMS 0x0000000087100000, 0x0000000087100000| Untracked 
| 114|0x0000000087200000, 0x0000000087200000, 0x0000000087300000|  0%| F|  |TAMS 0x0000000087200000, 0x0000000087200000| Untracked 
| 115|0x0000000087300000, 0x0000000087400000, 0x0000000087400000|100%| O|  |TAMS 0x0000000087300000, 0x0000000087300000| Untracked 
| 116|0x0000000087400000, 0x0000000087465400, 0x0000000087500000| 39%| O|  |TAMS 0x0000000087400000, 0x0000000087400000| Untracked 
| 117|0x0000000087500000, 0x0000000087500000, 0x0000000087600000|  0%| F|  |TAMS 0x0000000087500000, 0x0000000087500000| Untracked 
| 118|0x0000000087600000, 0x0000000087600000, 0x0000000087700000|  0%| F|  |TAMS 0x0000000087600000, 0x0000000087600000| Untracked 
| 119|0x0000000087700000, 0x0000000087700000, 0x0000000087800000|  0%| F|  |TAMS 0x0000000087700000, 0x0000000087700000| Untracked 
| 120|0x0000000087800000, 0x0000000087800000, 0x0000000087900000|  0%| F|  |TAMS 0x0000000087800000, 0x0000000087800000| Untracked 
| 121|0x0000000087900000, 0x0000000087a00000, 0x0000000087a00000|100%| O|  |TAMS 0x0000000087900000, 0x0000000087900000| Untracked 
| 122|0x0000000087a00000, 0x0000000087b00000, 0x0000000087b00000|100%| O|  |TAMS 0x0000000087a00000, 0x0000000087a00000| Untracked 
| 123|0x0000000087b00000, 0x0000000087c00000, 0x0000000087c00000|100%| O|  |TAMS 0x0000000087b00000, 0x0000000087b00000| Untracked 
| 124|0x0000000087c00000, 0x0000000087d00000, 0x0000000087d00000|100%| O|  |TAMS 0x0000000087c00000, 0x0000000087c00000| Untracked 
| 125|0x0000000087d00000, 0x0000000087e00000, 0x0000000087e00000|100%| O|  |TAMS 0x0000000087d00000, 0x0000000087d00000| Untracked 
| 126|0x0000000087e00000, 0x0000000087f00000, 0x0000000087f00000|100%| O|  |TAMS 0x0000000087e00000, 0x0000000087e00000| Untracked 
| 127|0x0000000087f00000, 0x0000000088000000, 0x0000000088000000|100%| O|  |TAMS 0x0000000087f00000, 0x0000000087f00000| Untracked 
| 128|0x0000000088000000, 0x0000000088100000, 0x0000000088100000|100%| O|  |TAMS 0x0000000088000000, 0x0000000088000000| Untracked 
| 129|0x0000000088100000, 0x0000000088200000, 0x0000000088200000|100%| O|  |TAMS 0x0000000088100000, 0x0000000088100000| Untracked 
| 130|0x0000000088200000, 0x0000000088300000, 0x0000000088300000|100%| O|  |TAMS 0x0000000088200000, 0x0000000088200000| Untracked 
| 131|0x0000000088300000, 0x0000000088400000, 0x0000000088400000|100%| O|  |TAMS 0x0000000088300000, 0x0000000088300000| Untracked 
| 132|0x0000000088400000, 0x0000000088500000, 0x0000000088500000|100%| O|  |TAMS 0x0000000088400000, 0x0000000088400000| Untracked 
| 133|0x0000000088500000, 0x0000000088600000, 0x0000000088600000|100%| O|  |TAMS 0x0000000088500000, 0x0000000088500000| Untracked 
| 134|0x0000000088600000, 0x0000000088700000, 0x0000000088700000|100%| O|  |TAMS 0x0000000088600000, 0x0000000088600000| Untracked 
| 135|0x0000000088700000, 0x0000000088800000, 0x0000000088800000|100%| O|  |TAMS 0x0000000088700000, 0x0000000088700000| Untracked 
| 136|0x0000000088800000, 0x0000000088900000, 0x0000000088900000|100%| O|  |TAMS 0x0000000088800000, 0x0000000088800000| Untracked 
| 137|0x0000000088900000, 0x0000000088a00000, 0x0000000088a00000|100%| O|  |TAMS 0x0000000088900000, 0x0000000088900000| Untracked 
| 138|0x0000000088a00000, 0x0000000088b00000, 0x0000000088b00000|100%| O|  |TAMS 0x0000000088a00000, 0x0000000088a00000| Untracked 
| 139|0x0000000088b00000, 0x0000000088b00000, 0x0000000088c00000|  0%| F|  |TAMS 0x0000000088b00000, 0x0000000088b00000| Untracked 
| 140|0x0000000088c00000, 0x0000000088c00000, 0x0000000088d00000|  0%| F|  |TAMS 0x0000000088c00000, 0x0000000088c00000| Untracked 
| 141|0x0000000088d00000, 0x0000000088d00000, 0x0000000088e00000|  0%| F|  |TAMS 0x0000000088d00000, 0x0000000088d00000| Untracked 
| 142|0x0000000088e00000, 0x0000000088e00000, 0x0000000088f00000|  0%| F|  |TAMS 0x0000000088e00000, 0x0000000088e00000| Untracked 
| 143|0x0000000088f00000, 0x0000000088f00000, 0x0000000089000000|  0%| F|  |TAMS 0x0000000088f00000, 0x0000000088f00000| Untracked 
| 144|0x0000000089000000, 0x0000000089000000, 0x0000000089100000|  0%| F|  |TAMS 0x0000000089000000, 0x0000000089000000| Untracked 
| 145|0x0000000089100000, 0x0000000089100000, 0x0000000089200000|  0%| F|  |TAMS 0x0000000089100000, 0x0000000089100000| Untracked 
| 146|0x0000000089200000, 0x0000000089200000, 0x0000000089300000|  0%| F|  |TAMS 0x0000000089200000, 0x0000000089200000| Untracked 
| 147|0x0000000089300000, 0x0000000089300000, 0x0000000089400000|  0%| F|  |TAMS 0x0000000089300000, 0x0000000089300000| Untracked 
| 148|0x0000000089400000, 0x0000000089400000, 0x0000000089500000|  0%| F|  |TAMS 0x0000000089400000, 0x0000000089400000| Untracked 
| 149|0x0000000089500000, 0x0000000089500000, 0x0000000089600000|  0%| F|  |TAMS 0x0000000089500000, 0x0000000089500000| Untracked 
| 150|0x0000000089600000, 0x0000000089600000, 0x0000000089700000|  0%| F|  |TAMS 0x0000000089600000, 0x0000000089600000| Untracked 
| 151|0x0000000089700000, 0x0000000089700000, 0x0000000089800000|  0%| F|  |TAMS 0x0000000089700000, 0x0000000089700000| Untracked 
| 152|0x0000000089800000, 0x0000000089800000, 0x0000000089900000|  0%| F|  |TAMS 0x0000000089800000, 0x0000000089800000| Untracked 
| 153|0x0000000089900000, 0x0000000089900000, 0x0000000089a00000|  0%| F|  |TAMS 0x0000000089900000, 0x0000000089900000| Untracked 
| 154|0x0000000089a00000, 0x0000000089a00000, 0x0000000089b00000|  0%| F|  |TAMS 0x0000000089a00000, 0x0000000089a00000| Untracked 
| 155|0x0000000089b00000, 0x0000000089b00000, 0x0000000089c00000|  0%| F|  |TAMS 0x0000000089b00000, 0x0000000089b00000| Untracked 
| 156|0x0000000089c00000, 0x0000000089c00000, 0x0000000089d00000|  0%| F|  |TAMS 0x0000000089c00000, 0x0000000089c00000| Untracked 
| 157|0x0000000089d00000, 0x0000000089d00000, 0x0000000089e00000|  0%| F|  |TAMS 0x0000000089d00000, 0x0000000089d00000| Untracked 
| 158|0x0000000089e00000, 0x0000000089e00000, 0x0000000089f00000|  0%| F|  |TAMS 0x0000000089e00000, 0x0000000089e00000| Untracked 
| 159|0x0000000089f00000, 0x0000000089f00000, 0x000000008a000000|  0%| F|  |TAMS 0x0000000089f00000, 0x0000000089f00000| Untracked 
| 160|0x000000008a000000, 0x000000008a000000, 0x000000008a100000|  0%| F|  |TAMS 0x000000008a000000, 0x000000008a000000| Untracked 
| 161|0x000000008a100000, 0x000000008a100000, 0x000000008a200000|  0%| F|  |TAMS 0x000000008a100000, 0x000000008a100000| Untracked 
| 162|0x000000008a200000, 0x000000008a200000, 0x000000008a300000|  0%| F|  |TAMS 0x000000008a200000, 0x000000008a200000| Untracked 
| 163|0x000000008a300000, 0x000000008a300000, 0x000000008a400000|  0%| F|  |TAMS 0x000000008a300000, 0x000000008a300000| Untracked 
| 164|0x000000008a400000, 0x000000008a400000, 0x000000008a500000|  0%| F|  |TAMS 0x000000008a400000, 0x000000008a400000| Untracked 
| 165|0x000000008a500000, 0x000000008a500000, 0x000000008a600000|  0%| F|  |TAMS 0x000000008a500000, 0x000000008a500000| Untracked 
| 166|0x000000008a600000, 0x000000008a600000, 0x000000008a700000|  0%| F|  |TAMS 0x000000008a600000, 0x000000008a600000| Untracked 
| 167|0x000000008a700000, 0x000000008a700000, 0x000000008a800000|  0%| F|  |TAMS 0x000000008a700000, 0x000000008a700000| Untracked 
| 168|0x000000008a800000, 0x000000008a800000, 0x000000008a900000|  0%| F|  |TAMS 0x000000008a800000, 0x000000008a800000| Untracked 
| 169|0x000000008a900000, 0x000000008a900000, 0x000000008aa00000|  0%| F|  |TAMS 0x000000008a900000, 0x000000008a900000| Untracked 
| 170|0x000000008aa00000, 0x000000008aa00000, 0x000000008ab00000|  0%| F|  |TAMS 0x000000008aa00000, 0x000000008aa00000| Untracked 
| 171|0x000000008ab00000, 0x000000008ab00000, 0x000000008ac00000|  0%| F|  |TAMS 0x000000008ab00000, 0x000000008ab00000| Untracked 
| 172|0x000000008ac00000, 0x000000008ac00000, 0x000000008ad00000|  0%| F|  |TAMS 0x000000008ac00000, 0x000000008ac00000| Untracked 
| 173|0x000000008ad00000, 0x000000008ad00000, 0x000000008ae00000|  0%| F|  |TAMS 0x000000008ad00000, 0x000000008ad00000| Untracked 
| 174|0x000000008ae00000, 0x000000008ae00000, 0x000000008af00000|  0%| F|  |TAMS 0x000000008ae00000, 0x000000008ae00000| Untracked 
| 175|0x000000008af00000, 0x000000008af00000, 0x000000008b000000|  0%| F|  |TAMS 0x000000008af00000, 0x000000008af00000| Untracked 
| 176|0x000000008b000000, 0x000000008b000000, 0x000000008b100000|  0%| F|  |TAMS 0x000000008b000000, 0x000000008b000000| Untracked 
| 177|0x000000008b100000, 0x000000008b100000, 0x000000008b200000|  0%| F|  |TAMS 0x000000008b100000, 0x000000008b100000| Untracked 
| 178|0x000000008b200000, 0x000000008b200000, 0x000000008b300000|  0%| F|  |TAMS 0x000000008b200000, 0x000000008b200000| Untracked 
| 179|0x000000008b300000, 0x000000008b300000, 0x000000008b400000|  0%| F|  |TAMS 0x000000008b300000, 0x000000008b300000| Untracked 
| 180|0x000000008b400000, 0x000000008b400000, 0x000000008b500000|  0%| F|  |TAMS 0x000000008b400000, 0x000000008b400000| Untracked 
| 181|0x000000008b500000, 0x000000008b500000, 0x000000008b600000|  0%| F|  |TAMS 0x000000008b500000, 0x000000008b500000| Untracked 
| 182|0x000000008b600000, 0x000000008b600000, 0x000000008b700000|  0%| F|  |TAMS 0x000000008b600000, 0x000000008b600000| Untracked 
| 183|0x000000008b700000, 0x000000008b700000, 0x000000008b800000|  0%| F|  |TAMS 0x000000008b700000, 0x000000008b700000| Untracked 
| 184|0x000000008b800000, 0x000000008b800000, 0x000000008b900000|  0%| F|  |TAMS 0x000000008b800000, 0x000000008b800000| Untracked 
| 185|0x000000008b900000, 0x000000008b900000, 0x000000008ba00000|  0%| F|  |TAMS 0x000000008b900000, 0x000000008b900000| Untracked 
| 186|0x000000008ba00000, 0x000000008ba00000, 0x000000008bb00000|  0%| F|  |TAMS 0x000000008ba00000, 0x000000008ba00000| Untracked 
| 187|0x000000008bb00000, 0x000000008bb00000, 0x000000008bc00000|  0%| F|  |TAMS 0x000000008bb00000, 0x000000008bb00000| Untracked 
| 188|0x000000008bc00000, 0x000000008bcd5d10, 0x000000008bd00000| 83%| S|CS|TAMS 0x000000008bc00000, 0x000000008bc00000| Complete 
| 189|0x000000008bd00000, 0x000000008be00000, 0x000000008be00000|100%| S|CS|TAMS 0x000000008bd00000, 0x000000008bd00000| Complete 
| 190|0x000000008be00000, 0x000000008bf00000, 0x000000008bf00000|100%| S|CS|TAMS 0x000000008be00000, 0x000000008be00000| Complete 
| 191|0x000000008bf00000, 0x000000008c000000, 0x000000008c000000|100%| S|CS|TAMS 0x000000008bf00000, 0x000000008bf00000| Complete 
| 192|0x000000008c000000, 0x000000008c100000, 0x000000008c100000|100%| S|CS|TAMS 0x000000008c000000, 0x000000008c000000| Complete 
| 193|0x000000008c100000, 0x000000008c200000, 0x000000008c200000|100%| S|CS|TAMS 0x000000008c100000, 0x000000008c100000| Complete 
| 194|0x000000008c200000, 0x000000008c300000, 0x000000008c300000|100%| S|CS|TAMS 0x000000008c200000, 0x000000008c200000| Complete 
| 195|0x000000008c300000, 0x000000008c300000, 0x000000008c400000|  0%| F|  |TAMS 0x000000008c300000, 0x000000008c300000| Untracked 
| 196|0x000000008c400000, 0x000000008c400000, 0x000000008c500000|  0%| F|  |TAMS 0x000000008c400000, 0x000000008c400000| Untracked 
| 197|0x000000008c500000, 0x000000008c500000, 0x000000008c600000|  0%| F|  |TAMS 0x000000008c500000, 0x000000008c500000| Untracked 
| 198|0x000000008c600000, 0x000000008c600000, 0x000000008c700000|  0%| F|  |TAMS 0x000000008c600000, 0x000000008c600000| Untracked 
| 199|0x000000008c700000, 0x000000008c700000, 0x000000008c800000|  0%| F|  |TAMS 0x000000008c700000, 0x000000008c700000| Untracked 
| 200|0x000000008c800000, 0x000000008c800000, 0x000000008c900000|  0%| F|  |TAMS 0x000000008c800000, 0x000000008c800000| Untracked 
| 201|0x000000008c900000, 0x000000008c900000, 0x000000008ca00000|  0%| F|  |TAMS 0x000000008c900000, 0x000000008c900000| Untracked 
| 202|0x000000008ca00000, 0x000000008ca00000, 0x000000008cb00000|  0%| F|  |TAMS 0x000000008ca00000, 0x000000008ca00000| Untracked 
| 203|0x000000008cb00000, 0x000000008cb00000, 0x000000008cc00000|  0%| F|  |TAMS 0x000000008cb00000, 0x000000008cb00000| Untracked 
| 204|0x000000008cc00000, 0x000000008cc00000, 0x000000008cd00000|  0%| F|  |TAMS 0x000000008cc00000, 0x000000008cc00000| Untracked 
| 205|0x000000008cd00000, 0x000000008cd00000, 0x000000008ce00000|  0%| F|  |TAMS 0x000000008cd00000, 0x000000008cd00000| Untracked 
| 206|0x000000008ce00000, 0x000000008ce00000, 0x000000008cf00000|  0%| F|  |TAMS 0x000000008ce00000, 0x000000008ce00000| Untracked 
| 207|0x000000008cf00000, 0x000000008cf00000, 0x000000008d000000|  0%| F|  |TAMS 0x000000008cf00000, 0x000000008cf00000| Untracked 
| 208|0x000000008d000000, 0x000000008d000000, 0x000000008d100000|  0%| F|  |TAMS 0x000000008d000000, 0x000000008d000000| Untracked 
| 209|0x000000008d100000, 0x000000008d100000, 0x000000008d200000|  0%| F|  |TAMS 0x000000008d100000, 0x000000008d100000| Untracked 
| 210|0x000000008d200000, 0x000000008d200000, 0x000000008d300000|  0%| F|  |TAMS 0x000000008d200000, 0x000000008d200000| Untracked 
| 211|0x000000008d300000, 0x000000008d300000, 0x000000008d400000|  0%| F|  |TAMS 0x000000008d300000, 0x000000008d300000| Untracked 
| 212|0x000000008d400000, 0x000000008d400000, 0x000000008d500000|  0%| F|  |TAMS 0x000000008d400000, 0x000000008d400000| Untracked 
| 213|0x000000008d500000, 0x000000008d500000, 0x000000008d600000|  0%| F|  |TAMS 0x000000008d500000, 0x000000008d500000| Untracked 
| 214|0x000000008d600000, 0x000000008d600000, 0x000000008d700000|  0%| F|  |TAMS 0x000000008d600000, 0x000000008d600000| Untracked 
| 215|0x000000008d700000, 0x000000008d700000, 0x000000008d800000|  0%| F|  |TAMS 0x000000008d700000, 0x000000008d700000| Untracked 
| 216|0x000000008d800000, 0x000000008d800000, 0x000000008d900000|  0%| F|  |TAMS 0x000000008d800000, 0x000000008d800000| Untracked 
| 217|0x000000008d900000, 0x000000008d900000, 0x000000008da00000|  0%| F|  |TAMS 0x000000008d900000, 0x000000008d900000| Untracked 
| 218|0x000000008da00000, 0x000000008da00000, 0x000000008db00000|  0%| F|  |TAMS 0x000000008da00000, 0x000000008da00000| Untracked 
| 219|0x000000008db00000, 0x000000008db00000, 0x000000008dc00000|  0%| F|  |TAMS 0x000000008db00000, 0x000000008db00000| Untracked 
| 220|0x000000008dc00000, 0x000000008dc00000, 0x000000008dd00000|  0%| F|  |TAMS 0x000000008dc00000, 0x000000008dc00000| Untracked 
| 221|0x000000008dd00000, 0x000000008dd00000, 0x000000008de00000|  0%| F|  |TAMS 0x000000008dd00000, 0x000000008dd00000| Untracked 
| 222|0x000000008de00000, 0x000000008de00000, 0x000000008df00000|  0%| F|  |TAMS 0x000000008de00000, 0x000000008de00000| Untracked 
| 223|0x000000008df00000, 0x000000008df00000, 0x000000008e000000|  0%| F|  |TAMS 0x000000008df00000, 0x000000008df00000| Untracked 
| 224|0x000000008e000000, 0x000000008e000000, 0x000000008e100000|  0%| F|  |TAMS 0x000000008e000000, 0x000000008e000000| Untracked 
| 225|0x000000008e100000, 0x000000008e100000, 0x000000008e200000|  0%| F|  |TAMS 0x000000008e100000, 0x000000008e100000| Untracked 
| 226|0x000000008e200000, 0x000000008e200000, 0x000000008e300000|  0%| F|  |TAMS 0x000000008e200000, 0x000000008e200000| Untracked 
| 227|0x000000008e300000, 0x000000008e300000, 0x000000008e400000|  0%| F|  |TAMS 0x000000008e300000, 0x000000008e300000| Untracked 
| 228|0x000000008e400000, 0x000000008e400000, 0x000000008e500000|  0%| F|  |TAMS 0x000000008e400000, 0x000000008e400000| Untracked 
| 229|0x000000008e500000, 0x000000008e500000, 0x000000008e600000|  0%| F|  |TAMS 0x000000008e500000, 0x000000008e500000| Untracked 
| 230|0x000000008e600000, 0x000000008e600000, 0x000000008e700000|  0%| F|  |TAMS 0x000000008e600000, 0x000000008e600000| Untracked 
| 231|0x000000008e700000, 0x000000008e700000, 0x000000008e800000|  0%| F|  |TAMS 0x000000008e700000, 0x000000008e700000| Untracked 
| 232|0x000000008e800000, 0x000000008e800000, 0x000000008e900000|  0%| F|  |TAMS 0x000000008e800000, 0x000000008e800000| Untracked 
| 233|0x000000008e900000, 0x000000008e900000, 0x000000008ea00000|  0%| F|  |TAMS 0x000000008e900000, 0x000000008e900000| Untracked 
| 234|0x000000008ea00000, 0x000000008ea00000, 0x000000008eb00000|  0%| F|  |TAMS 0x000000008ea00000, 0x000000008ea00000| Untracked 
| 235|0x000000008eb00000, 0x000000008eb00000, 0x000000008ec00000|  0%| F|  |TAMS 0x000000008eb00000, 0x000000008eb00000| Untracked 
| 236|0x000000008ec00000, 0x000000008ec00000, 0x000000008ed00000|  0%| F|  |TAMS 0x000000008ec00000, 0x000000008ec00000| Untracked 
| 237|0x000000008ed00000, 0x000000008ed00000, 0x000000008ee00000|  0%| F|  |TAMS 0x000000008ed00000, 0x000000008ed00000| Untracked 
| 238|0x000000008ee00000, 0x000000008ee00000, 0x000000008ef00000|  0%| F|  |TAMS 0x000000008ee00000, 0x000000008ee00000| Untracked 
| 239|0x000000008ef00000, 0x000000008ef00000, 0x000000008f000000|  0%| F|  |TAMS 0x000000008ef00000, 0x000000008ef00000| Untracked 
| 240|0x000000008f000000, 0x000000008f000000, 0x000000008f100000|  0%| F|  |TAMS 0x000000008f000000, 0x000000008f000000| Untracked 
| 241|0x000000008f100000, 0x000000008f100000, 0x000000008f200000|  0%| F|  |TAMS 0x000000008f100000, 0x000000008f100000| Untracked 
| 242|0x000000008f200000, 0x000000008f200000, 0x000000008f300000|  0%| F|  |TAMS 0x000000008f200000, 0x000000008f200000| Untracked 
| 243|0x000000008f300000, 0x000000008f300000, 0x000000008f400000|  0%| F|  |TAMS 0x000000008f300000, 0x000000008f300000| Untracked 
| 244|0x000000008f400000, 0x000000008f400000, 0x000000008f500000|  0%| F|  |TAMS 0x000000008f400000, 0x000000008f400000| Untracked 
| 245|0x000000008f500000, 0x000000008f500000, 0x000000008f600000|  0%| F|  |TAMS 0x000000008f500000, 0x000000008f500000| Untracked 
| 246|0x000000008f600000, 0x000000008f600000, 0x000000008f700000|  0%| F|  |TAMS 0x000000008f600000, 0x000000008f600000| Untracked 
| 247|0x000000008f700000, 0x000000008f700000, 0x000000008f800000|  0%| F|  |TAMS 0x000000008f700000, 0x000000008f700000| Untracked 
| 248|0x000000008f800000, 0x000000008f800000, 0x000000008f900000|  0%| F|  |TAMS 0x000000008f800000, 0x000000008f800000| Untracked 
| 249|0x000000008f900000, 0x000000008f900000, 0x000000008fa00000|  0%| F|  |TAMS 0x000000008f900000, 0x000000008f900000| Untracked 
| 250|0x000000008fa00000, 0x000000008fa00000, 0x000000008fb00000|  0%| F|  |TAMS 0x000000008fa00000, 0x000000008fa00000| Untracked 
| 251|0x000000008fb00000, 0x000000008fb00000, 0x000000008fc00000|  0%| F|  |TAMS 0x000000008fb00000, 0x000000008fb00000| Untracked 
| 252|0x000000008fc00000, 0x000000008fc00000, 0x000000008fd00000|  0%| F|  |TAMS 0x000000008fc00000, 0x000000008fc00000| Untracked 
| 253|0x000000008fd00000, 0x000000008fd00000, 0x000000008fe00000|  0%| F|  |TAMS 0x000000008fd00000, 0x000000008fd00000| Untracked 
| 254|0x000000008fe00000, 0x000000008fe00000, 0x000000008ff00000|  0%| F|  |TAMS 0x000000008fe00000, 0x000000008fe00000| Untracked 
| 255|0x000000008ff00000, 0x000000008ff00000, 0x0000000090000000|  0%| F|  |TAMS 0x000000008ff00000, 0x000000008ff00000| Untracked 
| 256|0x0000000090000000, 0x0000000090000000, 0x0000000090100000|  0%| F|  |TAMS 0x0000000090000000, 0x0000000090000000| Untracked 
| 257|0x0000000090100000, 0x0000000090100000, 0x0000000090200000|  0%| F|  |TAMS 0x0000000090100000, 0x0000000090100000| Untracked 
| 258|0x0000000090200000, 0x0000000090200000, 0x0000000090300000|  0%| F|  |TAMS 0x0000000090200000, 0x0000000090200000| Untracked 
| 259|0x0000000090300000, 0x0000000090300000, 0x0000000090400000|  0%| F|  |TAMS 0x0000000090300000, 0x0000000090300000| Untracked 
| 260|0x0000000090400000, 0x0000000090400000, 0x0000000090500000|  0%| F|  |TAMS 0x0000000090400000, 0x0000000090400000| Untracked 
| 261|0x0000000090500000, 0x0000000090500000, 0x0000000090600000|  0%| F|  |TAMS 0x0000000090500000, 0x0000000090500000| Untracked 
| 262|0x0000000090600000, 0x0000000090600000, 0x0000000090700000|  0%| F|  |TAMS 0x0000000090600000, 0x0000000090600000| Untracked 
| 263|0x0000000090700000, 0x0000000090700000, 0x0000000090800000|  0%| F|  |TAMS 0x0000000090700000, 0x0000000090700000| Untracked 
| 264|0x0000000090800000, 0x0000000090800000, 0x0000000090900000|  0%| F|  |TAMS 0x0000000090800000, 0x0000000090800000| Untracked 
| 265|0x0000000090900000, 0x0000000090900000, 0x0000000090a00000|  0%| F|  |TAMS 0x0000000090900000, 0x0000000090900000| Untracked 
| 266|0x0000000090a00000, 0x0000000090a00000, 0x0000000090b00000|  0%| F|  |TAMS 0x0000000090a00000, 0x0000000090a00000| Untracked 
| 267|0x0000000090b00000, 0x0000000090b00000, 0x0000000090c00000|  0%| F|  |TAMS 0x0000000090b00000, 0x0000000090b00000| Untracked 
| 268|0x0000000090c00000, 0x0000000090c00000, 0x0000000090d00000|  0%| F|  |TAMS 0x0000000090c00000, 0x0000000090c00000| Untracked 
| 269|0x0000000090d00000, 0x0000000090d00000, 0x0000000090e00000|  0%| F|  |TAMS 0x0000000090d00000, 0x0000000090d00000| Untracked 
| 270|0x0000000090e00000, 0x0000000090e00000, 0x0000000090f00000|  0%| F|  |TAMS 0x0000000090e00000, 0x0000000090e00000| Untracked 
| 271|0x0000000090f00000, 0x0000000090f00000, 0x0000000091000000|  0%| F|  |TAMS 0x0000000090f00000, 0x0000000090f00000| Untracked 
| 272|0x0000000091000000, 0x0000000091000000, 0x0000000091100000|  0%| F|  |TAMS 0x0000000091000000, 0x0000000091000000| Untracked 
| 273|0x0000000091100000, 0x0000000091100000, 0x0000000091200000|  0%| F|  |TAMS 0x0000000091100000, 0x0000000091100000| Untracked 
| 274|0x0000000091200000, 0x0000000091200000, 0x0000000091300000|  0%| F|  |TAMS 0x0000000091200000, 0x0000000091200000| Untracked 
| 275|0x0000000091300000, 0x0000000091300000, 0x0000000091400000|  0%| F|  |TAMS 0x0000000091300000, 0x0000000091300000| Untracked 
| 276|0x0000000091400000, 0x0000000091400000, 0x0000000091500000|  0%| F|  |TAMS 0x0000000091400000, 0x0000000091400000| Untracked 
| 277|0x0000000091500000, 0x0000000091500000, 0x0000000091600000|  0%| F|  |TAMS 0x0000000091500000, 0x0000000091500000| Untracked 
| 278|0x0000000091600000, 0x0000000091600000, 0x0000000091700000|  0%| F|  |TAMS 0x0000000091600000, 0x0000000091600000| Untracked 
| 279|0x0000000091700000, 0x0000000091700000, 0x0000000091800000|  0%| F|  |TAMS 0x0000000091700000, 0x0000000091700000| Untracked 
| 280|0x0000000091800000, 0x0000000091800000, 0x0000000091900000|  0%| F|  |TAMS 0x0000000091800000, 0x0000000091800000| Untracked 
| 281|0x0000000091900000, 0x0000000091900000, 0x0000000091a00000|  0%| F|  |TAMS 0x0000000091900000, 0x0000000091900000| Untracked 
| 282|0x0000000091a00000, 0x0000000091a00000, 0x0000000091b00000|  0%| F|  |TAMS 0x0000000091a00000, 0x0000000091a00000| Untracked 
| 283|0x0000000091b00000, 0x0000000091be7148, 0x0000000091c00000| 90%| E|  |TAMS 0x0000000091b00000, 0x0000000091b00000| Complete 
| 284|0x0000000091c00000, 0x0000000091d00000, 0x0000000091d00000|100%| E|CS|TAMS 0x0000000091c00000, 0x0000000091c00000| Complete 
| 285|0x0000000091d00000, 0x0000000091e00000, 0x0000000091e00000|100%| E|CS|TAMS 0x0000000091d00000, 0x0000000091d00000| Complete 
| 286|0x0000000091e00000, 0x0000000091f00000, 0x0000000091f00000|100%| E|CS|TAMS 0x0000000091e00000, 0x0000000091e00000| Complete 
| 287|0x0000000091f00000, 0x0000000092000000, 0x0000000092000000|100%| E|CS|TAMS 0x0000000091f00000, 0x0000000091f00000| Complete 
| 288|0x0000000092000000, 0x0000000092100000, 0x0000000092100000|100%| E|CS|TAMS 0x0000000092000000, 0x0000000092000000| Complete 
| 289|0x0000000092100000, 0x0000000092200000, 0x0000000092200000|100%| E|CS|TAMS 0x0000000092100000, 0x0000000092100000| Complete 
| 290|0x0000000092200000, 0x0000000092300000, 0x0000000092300000|100%| E|CS|TAMS 0x0000000092200000, 0x0000000092200000| Complete 
| 291|0x0000000092300000, 0x0000000092400000, 0x0000000092400000|100%| E|CS|TAMS 0x0000000092300000, 0x0000000092300000| Complete 
| 292|0x0000000092400000, 0x0000000092500000, 0x0000000092500000|100%| E|CS|TAMS 0x0000000092400000, 0x0000000092400000| Complete 
| 293|0x0000000092500000, 0x0000000092600000, 0x0000000092600000|100%| E|CS|TAMS 0x0000000092500000, 0x0000000092500000| Complete 
| 294|0x0000000092600000, 0x0000000092700000, 0x0000000092700000|100%| E|CS|TAMS 0x0000000092600000, 0x0000000092600000| Complete 
| 295|0x0000000092700000, 0x0000000092800000, 0x0000000092800000|100%| E|CS|TAMS 0x0000000092700000, 0x0000000092700000| Complete 
| 296|0x0000000092800000, 0x0000000092900000, 0x0000000092900000|100%| E|CS|TAMS 0x0000000092800000, 0x0000000092800000| Complete 
| 297|0x0000000092900000, 0x0000000092a00000, 0x0000000092a00000|100%| E|  |TAMS 0x0000000092900000, 0x0000000092900000| Complete 
| 298|0x0000000092a00000, 0x0000000092b00000, 0x0000000092b00000|100%| E|CS|TAMS 0x0000000092a00000, 0x0000000092a00000| Complete 
| 299|0x0000000092b00000, 0x0000000092c00000, 0x0000000092c00000|100%| E|CS|TAMS 0x0000000092b00000, 0x0000000092b00000| Complete 
| 300|0x0000000092c00000, 0x0000000092d00000, 0x0000000092d00000|100%| E|CS|TAMS 0x0000000092c00000, 0x0000000092c00000| Complete 
| 301|0x0000000092d00000, 0x0000000092e00000, 0x0000000092e00000|100%| E|CS|TAMS 0x0000000092d00000, 0x0000000092d00000| Complete 
| 302|0x0000000092e00000, 0x0000000092f00000, 0x0000000092f00000|100%| E|CS|TAMS 0x0000000092e00000, 0x0000000092e00000| Complete 
| 303|0x0000000092f00000, 0x0000000093000000, 0x0000000093000000|100%| E|CS|TAMS 0x0000000092f00000, 0x0000000092f00000| Complete 
| 304|0x0000000093000000, 0x0000000093100000, 0x0000000093100000|100%| E|CS|TAMS 0x0000000093000000, 0x0000000093000000| Complete 
| 305|0x0000000093100000, 0x0000000093200000, 0x0000000093200000|100%| E|CS|TAMS 0x0000000093100000, 0x0000000093100000| Complete 
| 306|0x0000000093200000, 0x0000000093300000, 0x0000000093300000|100%| E|CS|TAMS 0x0000000093200000, 0x0000000093200000| Complete 
| 307|0x0000000093300000, 0x0000000093400000, 0x0000000093400000|100%| E|CS|TAMS 0x0000000093300000, 0x0000000093300000| Complete 
| 308|0x0000000093400000, 0x0000000093500000, 0x0000000093500000|100%| E|CS|TAMS 0x0000000093400000, 0x0000000093400000| Complete 
| 309|0x0000000093500000, 0x0000000093600000, 0x0000000093600000|100%| E|CS|TAMS 0x0000000093500000, 0x0000000093500000| Complete 
| 310|0x0000000093600000, 0x0000000093700000, 0x0000000093700000|100%| E|CS|TAMS 0x0000000093600000, 0x0000000093600000| Complete 
| 311|0x0000000093700000, 0x0000000093800000, 0x0000000093800000|100%| E|CS|TAMS 0x0000000093700000, 0x0000000093700000| Complete 
| 312|0x0000000093800000, 0x0000000093900000, 0x0000000093900000|100%| E|CS|TAMS 0x0000000093800000, 0x0000000093800000| Complete 
| 313|0x0000000093900000, 0x0000000093a00000, 0x0000000093a00000|100%| E|CS|TAMS 0x0000000093900000, 0x0000000093900000| Complete 
| 314|0x0000000093a00000, 0x0000000093b00000, 0x0000000093b00000|100%| E|CS|TAMS 0x0000000093a00000, 0x0000000093a00000| Complete 
| 315|0x0000000093b00000, 0x0000000093c00000, 0x0000000093c00000|100%| E|CS|TAMS 0x0000000093b00000, 0x0000000093b00000| Complete 
| 316|0x0000000093c00000, 0x0000000093d00000, 0x0000000093d00000|100%| E|CS|TAMS 0x0000000093c00000, 0x0000000093c00000| Complete 
| 317|0x0000000093d00000, 0x0000000093e00000, 0x0000000093e00000|100%| E|CS|TAMS 0x0000000093d00000, 0x0000000093d00000| Complete 
| 318|0x0000000093e00000, 0x0000000093f00000, 0x0000000093f00000|100%| E|CS|TAMS 0x0000000093e00000, 0x0000000093e00000| Complete 
| 319|0x0000000093f00000, 0x0000000094000000, 0x0000000094000000|100%| E|CS|TAMS 0x0000000093f00000, 0x0000000093f00000| Complete 
| 320|0x0000000094000000, 0x0000000094100000, 0x0000000094100000|100%| E|CS|TAMS 0x0000000094000000, 0x0000000094000000| Complete 
| 321|0x0000000094100000, 0x0000000094200000, 0x0000000094200000|100%| E|CS|TAMS 0x0000000094100000, 0x0000000094100000| Complete 
| 322|0x0000000094200000, 0x0000000094300000, 0x0000000094300000|100%| E|CS|TAMS 0x0000000094200000, 0x0000000094200000| Complete 
| 323|0x0000000094300000, 0x0000000094400000, 0x0000000094400000|100%| E|CS|TAMS 0x0000000094300000, 0x0000000094300000| Complete 
| 324|0x0000000094400000, 0x0000000094500000, 0x0000000094500000|100%| E|CS|TAMS 0x0000000094400000, 0x0000000094400000| Complete 
| 325|0x0000000094500000, 0x0000000094600000, 0x0000000094600000|100%| E|CS|TAMS 0x0000000094500000, 0x0000000094500000| Complete 
| 326|0x0000000094600000, 0x0000000094700000, 0x0000000094700000|100%| E|CS|TAMS 0x0000000094600000, 0x0000000094600000| Complete 
| 327|0x0000000094700000, 0x0000000094800000, 0x0000000094800000|100%| E|CS|TAMS 0x0000000094700000, 0x0000000094700000| Complete 
| 328|0x0000000094800000, 0x0000000094900000, 0x0000000094900000|100%| E|CS|TAMS 0x0000000094800000, 0x0000000094800000| Complete 
| 329|0x0000000094900000, 0x0000000094a00000, 0x0000000094a00000|100%| E|CS|TAMS 0x0000000094900000, 0x0000000094900000| Complete 
| 330|0x0000000094a00000, 0x0000000094b00000, 0x0000000094b00000|100%| E|CS|TAMS 0x0000000094a00000, 0x0000000094a00000| Complete 
| 331|0x0000000094b00000, 0x0000000094c00000, 0x0000000094c00000|100%| E|CS|TAMS 0x0000000094b00000, 0x0000000094b00000| Complete 
| 332|0x0000000094c00000, 0x0000000094d00000, 0x0000000094d00000|100%| E|CS|TAMS 0x0000000094c00000, 0x0000000094c00000| Complete 
| 333|0x0000000094d00000, 0x0000000094e00000, 0x0000000094e00000|100%| E|CS|TAMS 0x0000000094d00000, 0x0000000094d00000| Complete 
| 334|0x0000000094e00000, 0x0000000094f00000, 0x0000000094f00000|100%| E|CS|TAMS 0x0000000094e00000, 0x0000000094e00000| Complete 
| 335|0x0000000094f00000, 0x0000000095000000, 0x0000000095000000|100%| E|CS|TAMS 0x0000000094f00000, 0x0000000094f00000| Complete 
| 336|0x0000000095000000, 0x0000000095100000, 0x0000000095100000|100%| E|CS|TAMS 0x0000000095000000, 0x0000000095000000| Complete 
| 337|0x0000000095100000, 0x0000000095200000, 0x0000000095200000|100%| E|CS|TAMS 0x0000000095100000, 0x0000000095100000| Complete 
| 338|0x0000000095200000, 0x0000000095300000, 0x0000000095300000|100%| E|CS|TAMS 0x0000000095200000, 0x0000000095200000| Complete 
| 339|0x0000000095300000, 0x0000000095400000, 0x0000000095400000|100%| E|CS|TAMS 0x0000000095300000, 0x0000000095300000| Complete 
| 340|0x0000000095400000, 0x0000000095500000, 0x0000000095500000|100%| E|CS|TAMS 0x0000000095400000, 0x0000000095400000| Complete 
| 341|0x0000000095500000, 0x0000000095600000, 0x0000000095600000|100%| E|CS|TAMS 0x0000000095500000, 0x0000000095500000| Complete 
| 342|0x0000000095600000, 0x0000000095700000, 0x0000000095700000|100%| E|CS|TAMS 0x0000000095600000, 0x0000000095600000| Complete 
| 343|0x0000000095700000, 0x0000000095800000, 0x0000000095800000|100%| E|CS|TAMS 0x0000000095700000, 0x0000000095700000| Complete 
| 344|0x0000000095800000, 0x0000000095900000, 0x0000000095900000|100%| E|CS|TAMS 0x0000000095800000, 0x0000000095800000| Complete 
| 345|0x0000000095900000, 0x0000000095a00000, 0x0000000095a00000|100%| E|CS|TAMS 0x0000000095900000, 0x0000000095900000| Complete 
| 346|0x0000000095a00000, 0x0000000095b00000, 0x0000000095b00000|100%| E|CS|TAMS 0x0000000095a00000, 0x0000000095a00000| Complete 
| 347|0x0000000095b00000, 0x0000000095c00000, 0x0000000095c00000|100%| E|CS|TAMS 0x0000000095b00000, 0x0000000095b00000| Complete 
| 348|0x0000000095c00000, 0x0000000095d00000, 0x0000000095d00000|100%| E|CS|TAMS 0x0000000095c00000, 0x0000000095c00000| Complete 
| 349|0x0000000095d00000, 0x0000000095e00000, 0x0000000095e00000|100%| E|CS|TAMS 0x0000000095d00000, 0x0000000095d00000| Complete 
| 350|0x0000000095e00000, 0x0000000095f00000, 0x0000000095f00000|100%| E|CS|TAMS 0x0000000095e00000, 0x0000000095e00000| Complete 
| 351|0x0000000095f00000, 0x0000000096000000, 0x0000000096000000|100%| E|CS|TAMS 0x0000000095f00000, 0x0000000095f00000| Complete 
| 352|0x0000000096000000, 0x0000000096100000, 0x0000000096100000|100%| E|CS|TAMS 0x0000000096000000, 0x0000000096000000| Complete 
| 353|0x0000000096100000, 0x0000000096200000, 0x0000000096200000|100%| E|CS|TAMS 0x0000000096100000, 0x0000000096100000| Complete 
| 354|0x0000000096200000, 0x0000000096300000, 0x0000000096300000|100%| E|CS|TAMS 0x0000000096200000, 0x0000000096200000| Complete 
| 355|0x0000000096300000, 0x0000000096400000, 0x0000000096400000|100%| E|CS|TAMS 0x0000000096300000, 0x0000000096300000| Complete 
| 356|0x0000000096400000, 0x0000000096500000, 0x0000000096500000|100%| E|CS|TAMS 0x0000000096400000, 0x0000000096400000| Complete 
| 357|0x0000000096500000, 0x0000000096600000, 0x0000000096600000|100%| E|CS|TAMS 0x0000000096500000, 0x0000000096500000| Complete 
| 358|0x0000000096600000, 0x0000000096700000, 0x0000000096700000|100%| E|CS|TAMS 0x0000000096600000, 0x0000000096600000| Complete 
| 359|0x0000000096700000, 0x0000000096800000, 0x0000000096800000|100%| E|CS|TAMS 0x0000000096700000, 0x0000000096700000| Complete 
| 360|0x0000000096800000, 0x0000000096900000, 0x0000000096900000|100%| E|CS|TAMS 0x0000000096800000, 0x0000000096800000| Complete 
| 361|0x0000000096900000, 0x0000000096a00000, 0x0000000096a00000|100%| E|CS|TAMS 0x0000000096900000, 0x0000000096900000| Complete 
| 362|0x0000000096a00000, 0x0000000096b00000, 0x0000000096b00000|100%| E|CS|TAMS 0x0000000096a00000, 0x0000000096a00000| Complete 
| 363|0x0000000096b00000, 0x0000000096c00000, 0x0000000096c00000|100%| E|CS|TAMS 0x0000000096b00000, 0x0000000096b00000| Complete 
| 364|0x0000000096c00000, 0x0000000096d00000, 0x0000000096d00000|100%| E|CS|TAMS 0x0000000096c00000, 0x0000000096c00000| Complete 
| 365|0x0000000096d00000, 0x0000000096e00000, 0x0000000096e00000|100%| E|CS|TAMS 0x0000000096d00000, 0x0000000096d00000| Complete 
| 366|0x0000000096e00000, 0x0000000096f00000, 0x0000000096f00000|100%| E|CS|TAMS 0x0000000096e00000, 0x0000000096e00000| Complete 

Card table byte_map: [0x000001ee4a670000,0x000001ee4aa70000] _byte_map_base: 0x000001ee4a270000

Marking Bits (Prev, Next): (CMBitMap*) 0x000001ee3789d070, (CMBitMap*) 0x000001ee3789d0b0
 Prev Bits: [0x000001ee4ae70000, 0x000001ee4ce70000)
 Next Bits: [0x000001ee4ce70000, 0x000001ee4ee70000)

Polling page: 0x000001ee35650000

Metaspace:

Usage:
  Non-class:    146.17 MB used.
      Class:     22.97 MB used.
       Both:    169.14 MB used.

Virtual space:
  Non-class space:      192.00 MB reserved,     147.12 MB ( 77%) committed,  3 nodes.
      Class space:        1.00 GB reserved,      23.88 MB (  2%) committed,  1 nodes.
             Both:        1.19 GB reserved,     171.00 MB ( 14%) committed. 

Chunk freelists:
   Non-Class:  12.39 MB
       Class:  7.98 MB
        Both:  20.37 MB

MaxMetaspaceSize: unlimited
CompressedClassSpaceSize: 1.00 GB
Initial GC threshold: 21.00 MB
Current GC threshold: 278.12 MB
CDS: off
MetaspaceReclaimPolicy: balanced
 - commit_granule_bytes: 65536.
 - commit_granule_words: 8192.
 - virtual_space_node_default_size: 8388608.
 - enlarge_chunks_in_place: 1.
 - new_chunks_are_fully_committed: 0.
 - uncommit_free_chunks: 1.
 - use_allocation_guard: 0.
 - handle_deallocations: 1.


Internal statistics:

num_allocs_failed_limit: 9.
num_arena_births: 4156.
num_arena_deaths: 590.
num_vsnodes_births: 4.
num_vsnodes_deaths: 0.
num_space_committed: 2861.
num_space_uncommitted: 126.
num_chunks_returned_to_freelist: 1093.
num_chunks_taken_from_freelist: 12585.
num_chunk_merges: 425.
num_chunk_splits: 7504.
num_chunks_enlarged: 4207.
num_inconsistent_stats: 0.

CodeHeap 'non-profiled nmethods': size=120000Kb used=30011Kb max_used=30011Kb free=89988Kb
 bounds [0x000001ee427f0000, 0x000001ee44550000, 0x000001ee49d20000]
CodeHeap 'profiled nmethods': size=120000Kb used=57519Kb max_used=58503Kb free=62480Kb
 bounds [0x000001ee3ad20000, 0x000001ee3e650000, 0x000001ee42250000]
CodeHeap 'non-nmethods': size=5760Kb used=1832Kb max_used=1964Kb free=3927Kb
 bounds [0x000001ee42250000, 0x000001ee424c0000, 0x000001ee427f0000]
 total_blobs=31107 nmethods=30169 adapters=845
 compilation: enabled
              stopped_count=0, restarted_count=0
 full_count=0

Compilation events (20 events):
Event: 4187.171 Thread 0x000001ee56396c40 39253       4       org.gradle.internal.properties.bean.DefaultPropertyWalker$ImplementationPropertyValue::getTaskDependencies (4 bytes)
Event: 4187.171 Thread 0x000001ee56396c40 nmethod 39253 0x000001ee4432f490 code [0x000001ee4432f600, 0x000001ee4432f678]
Event: 4187.171 Thread 0x000001ee56396c40 39251       4       org.gradle.internal.isolated.IsolationScheme::inferParameterType (101 bytes)
Event: 4187.180 Thread 0x000001ee5607ba20 39258       3       org.gradle.execution.plan.WorkNodeDependencyResolver::actionNodeFor (41 bytes)
Event: 4187.180 Thread 0x000001ee5607ba20 nmethod 39258 0x000001ee3b454d90 code [0x000001ee3b454f60, 0x000001ee3b4553c8]
Event: 4187.182 Thread 0x000001ee5607ba20 39259       3       org.gradle.internal.properties.annotations.AbstractTypeMetadataWalker$InstanceTypeMetadataWalker::walkNestedMap (17 bytes)
Event: 4187.183 Thread 0x000001ee5607ba20 nmethod 39259 0x000001ee3c1cce10 code [0x000001ee3c1cd020, 0x000001ee3c1cd7b8]
Event: 4187.183 Thread 0x000001ee5607ba20 39260       3       org.gradle.internal.properties.annotations.AbstractTypeMetadataWalker$InstanceTypeMetadataWalker$$Lambda$1692/0x0000000100e65668::<init> (15 bytes)
Event: 4187.183 Thread 0x000001ee5607ba20 nmethod 39260 0x000001ee3b627110 code [0x000001ee3b6272c0, 0x000001ee3b6274d8]
Event: 4187.185 Thread 0x000001ee5607ba20 39261       3       org.jetbrains.kotlin.gradle.tasks.KotlinCompile_Decorated::getPluginOptions (37 bytes)
Event: 4187.185 Thread 0x000001ee5607ba20 nmethod 39261 0x000001ee3ba0c610 code [0x000001ee3ba0c7e0, 0x000001ee3ba0cbf8]
Event: 4187.193 Thread 0x000001ee56396c40 nmethod 39251 0x000001ee4432c810 code [0x000001ee4432caa0, 0x000001ee4432e390]
Event: 4187.194 Thread 0x000001ee56396c40 39256       4       org.gradle.internal.reflect.Types::walkTypeHierarchy (220 bytes)
Event: 4187.194 Thread 0x000001ee5607b110 nmethod 39250 0x000001ee44538810 code [0x000001ee44538aa0, 0x000001ee4453a490]
Event: 4187.194 Thread 0x000001ee5607b110 39255       4       org.jetbrains.kotlin.gradle.plugin.mpp.compilationImpl.KotlinCompilationK2MultiplatformConfigurator$sam$org_gradle_api_Action$0::execute (12 bytes)
Event: 4187.194 Thread 0x000001ee5607b110 nmethod 39255 0x000001ee4432c490 code [0x000001ee4432c620, 0x000001ee4432c708]
Event: 4187.194 Thread 0x000001ee5607b110 39257       4       org.gradle.internal.isolated.IsolationScheme::unwrapTypeVariable (116 bytes)
Event: 4187.194 Thread 0x000001ee5607b110 nmethod 39257 0x000001ee4432c190 code [0x000001ee4432c300, 0x000001ee4432c3d8]
Event: 4187.199 Thread 0x000001ee5607b110 39262       4       org.gradle.api.internal.file.DefaultFileCollectionFactory::withResolver (43 bytes)
Event: 4187.200 Thread 0x000001ee5607b110 nmethod 39262 0x000001ee4432bd90 code [0x000001ee4432bf20, 0x000001ee4432c078]

GC Heap History (20 events):
Event: 2785.600 GC heap before
{Heap before GC invocations=82 (full 0):
 garbage-first heap   total 785408K, used 680472K [0x0000000080000000, 0x0000000100000000)
  region size 1024K, 391 young (400384K), 25 survivors (25600K)
 Metaspace       used 172940K, committed 174720K, reserved 1245184K
  class space    used 23515K, committed 24384K, reserved 1048576K
}
Event: 2785.605 GC heap after
{Heap after GC invocations=83 (full 0):
 garbage-first heap   total 785408K, used 262777K [0x0000000080000000, 0x0000000100000000)
  region size 1024K, 12 young (12288K), 12 survivors (12288K)
 Metaspace       used 172940K, committed 174720K, reserved 1245184K
  class space    used 23515K, committed 24384K, reserved 1048576K
}
Event: 2853.726 GC heap before
{Heap before GC invocations=83 (full 0):
 garbage-first heap   total 785408K, used 685689K [0x0000000080000000, 0x0000000100000000)
  region size 1024K, 396 young (405504K), 12 survivors (12288K)
 Metaspace       used 173904K, committed 176064K, reserved 1245184K
  class space    used 23680K, committed 24704K, reserved 1048576K
}
Event: 2853.734 GC heap after
{Heap after GC invocations=84 (full 0):
 garbage-first heap   total 785408K, used 267499K [0x0000000080000000, 0x0000000100000000)
  region size 1024K, 16 young (16384K), 16 survivors (16384K)
 Metaspace       used 173904K, committed 176064K, reserved 1245184K
  class space    used 23680K, committed 24704K, reserved 1048576K
}
Event: 2855.810 GC heap before
{Heap before GC invocations=84 (full 0):
 garbage-first heap   total 785408K, used 657643K [0x0000000080000000, 0x0000000100000000)
  region size 1024K, 398 young (407552K), 16 survivors (16384K)
 Metaspace       used 174141K, committed 176256K, reserved 1245184K
  class space    used 23704K, committed 24704K, reserved 1048576K
}
Event: 2855.822 GC heap after
{Heap after GC invocations=85 (full 0):
 garbage-first heap   total 785408K, used 281389K [0x0000000080000000, 0x0000000100000000)
  region size 1024K, 30 young (30720K), 30 survivors (30720K)
 Metaspace       used 174141K, committed 176256K, reserved 1245184K
  class space    used 23704K, committed 24704K, reserved 1048576K
}
Event: 2934.387 GC heap before
{Heap before GC invocations=85 (full 0):
 garbage-first heap   total 785408K, used 702253K [0x0000000080000000, 0x0000000100000000)
  region size 1024K, 391 young (400384K), 30 survivors (30720K)
 Metaspace       used 174350K, committed 176512K, reserved 1245184K
  class space    used 23707K, committed 24768K, reserved 1048576K
}
Event: 2934.400 GC heap after
{Heap after GC invocations=86 (full 0):
 garbage-first heap   total 785408K, used 301693K [0x0000000080000000, 0x0000000100000000)
  region size 1024K, 24 young (24576K), 24 survivors (24576K)
 Metaspace       used 174350K, committed 176512K, reserved 1245184K
  class space    used 23707K, committed 24768K, reserved 1048576K
}
Event: 3148.920 GC heap before
{Heap before GC invocations=86 (full 0):
 garbage-first heap   total 785408K, used 693885K [0x0000000080000000, 0x0000000100000000)
  region size 1024K, 370 young (378880K), 24 survivors (24576K)
 Metaspace       used 174551K, committed 176768K, reserved 1245184K
  class space    used 23707K, committed 24768K, reserved 1048576K
}
Event: 3148.923 GC heap after
{Heap after GC invocations=87 (full 0):
 garbage-first heap   total 785408K, used 260634K [0x0000000080000000, 0x0000000100000000)
  region size 1024K, 6 young (6144K), 6 survivors (6144K)
 Metaspace       used 174551K, committed 176768K, reserved 1245184K
  class space    used 23707K, committed 24768K, reserved 1048576K
}
Event: 3638.336 GC heap before
{Heap before GC invocations=87 (full 0):
 garbage-first heap   total 785408K, used 597530K [0x0000000080000000, 0x0000000100000000)
  region size 1024K, 307 young (314368K), 6 survivors (6144K)
 Metaspace       used 174697K, committed 176896K, reserved 1245184K
  class space    used 23707K, committed 24768K, reserved 1048576K
}
Event: 3638.473 GC heap after
{Heap after GC invocations=88 (full 1):
 garbage-first heap   total 375808K, used 109184K [0x0000000080000000, 0x0000000100000000)
  region size 1024K, 0 young (0K), 0 survivors (0K)
 Metaspace       used 167419K, committed 170880K, reserved 1245184K
  class space    used 23054K, committed 24384K, reserved 1048576K
}
Event: 4157.250 GC heap before
{Heap before GC invocations=88 (full 1):
 garbage-first heap   total 375808K, used 308864K [0x0000000080000000, 0x0000000100000000)
  region size 1024K, 196 young (200704K), 0 survivors (0K)
 Metaspace       used 168019K, committed 170944K, reserved 1245184K
  class space    used 23110K, committed 24384K, reserved 1048576K
}
Event: 4157.261 GC heap after
{Heap after GC invocations=89 (full 1):
 garbage-first heap   total 375808K, used 129345K [0x0000000080000000, 0x0000000100000000)
  region size 1024K, 20 young (20480K), 20 survivors (20480K)
 Metaspace       used 168019K, committed 170944K, reserved 1245184K
  class space    used 23110K, committed 24384K, reserved 1048576K
}
Event: 4159.656 GC heap before
{Heap before GC invocations=90 (full 1):
 garbage-first heap   total 375808K, used 311617K [0x0000000080000000, 0x0000000100000000)
  region size 1024K, 189 young (193536K), 20 survivors (20480K)
 Metaspace       used 170605K, committed 172608K, reserved 1245184K
  class space    used 23308K, committed 24384K, reserved 1048576K
}
Event: 4159.674 GC heap after
{Heap after GC invocations=91 (full 1):
 garbage-first heap   total 375808K, used 133053K [0x0000000080000000, 0x0000000100000000)
  region size 1024K, 5 young (5120K), 5 survivors (5120K)
 Metaspace       used 170605K, committed 172608K, reserved 1245184K
  class space    used 23308K, committed 24384K, reserved 1048576K
}
Event: 4159.755 GC heap before
{Heap before GC invocations=91 (full 1):
 garbage-first heap   total 375808K, used 149437K [0x0000000080000000, 0x0000000100000000)
  region size 1024K, 18 young (18432K), 5 survivors (5120K)
 Metaspace       used 170722K, committed 172736K, reserved 1245184K
  class space    used 23321K, committed 24384K, reserved 1048576K
}
Event: 4159.758 GC heap after
{Heap after GC invocations=92 (full 1):
 garbage-first heap   total 375808K, used 132684K [0x0000000080000000, 0x0000000100000000)
  region size 1024K, 3 young (3072K), 3 survivors (3072K)
 Metaspace       used 170722K, committed 172736K, reserved 1245184K
  class space    used 23321K, committed 24384K, reserved 1048576K
}
Event: 4187.007 GC heap before
{Heap before GC invocations=92 (full 1):
 garbage-first heap   total 375808K, used 310860K [0x0000000080000000, 0x0000000100000000)
  region size 1024K, 172 young (176128K), 3 survivors (3072K)
 Metaspace       used 173149K, committed 175040K, reserved 1245184K
  class space    used 23519K, committed 24448K, reserved 1048576K
}
Event: 4187.010 GC heap after
{Heap after GC invocations=93 (full 1):
 garbage-first heap   total 375808K, used 139885K [0x0000000080000000, 0x0000000100000000)
  region size 1024K, 7 young (7168K), 7 survivors (7168K)
 Metaspace       used 173149K, committed 175040K, reserved 1245184K
  class space    used 23519K, committed 24448K, reserved 1048576K
}

Dll operation events (3 events):
Event: 0.004 Loaded shared library E:\Android\AndroidStudio\jbr\bin\java.dll
Event: 0.087 Loaded shared library E:\Android\AndroidStudio\jbr\bin\zip.dll
Event: 0.216 Loaded shared library E:\Android\AndroidStudio\jbr\bin\verify.dll

Deoptimization events (20 events):
Event: 4159.918 Thread 0x000001ee58404100 DEOPT PACKING pc=0x000001ee3b5cee70 sp=0x0000006c5e8fbe50
Event: 4159.918 Thread 0x000001ee58404100 DEOPT UNPACKING pc=0x000001ee422a7143 sp=0x0000006c5e8fb318 mode 0
Event: 4159.919 Thread 0x000001ee58404100 DEOPT PACKING pc=0x000001ee3c913311 sp=0x0000006c5e8fb910
Event: 4159.919 Thread 0x000001ee58404100 DEOPT UNPACKING pc=0x000001ee422a7143 sp=0x0000006c5e8fad88 mode 0
Event: 4162.312 Thread 0x000001ee5dd382e0 Uncommon trap: trap_request=0xffffff45 fr.pc=0x000001ee430d6168 relative=0x0000000000001bc8
Event: 4162.312 Thread 0x000001ee5dd382e0 Uncommon trap: reason=unstable_if action=reinterpret pc=0x000001ee430d6168 method=org.gradle.internal.operations.DefaultBuildOperationRunner$2.execute(Lorg/gradle/internal/operations/BuildOperationDescriptor;Lorg/gradle/internal/operations/BuildOperationS
Event: 4162.312 Thread 0x000001ee5dd382e0 DEOPT PACKING pc=0x000001ee430d6168 sp=0x0000006c58bfb740
Event: 4162.312 Thread 0x000001ee5dd382e0 DEOPT UNPACKING pc=0x000001ee422a69a3 sp=0x0000006c58bfb758 mode 2
Event: 4187.140 Thread 0x000001ee57acd110 Uncommon trap: trap_request=0xfffffff4 fr.pc=0x000001ee43852924 relative=0x00000000000001e4
Event: 4187.140 Thread 0x000001ee57acd110 Uncommon trap: reason=null_check action=make_not_entrant pc=0x000001ee43852924 method=org.gradle.internal.properties.bean.DefaultPropertyWalker$CachedPropertyValue.isProvider()Z @ 6 c2
Event: 4187.140 Thread 0x000001ee57acd110 DEOPT PACKING pc=0x000001ee43852924 sp=0x0000006c567fa180
Event: 4187.140 Thread 0x000001ee57acd110 DEOPT UNPACKING pc=0x000001ee422a69a3 sp=0x0000006c567fa0b0 mode 2
Event: 4187.168 Thread 0x000001ee57acd110 Uncommon trap: trap_request=0xfffffff4 fr.pc=0x000001ee44331ea0 relative=0x0000000000000260
Event: 4187.168 Thread 0x000001ee57acd110 Uncommon trap: reason=null_check action=make_not_entrant pc=0x000001ee44331ea0 method=org.gradle.internal.properties.bean.DefaultPropertyWalker$CachedPropertyValue.isBuildable()Z @ 6 c2
Event: 4187.168 Thread 0x000001ee57acd110 DEOPT PACKING pc=0x000001ee44331ea0 sp=0x0000006c567fa770
Event: 4187.168 Thread 0x000001ee57acd110 DEOPT UNPACKING pc=0x000001ee422a69a3 sp=0x0000006c567fa6c0 mode 2
Event: 4187.200 Thread 0x000001ee5dd40170 Uncommon trap: trap_request=0xffffff45 fr.pc=0x000001ee43abed8c relative=0x00000000000007ec
Event: 4187.200 Thread 0x000001ee5dd40170 Uncommon trap: reason=unstable_if action=reinterpret pc=0x000001ee43abed8c method=org.gradle.internal.operations.DefaultBuildOperationExecutor$ListenerAdapter.stop(Lorg/gradle/internal/operations/BuildOperationDescriptor;Lorg/gradle/internal/operations/Bu
Event: 4187.200 Thread 0x000001ee5dd40170 DEOPT PACKING pc=0x000001ee43abed8c sp=0x0000006c592fe590
Event: 4187.200 Thread 0x000001ee5dd40170 DEOPT UNPACKING pc=0x000001ee422a69a3 sp=0x0000006c592fe578 mode 2

Classes unloaded (20 events):
Event: 3638.371 Thread 0x000001ee51b0e2b0 Unloading class 0x00000001001ad000 'java/lang/invoke/LambdaForm$MH+0x00000001001ad000'
Event: 3638.371 Thread 0x000001ee51b0e2b0 Unloading class 0x00000001001ac800 'java/lang/invoke/LambdaForm$MH+0x00000001001ac800'
Event: 3638.371 Thread 0x000001ee51b0e2b0 Unloading class 0x0000000100110000 'java/lang/invoke/LambdaForm$DMH+0x0000000100110000'
Event: 3638.371 Thread 0x000001ee51b0e2b0 Unloading class 0x00000001000eec00 'java/lang/invoke/LambdaForm$MH+0x00000001000eec00'
Event: 3638.371 Thread 0x000001ee51b0e2b0 Unloading class 0x00000001000ee800 'java/lang/invoke/LambdaForm$MH+0x00000001000ee800'
Event: 3638.371 Thread 0x000001ee51b0e2b0 Unloading class 0x00000001000ec400 'java/lang/invoke/LambdaForm$MH+0x00000001000ec400'
Event: 4157.312 Thread 0x000001ee51b0e2b0 Unloading class 0x0000000101725000 'jdk/internal/reflect/GeneratedMethodAccessor272'
Event: 4157.312 Thread 0x000001ee51b0e2b0 Unloading class 0x00000001010bd400 'jdk/internal/reflect/GeneratedSerializationConstructorAccessor181'
Event: 4157.312 Thread 0x000001ee51b0e2b0 Unloading class 0x00000001010bc800 'jdk/internal/reflect/GeneratedSerializationConstructorAccessor180'
Event: 4157.312 Thread 0x000001ee51b0e2b0 Unloading class 0x00000001010bc000 'jdk/internal/reflect/GeneratedSerializationConstructorAccessor179'
Event: 4157.312 Thread 0x000001ee51b0e2b0 Unloading class 0x000000010107e000 'jdk/internal/reflect/GeneratedSerializationConstructorAccessor178'
Event: 4157.312 Thread 0x000001ee51b0e2b0 Unloading class 0x000000010107dc00 'jdk/internal/reflect/GeneratedSerializationConstructorAccessor177'
Event: 4157.312 Thread 0x000001ee51b0e2b0 Unloading class 0x000000010107d800 'jdk/internal/reflect/GeneratedSerializationConstructorAccessor176'
Event: 4157.312 Thread 0x000001ee51b0e2b0 Unloading class 0x000000010107d400 'jdk/internal/reflect/GeneratedSerializationConstructorAccessor175'
Event: 4157.312 Thread 0x000001ee51b0e2b0 Unloading class 0x000000010107d000 'jdk/internal/reflect/GeneratedSerializationConstructorAccessor174'
Event: 4157.312 Thread 0x000001ee51b0e2b0 Unloading class 0x000000010107cc00 'jdk/internal/reflect/GeneratedSerializationConstructorAccessor173'
Event: 4157.312 Thread 0x000001ee51b0e2b0 Unloading class 0x000000010107c800 'jdk/internal/reflect/GeneratedSerializationConstructorAccessor172'
Event: 4157.312 Thread 0x000001ee51b0e2b0 Unloading class 0x000000010107c400 'jdk/internal/reflect/GeneratedSerializationConstructorAccessor171'
Event: 4157.312 Thread 0x000001ee51b0e2b0 Unloading class 0x000000010107c000 'jdk/internal/reflect/GeneratedSerializationConstructorAccessor170'
Event: 4157.312 Thread 0x000001ee51b0e2b0 Unloading class 0x0000000100f58000 'jdk/internal/reflect/GeneratedSerializationConstructorAccessor91'

Classes redefined (0 events):
No events

Internal exceptions (20 events):
Event: 4186.937 Thread 0x000001ee57acd110 Exception <a 'sun/nio/fs/WindowsException'{0x000000008d842df0}> (0x000000008d842df0) 
thrown [s\src\hotspot\share\prims\jni.cpp, line 517]
Event: 4186.937 Thread 0x000001ee57acd110 Exception <a 'sun/nio/fs/WindowsException'{0x000000008d845498}> (0x000000008d845498) 
thrown [s\src\hotspot\share\prims\jni.cpp, line 517]
Event: 4186.937 Thread 0x000001ee57acd110 Exception <a 'sun/nio/fs/WindowsException'{0x000000008d8456b0}> (0x000000008d8456b0) 
thrown [s\src\hotspot\share\prims\jni.cpp, line 517]
Event: 4186.937 Thread 0x000001ee57acd110 Exception <a 'sun/nio/fs/WindowsException'{0x000000008d84a488}> (0x000000008d84a488) 
thrown [s\src\hotspot\share\prims\jni.cpp, line 517]
Event: 4186.937 Thread 0x000001ee57acd110 Exception <a 'sun/nio/fs/WindowsException'{0x000000008d84a6a0}> (0x000000008d84a6a0) 
thrown [s\src\hotspot\share\prims\jni.cpp, line 517]
Event: 4187.005 Thread 0x000001ee57acd110 Exception <a 'sun/nio/fs/WindowsException'{0x000000008c3210d0}> (0x000000008c3210d0) 
thrown [s\src\hotspot\share\prims\jni.cpp, line 517]
Event: 4187.013 Thread 0x000001ee57acd110 Exception <a 'sun/nio/fs/WindowsException'{0x0000000096eac918}> (0x0000000096eac918) 
thrown [s\src\hotspot\share\prims\jni.cpp, line 517]
Event: 4187.014 Thread 0x000001ee57acd110 Exception <a 'sun/nio/fs/WindowsException'{0x0000000096eae400}> (0x0000000096eae400) 
thrown [s\src\hotspot\share\prims\jni.cpp, line 517]
Event: 4187.140 Thread 0x000001ee57acd110 Implicit null exception at 0x000001ee43852777 to 0x000001ee43852914
Event: 4187.141 Thread 0x000001ee57acd110 Exception <a 'sun/nio/fs/WindowsException'{0x0000000094c4e868}> (0x0000000094c4e868) 
thrown [s\src\hotspot\share\prims\jni.cpp, line 517]
Event: 4187.141 Thread 0x000001ee57acd110 Exception <a 'sun/nio/fs/WindowsException'{0x0000000094c55dc0}> (0x0000000094c55dc0) 
thrown [s\src\hotspot\share\prims\jni.cpp, line 517]
Event: 4187.141 Thread 0x000001ee57acd110 Exception <a 'sun/nio/fs/WindowsException'{0x0000000094c56ff0}> (0x0000000094c56ff0) 
thrown [s\src\hotspot\share\prims\jni.cpp, line 517]
Event: 4187.141 Thread 0x000001ee57acd110 Exception <a 'sun/nio/fs/WindowsException'{0x0000000094c58270}> (0x0000000094c58270) 
thrown [s\src\hotspot\share\prims\jni.cpp, line 517]
Event: 4187.141 Thread 0x000001ee57acd110 Exception <a 'sun/nio/fs/WindowsException'{0x0000000094c594f0}> (0x0000000094c594f0) 
thrown [s\src\hotspot\share\prims\jni.cpp, line 517]
Event: 4187.168 Thread 0x000001ee57acd110 Implicit null exception at 0x000001ee44331d22 to 0x000001ee44331e90
Event: 4187.190 Thread 0x000001ee5dd40170 Exception <a 'sun/nio/fs/WindowsException'{0x000000009406cb90}> (0x000000009406cb90) 
thrown [s\src\hotspot\share\prims\jni.cpp, line 517]
Event: 4187.199 Thread 0x000001ee5dd40170 Exception <a 'sun/nio/fs/WindowsException'{0x0000000093d93840}> (0x0000000093d93840) 
thrown [s\src\hotspot\share\prims\jni.cpp, line 517]
Event: 4187.199 Thread 0x000001ee5dd40170 Exception <a 'sun/nio/fs/WindowsException'{0x0000000093d95478}> (0x0000000093d95478) 
thrown [s\src\hotspot\share\prims\jni.cpp, line 517]
Event: 4187.199 Thread 0x000001ee5dd40170 Exception <a 'sun/nio/fs/WindowsException'{0x0000000093d97030}> (0x0000000093d97030) 
thrown [s\src\hotspot\share\prims\jni.cpp, line 517]
Event: 4187.200 Thread 0x000001ee5dd40170 Exception <a 'sun/nio/fs/WindowsException'{0x0000000093d988e0}> (0x0000000093d988e0) 
thrown [s\src\hotspot\share\prims\jni.cpp, line 517]

VM Operations (20 events):
Event: 4159.656 Executing VM operation: G1CollectForAllocation
Event: 4159.674 Executing VM operation: G1CollectForAllocation done
Event: 4159.755 Executing VM operation: G1CollectForAllocation
Event: 4159.758 Executing VM operation: G1CollectForAllocation done
Event: 4160.117 Executing VM operation: HandshakeAllThreads
Event: 4160.117 Executing VM operation: HandshakeAllThreads done
Event: 4161.128 Executing VM operation: Cleanup
Event: 4161.128 Executing VM operation: Cleanup done
Event: 4162.129 Executing VM operation: Cleanup
Event: 4162.129 Executing VM operation: Cleanup done
Event: 4163.129 Executing VM operation: Cleanup
Event: 4163.129 Executing VM operation: Cleanup done
Event: 4172.135 Executing VM operation: Cleanup
Event: 4172.135 Executing VM operation: Cleanup done
Event: 4186.932 Executing VM operation: HandshakeAllThreads
Event: 4186.932 Executing VM operation: HandshakeAllThreads done
Event: 4186.932 Executing VM operation: Cleanup
Event: 4186.932 Executing VM operation: Cleanup done
Event: 4187.007 Executing VM operation: G1CollectForAllocation
Event: 4187.010 Executing VM operation: G1CollectForAllocation done

Events (20 events):
Event: 4187.017 Thread 0x000001ee5dd3c4b0 Thread added: 0x000001ee5dd3c4b0
Event: 4187.187 Thread 0x000001ee5dd43e30 Thread added: 0x000001ee5dd43e30
Event: 4187.187 Thread 0x000001ee5dd42f00 Thread added: 0x000001ee5dd42f00
Event: 4187.187 Thread 0x000001ee5dd3f240 Thread added: 0x000001ee5dd3f240
Event: 4187.187 Thread 0x000001ee5dd41ac0 Thread added: 0x000001ee5dd41ac0
Event: 4187.187 Thread 0x000001ee5dd3fc60 Thread added: 0x000001ee5dd3fc60
Event: 4187.187 Thread 0x000001ee5dd41fd0 Thread added: 0x000001ee5dd41fd0
Event: 4187.187 Thread 0x000001ee5dd40170 Thread added: 0x000001ee5dd40170
Event: 4187.187 Thread 0x000001ee5dd424e0 Thread added: 0x000001ee5dd424e0
Event: 4187.187 Thread 0x000001ee5dd429f0 Thread added: 0x000001ee5dd429f0
Event: 4187.187 Thread 0x000001ee5dd43410 Thread added: 0x000001ee5dd43410
Event: 4187.187 Thread 0x000001ee5dd43920 Thread added: 0x000001ee5dd43920
Event: 4187.187 Thread 0x000001ee5dd44340 Thread added: 0x000001ee5dd44340
Event: 4187.188 Thread 0x000001ee5dd44850 Thread added: 0x000001ee5dd44850
Event: 4187.195 Thread 0x000001ee5bbad9a0 Thread added: 0x000001ee5bbad9a0
Event: 4187.195 Thread 0x000001ee5bbb0c40 Thread added: 0x000001ee5bbb0c40
Event: 4187.195 Thread 0x000001ee5bbb1660 Thread added: 0x000001ee5bbb1660
Event: 4187.195 Thread 0x000001ee5bbacf80 Thread added: 0x000001ee5bbacf80
Event: 4187.197 Thread 0x000001ee5bbb0730 Thread added: 0x000001ee5bbb0730
Event: 4187.197 Thread 0x000001ee5bbafd10 Thread added: 0x000001ee5bbafd10


Dynamic libraries:
0x00007ff7f19a0000 - 0x00007ff7f19aa000 	E:\Android\AndroidStudio\jbr\bin\java.exe
0x00007ffa82dd0000 - 0x00007ffa82fc8000 	C:\WINDOWS\SYSTEM32\ntdll.dll
0x00007ffa812c0000 - 0x00007ffa81381000 	C:\WINDOWS\System32\KERNEL32.DLL
0x00007ffa806c0000 - 0x00007ffa809bd000 	C:\WINDOWS\System32\KERNELBASE.dll
0x00007ffa80b70000 - 0x00007ffa80c70000 	C:\WINDOWS\System32\ucrtbase.dll
0x00007ffa559d0000 - 0x00007ffa559e7000 	E:\Android\AndroidStudio\jbr\bin\jli.dll
0x00007ffa82a30000 - 0x00007ffa82bcd000 	C:\WINDOWS\System32\USER32.dll
0x00007ffa805e0000 - 0x00007ffa80602000 	C:\WINDOWS\System32\win32u.dll
0x00007ffa6db90000 - 0x00007ffa6de2a000 	C:\WINDOWS\WinSxS\amd64_microsoft.windows.common-controls_6595b64144ccf1df_6.0.19041.4355_none_60b8b9eb71f62e16\COMCTL32.dll
0x00007ffa81390000 - 0x00007ffa813bb000 	C:\WINDOWS\System32\GDI32.dll
0x00007ffa82580000 - 0x00007ffa8261e000 	C:\WINDOWS\System32\msvcrt.dll
0x00007ffa809c0000 - 0x00007ffa80ad7000 	C:\WINDOWS\System32\gdi32full.dll
0x00007ffa80ce0000 - 0x00007ffa80d7d000 	C:\WINDOWS\System32\msvcp_win.dll
0x00007ffa6e640000 - 0x00007ffa6e65b000 	E:\Android\AndroidStudio\jbr\bin\VCRUNTIME140.dll
0x00007ffa81290000 - 0x00007ffa812bf000 	C:\WINDOWS\System32\IMM32.DLL
0x00007ffa725e0000 - 0x00007ffa725ec000 	E:\Android\AndroidStudio\jbr\bin\vcruntime140_1.dll
0x00007ffa4dd20000 - 0x00007ffa4ddad000 	E:\Android\AndroidStudio\jbr\bin\msvcp140.dll
0x00007ffa3bce0000 - 0x00007ffa3c963000 	E:\Android\AndroidStudio\jbr\bin\server\jvm.dll
0x00007ffa81470000 - 0x00007ffa81520000 	C:\WINDOWS\System32\ADVAPI32.dll
0x00007ffa82bd0000 - 0x00007ffa82c70000 	C:\WINDOWS\System32\sechost.dll
0x00007ffa81600000 - 0x00007ffa81723000 	C:\WINDOWS\System32\RPCRT4.dll
0x00007ffa80d80000 - 0x00007ffa80da7000 	C:\WINDOWS\System32\bcrypt.dll
0x00007ffa7fb00000 - 0x00007ffa7fb4b000 	C:\WINDOWS\SYSTEM32\POWRPROF.dll
0x00007ffa7bb90000 - 0x00007ffa7bb99000 	C:\WINDOWS\SYSTEM32\WSOCK32.dll
0x00007ffa77e50000 - 0x00007ffa77e77000 	C:\WINDOWS\SYSTEM32\WINMM.dll
0x00007ffa818c0000 - 0x00007ffa8192b000 	C:\WINDOWS\System32\WS2_32.dll
0x00007ffa7adc0000 - 0x00007ffa7adca000 	C:\WINDOWS\SYSTEM32\VERSION.dll
0x00007ffa7fae0000 - 0x00007ffa7faf2000 	C:\WINDOWS\SYSTEM32\UMPDC.dll
0x00007ffa7e320000 - 0x00007ffa7e332000 	C:\WINDOWS\SYSTEM32\kernel.appcore.dll
0x00007ffa79930000 - 0x00007ffa7993a000 	E:\Android\AndroidStudio\jbr\bin\jimage.dll
0x00007ffa7a6c0000 - 0x00007ffa7a8a4000 	C:\WINDOWS\SYSTEM32\DBGHELP.DLL
0x00007ffa7a640000 - 0x00007ffa7a674000 	C:\WINDOWS\SYSTEM32\dbgcore.DLL
0x00007ffa80ae0000 - 0x00007ffa80b62000 	C:\WINDOWS\System32\bcryptPrimitives.dll
0x00007ffa61e70000 - 0x00007ffa61e7e000 	E:\Android\AndroidStudio\jbr\bin\instrument.dll
0x00007ffa711a0000 - 0x00007ffa711c5000 	E:\Android\AndroidStudio\jbr\bin\java.dll
0x00007ffa750b0000 - 0x00007ffa750c8000 	E:\Android\AndroidStudio\jbr\bin\zip.dll
0x00007ffa81db0000 - 0x00007ffa8251f000 	C:\WINDOWS\System32\SHELL32.dll
0x00007ffa7e520000 - 0x00007ffa7ecbf000 	C:\WINDOWS\SYSTEM32\windows.storage.dll
0x00007ffa80ed0000 - 0x00007ffa81223000 	C:\WINDOWS\System32\combase.dll
0x00007ffa7fea0000 - 0x00007ffa7fece000 	C:\WINDOWS\SYSTEM32\Wldp.dll
0x00007ffa80e00000 - 0x00007ffa80ecd000 	C:\WINDOWS\System32\OLEAUT32.dll
0x00007ffa82900000 - 0x00007ffa829ad000 	C:\WINDOWS\System32\SHCORE.dll
0x00007ffa81230000 - 0x00007ffa81285000 	C:\WINDOWS\System32\shlwapi.dll
0x00007ffa803b0000 - 0x00007ffa803d4000 	C:\WINDOWS\SYSTEM32\profapi.dll
0x00007ffa712e0000 - 0x00007ffa712f9000 	E:\Android\AndroidStudio\jbr\bin\net.dll
0x00007ffa7ade0000 - 0x00007ffa7aeed000 	C:\WINDOWS\SYSTEM32\WINHTTP.dll
0x00007ffa7fc00000 - 0x00007ffa7fc6a000 	C:\WINDOWS\system32\mswsock.dll
0x00007ffa559f0000 - 0x00007ffa55a06000 	E:\Android\AndroidStudio\jbr\bin\nio.dll
0x00007ffa63ef0000 - 0x00007ffa63f00000 	E:\Android\AndroidStudio\jbr\bin\verify.dll
0x00007ffa6ded0000 - 0x00007ffa6def7000 	E:\Android\gradle\native\c067742578af261105cb4f569cf0c3c89f3d7b1fecec35dd04571415982c5e48\windows-amd64\native-platform.dll
0x00007ffa4dbd0000 - 0x00007ffa4dd14000 	E:\Android\gradle\native\38dada09dfb8b06ba9b0570ebf7e218e3eb74d4ef43ca46872605cf95ebc2f47\windows-amd64\native-platform-file-events.dll
0x00007ffa6de90000 - 0x00007ffa6de99000 	E:\Android\AndroidStudio\jbr\bin\management.dll
0x00007ffa6bc50000 - 0x00007ffa6bc5b000 	E:\Android\AndroidStudio\jbr\bin\management_ext.dll
0x00007ffa82c70000 - 0x00007ffa82c78000 	C:\WINDOWS\System32\PSAPI.DLL
0x00007ffa7fe00000 - 0x00007ffa7fe18000 	C:\WINDOWS\SYSTEM32\CRYPTSP.dll
0x00007ffa7f450000 - 0x00007ffa7f484000 	C:\WINDOWS\system32\rsaenh.dll
0x00007ffa80360000 - 0x00007ffa8038e000 	C:\WINDOWS\SYSTEM32\USERENV.dll
0x00007ffa7fdf0000 - 0x00007ffa7fdfc000 	C:\WINDOWS\SYSTEM32\CRYPTBASE.dll
0x00007ffa7f870000 - 0x00007ffa7f8ab000 	C:\WINDOWS\SYSTEM32\IPHLPAPI.DLL
0x00007ffa81730000 - 0x00007ffa81738000 	C:\WINDOWS\System32\NSI.dll
0x00007ffa7abc0000 - 0x00007ffa7abd7000 	C:\WINDOWS\SYSTEM32\dhcpcsvc6.DLL
0x00007ffa7b510000 - 0x00007ffa7b52d000 	C:\WINDOWS\SYSTEM32\dhcpcsvc.DLL
0x00007ffa7f8b0000 - 0x00007ffa7f97a000 	C:\WINDOWS\SYSTEM32\DNSAPI.dll
0x00007ffa79510000 - 0x00007ffa79519000 	E:\Android\AndroidStudio\jbr\bin\extnet.dll
0x00007ffa5a270000 - 0x00007ffa5a277000 	C:\WINDOWS\system32\wshunix.dll
0x00007ffa5e180000 - 0x00007ffa5e197000 	C:\WINDOWS\system32\napinsp.dll
0x00007ffa5dd00000 - 0x00007ffa5dd1b000 	C:\WINDOWS\system32\pnrpnsp.dll
0x00007ffa7b8a0000 - 0x00007ffa7b8bd000 	C:\WINDOWS\system32\NLAapi.dll
0x00007ffa5d7b0000 - 0x00007ffa5d7c2000 	C:\WINDOWS\System32\winrnr.dll
0x00007ffa5cca0000 - 0x00007ffa5ccb5000 	C:\WINDOWS\system32\wshbth.dll
0x00007ffa75730000 - 0x00007ffa7573a000 	C:\Windows\System32\rasadhlp.dll
0x00007ffa758f0000 - 0x00007ffa75970000 	C:\WINDOWS\System32\fwpuclnt.dll
0x00007ffa7f570000 - 0x00007ffa7f5a3000 	C:\WINDOWS\SYSTEM32\ntmarta.dll
0x00007ffa5d460000 - 0x00007ffa5d47e000 	C:\Users\Vil-g\AppData\Local\Temp\native-platform1877885130480654440dir\native-platform.dll
0x00007ffa71120000 - 0x00007ffa71127000 	E:\Android\AndroidStudio\jbr\bin\rmi.dll

dbghelp: loaded successfully - version: 4.0.5 - missing functions: none
symbol engine: initialized successfully - sym options: 0x614 - pdb path: .;E:\Android\AndroidStudio\jbr\bin;C:\WINDOWS\SYSTEM32;C:\WINDOWS\WinSxS\amd64_microsoft.windows.common-controls_6595b64144ccf1df_6.0.19041.4355_none_60b8b9eb71f62e16;E:\Android\AndroidStudio\jbr\bin\server;E:\Android\gradle\native\c067742578af261105cb4f569cf0c3c89f3d7b1fecec35dd04571415982c5e48\windows-amd64;E:\Android\gradle\native\38dada09dfb8b06ba9b0570ebf7e218e3eb74d4ef43ca46872605cf95ebc2f47\windows-amd64;C:\Users\Vil-g\AppData\Local\Temp\native-platform1877885130480654440dir

VM Arguments:
jvm_args: --add-opens=java.base/java.util=ALL-UNNAMED --add-opens=java.base/java.lang=ALL-UNNAMED --add-opens=java.base/java.lang.invoke=ALL-UNNAMED --add-opens=java.prefs/java.util.prefs=ALL-UNNAMED --add-opens=java.base/java.nio.charset=ALL-UNNAMED --add-opens=java.base/java.net=ALL-UNNAMED --add-opens=java.base/java.util.concurrent.atomic=ALL-UNNAMED -Xmx2048m -Dfile.encoding=UTF-8 -Duser.country=RU -Duser.language=ru -Duser.variant -javaagent:E:\Android\gradle\wrapper\dists\gradle-8.7-bin\bhs2wmbdwecv87pi65oeuq5iu\gradle-8.7\lib\agents\gradle-instrumentation-agent-8.7.jar 
java_command: org.gradle.launcher.daemon.bootstrap.GradleDaemon 8.7
java_class_path (initial): E:\Android\gradle\wrapper\dists\gradle-8.7-bin\bhs2wmbdwecv87pi65oeuq5iu\gradle-8.7\lib\gradle-launcher-8.7.jar
Launcher Type: SUN_STANDARD

[Global flags]
     intx CICompilerCount                          = 4                                         {product} {ergonomic}
     uint ConcGCThreads                            = 3                                         {product} {ergonomic}
     uint G1ConcRefinementThreads                  = 10                                        {product} {ergonomic}
   size_t G1HeapRegionSize                         = 1048576                                   {product} {ergonomic}
    uintx GCDrainStackTargetSize                   = 64                                        {product} {ergonomic}
   size_t InitialHeapSize                          = 268435456                                 {product} {ergonomic}
   size_t MarkStackSize                            = 4194304                                   {product} {ergonomic}
   size_t MaxHeapSize                              = 2147483648                                {product} {command line}
   size_t MaxNewSize                               = 1287651328                                {product} {ergonomic}
   size_t MinHeapDeltaBytes                        = 1048576                                   {product} {ergonomic}
   size_t MinHeapSize                              = 8388608                                   {product} {ergonomic}
    uintx NonNMethodCodeHeapSize                   = 5839372                                {pd product} {ergonomic}
    uintx NonProfiledCodeHeapSize                  = 122909434                              {pd product} {ergonomic}
    uintx ProfiledCodeHeapSize                     = 122909434                              {pd product} {ergonomic}
    uintx ReservedCodeCacheSize                    = 251658240                              {pd product} {ergonomic}
     bool SegmentedCodeCache                       = true                                      {product} {ergonomic}
   size_t SoftMaxHeapSize                          = 2147483648                             {manageable} {ergonomic}
     bool UseCompressedClassPointers               = true                           {product lp64_product} {ergonomic}
     bool UseCompressedOops                        = true                           {product lp64_product} {ergonomic}
     bool UseG1GC                                  = true                                      {product} {ergonomic}
     bool UseLargePagesIndividualAllocation        = false                                  {pd product} {ergonomic}

Logging:
Log output configuration:
 #0: stdout all=warning uptime,level,tags
 #1: stderr all=off uptime,level,tags

Environment Variables:
PATH=C:\WINDOWS\system32;C:\WINDOWS;C:\WINDOWS\System32\Wbem;C:\WINDOWS\System32\WindowsPowerShell\v1.0\;C:\WINDOWS\System32\OpenSSH\;C:\Program Files\NVIDIA Corporation\NVIDIA NvDLISR;C:\Program Files (x86)\NVIDIA Corporation\PhysX\Common;C:\Program Files\Git\cmd;C:\Users\Vil-g\AppData\Local\Microsoft\WindowsApps;C:\Users\Vil-g\AppData\Local\GitHubDesktop\bin
USERNAME=Vil-g
OS=Windows_NT
PROCESSOR_IDENTIFIER=Intel64 Family 6 Model 165 Stepping 3, GenuineIntel
TMP=C:\Users\Vil-g\AppData\Local\Temp
TEMP=C:\Users\Vil-g\AppData\Local\Temp



Periodic native trim disabled

JNI global refs:
JNI global refs: 30, weak refs: 4

JNI global refs memory usage: 843, weak refs: 841

OOME stack traces (most recent first):
Classloader memory used:
Loader org.gradle.internal.classloader.VisitableURLClassLoader$InstrumentingVisitableURLClassLoader: 8175K
Loader org.gradle.internal.classloader.VisitableURLClassLoader                         : 5696K
Loader bootstrap                                                                       : 3623K
Loader org.gradle.initialization.MixInLegacyTypesClassLoader                           : 1716K
Loader jdk.internal.loader.ClassLoaders$AppClassLoader                                 : 986K
Loader java.net.URLClassLoader                                                         : 810K
Loader jdk.internal.reflect.DelegatingClassLoader                                      : 501K
Loader jdk.internal.loader.ClassLoaders$PlatformClassLoader                            : 100539B
Loader org.gradle.internal.classloader.VisitableURLClassLoader                         : 42251B
Loader sun.reflect.misc.MethodUtil                                                     : 373B

Classes loaded by more than one classloader:
Class Program                                                                         : loaded 9 times (x 70B)
Class Build_gradle$1                                                                  : loaded 7 times (x 72B)
Class Build_gradle                                                                    : loaded 7 times (x 128B)
Class kotlin.text.StringsKt___StringsJvmKt                                            : loaded 4 times (x 69B)
Class kotlin.text.StringsKt__StringNumberConversionsKt                                : loaded 4 times (x 69B)
Class kotlin.ranges.IntRange$Companion                                                : loaded 4 times (x 69B)
Class kotlin.ranges.OpenEndRange                                                      : loaded 4 times (x 68B)
Class kotlin.collections.SetsKt__SetsKt                                               : loaded 4 times (x 69B)
Class kotlin.collections.ArraysKt__ArraysJVMKt                                        : loaded 4 times (x 69B)
Class kotlin.ranges.IntRange                                                          : loaded 4 times (x 91B)
Class kotlin.SynchronizedLazyImpl                                                     : loaded 4 times (x 74B)
Class kotlin.collections.CollectionsKt__ReversedViewsKt                               : loaded 4 times (x 69B)
Class kotlin.collections.CollectionsKt__IteratorsJVMKt                                : loaded 4 times (x 69B)
Class kotlin.collections.CollectionsKt__MutableCollectionsKt                          : loaded 4 times (x 69B)
Class kotlin.LazyKt                                                                   : loaded 4 times (x 69B)
Class kotlin.collections.CollectionsKt__IterablesKt                                   : loaded 4 times (x 69B)
Class kotlin.NoWhenBranchMatchedException                                             : loaded 4 times (x 80B)
Class kotlin.text.StringsKt__StringBuilderKt                                          : loaded 4 times (x 69B)
Class kotlin.text.StringsKt__StringsJVMKt                                             : loaded 4 times (x 69B)
Class kotlin.collections.CollectionsKt__CollectionsJVMKt                              : loaded 4 times (x 69B)
Class kotlin.collections.SetsKt___SetsKt                                              : loaded 4 times (x 69B)
Class kotlin.text.StringsKt__StringBuilderJVMKt                                       : loaded 4 times (x 69B)
Class kotlin.Pair                                                                     : loaded 4 times (x 70B)
Class kotlin.jvm.internal.Intrinsics                                                  : loaded 4 times (x 69B)
Class kotlin.text.StringsKt__RegexExtensionsKt                                        : loaded 4 times (x 69B)
Class kotlin.collections.MapsKt___MapsJvmKt                                           : loaded 4 times (x 69B)
Class kotlin.jvm.internal.FunctionReference                                           : loaded 4 times (x 120B)
Class kotlin.text.StringsKt___StringsKt                                               : loaded 4 times (x 69B)
Class kotlin.jvm.functions.Function0                                                  : loaded 4 times (x 68B)
Class kotlin.jvm.functions.Function1                                                  : loaded 4 times (x 68B)
Class kotlin.UninitializedPropertyAccessException                                     : loaded 4 times (x 80B)
Class kotlin.LazyKt__LazyKt                                                           : loaded 4 times (x 69B)
Class kotlin.jvm.KotlinReflectionNotSupportedError                                    : loaded 4 times (x 80B)
Class kotlin.reflect.KFunction                                                        : loaded 4 times (x 68B)
Class kotlin.internal.ProgressionUtilKt                                               : loaded 4 times (x 69B)
Class kotlin.ranges.ClosedRange                                                       : loaded 4 times (x 68B)
Class kotlin.KotlinNullPointerException                                               : loaded 4 times (x 81B)
Class kotlin.reflect.KCallable                                                        : loaded 4 times (x 68B)
Class kotlin.jvm.internal.Lambda                                                      : loaded 4 times (x 73B)
Class kotlin.collections.MapsKt___MapsKt                                              : loaded 4 times (x 69B)
Class kotlin.text.CharsKt__CharKt                                                     : loaded 4 times (x 69B)
Class kotlin.text.StringsKt__RegexExtensionsJVMKt                                     : loaded 4 times (x 69B)
Class kotlin.collections.ArraysKt                                                     : loaded 4 times (x 69B)
Class kotlin.reflect.KAnnotatedElement                                                : loaded 4 times (x 68B)
Class kotlin.collections.MapsKt__MapsKt                                               : loaded 4 times (x 69B)
Class kotlin.text.CharsKt                                                             : loaded 4 times (x 69B)
Class kotlin.collections.SetsKt__SetsJVMKt                                            : loaded 4 times (x 69B)
Class kotlin.ranges.RangesKt___RangesKt                                               : loaded 4 times (x 69B)
Class kotlin.collections.CollectionsKt___CollectionsKt                                : loaded 4 times (x 69B)
Class kotlin.UNINITIALIZED_VALUE                                                      : loaded 4 times (x 69B)
Class kotlin.text.StringsKt                                                           : loaded 4 times (x 69B)
Class kotlin.ranges.RangesKt                                                          : loaded 4 times (x 69B)
Class kotlin.collections.SetsKt                                                       : loaded 4 times (x 69B)
Class kotlin.reflect.KDeclarationContainer                                            : loaded 4 times (x 68B)
Class kotlin.jvm.internal.FunctionBase                                                : loaded 4 times (x 68B)
Class kotlin.Function                                                                 : loaded 4 times (x 68B)
Class kotlin.collections.CollectionsKt__MutableCollectionsJVMKt                       : loaded 4 times (x 69B)
Class kotlin.jvm.internal.markers.KMappedMarker                                       : loaded 4 times (x 68B)
Class kotlin.collections.CollectionsKt                                                : loaded 4 times (x 69B)
Class kotlin.collections.ArraysKt__ArraysKt                                           : loaded 4 times (x 69B)
Class kotlin.collections.ArraysKt___ArraysJvmKt                                       : loaded 4 times (x 69B)
Class kotlin.text.StringsKt__AppendableKt                                             : loaded 4 times (x 69B)
Class kotlin.collections.CollectionsKt___CollectionsJvmKt                             : loaded 4 times (x 69B)
Class kotlin.ranges.RangesKt__RangesKt                                                : loaded 4 times (x 69B)
Class kotlin.NotImplementedError                                                      : loaded 4 times (x 80B)
Class kotlin.jvm.internal.CallableReference$NoReceiver                                : loaded 4 times (x 69B)
Class kotlin.collections.CollectionsKt__CollectionsKt                                 : loaded 4 times (x 69B)
Class kotlin.collections.MapsKt                                                       : loaded 4 times (x 69B)
Class kotlin.collections.CollectionsKt__IteratorsKt                                   : loaded 4 times (x 69B)
Class kotlin.Lazy                                                                     : loaded 4 times (x 68B)
Class kotlin.collections.MapsKt__MapWithDefaultKt                                     : loaded 4 times (x 69B)
Class kotlin.jvm.internal.CallableReference                                           : loaded 4 times (x 104B)
Class kotlin.LazyKt__LazyJVMKt                                                        : loaded 4 times (x 69B)
Class kotlin.text.StringsKt__IndentKt                                                 : loaded 4 times (x 69B)
Class org.gradle.kotlin.dsl.VersionCatalogAccessorsKt                                 : loaded 4 times (x 69B)
Class kotlin.ranges.IntProgression                                                    : loaded 4 times (x 79B)
Class kotlin.text.CharsKt__CharJVMKt                                                  : loaded 4 times (x 69B)
Class kotlin.TuplesKt                                                                 : loaded 4 times (x 69B)
Class kotlin.text.StringsKt__StringsKt                                                : loaded 4 times (x 69B)
Class kotlin.ranges.IntProgression$Companion                                          : loaded 4 times (x 69B)
Class kotlin.text.StringsKt__StringNumberConversionsJVMKt                             : loaded 4 times (x 69B)
Class kotlin.collections.ArraysKt___ArraysKt                                          : loaded 4 times (x 69B)
Class kotlin.collections.MapsKt__MapsJVMKt                                            : loaded 4 times (x 69B)
Class kotlin.reflect.KProperty1                                                       : loaded 3 times (x 68B)
Class kotlin.reflect.KProperty0                                                       : loaded 3 times (x 68B)
Class kotlin.reflect.KProperty2                                                       : loaded 3 times (x 68B)
Class kotlin.text.Regex$Companion                                                     : loaded 3 times (x 69B)
Class kotlin.comparisons.ComparisonsKt___ComparisonsKt                                : loaded 3 times (x 69B)
Class [Lkotlin.LazyThreadSafetyMode;                                                  : loaded 3 times (x 67B)
Class kotlin.reflect.jvm.internal.KDeclarationContainerImpl$Data$moduleData$2         : loaded 3 times (x 77B)
Class kotlin.reflect.jvm.internal.KClassifierImpl                                     : loaded 3 times (x 68B)
Class kotlin.reflect.KClassifier                                                      : loaded 3 times (x 68B)
Class kotlin.reflect.KMutableProperty                                                 : loaded 3 times (x 68B)
Class kotlin.SafePublicationLazyImpl$Companion                                        : loaded 3 times (x 69B)
Class kotlin.reflect.jvm.internal.KClassImpl$Data$inheritedStaticMembers$2            : loaded 3 times (x 77B)
Class kotlin.reflect.jvm.internal.impl.builtins.CompanionObjectMapping                : loaded 3 times (x 69B)
Class kotlin.reflect.jvm.internal.EmptyContainerForLocal                              : loaded 3 times (x 82B)
Class kotlin.reflect.jvm.internal.impl.resolve.jvm.JvmPrimitiveType                   : loaded 3 times (x 77B)
Class kotlin.comparisons.ComparisonsKt                                                : loaded 3 times (x 69B)
Class kotlin.reflect.jvm.internal.KClassImpl$Data                                     : loaded 3 times (x 70B)
Class kotlin.reflect.jvm.internal.ReflectProperties                                   : loaded 3 times (x 69B)
Class [Lkotlin.reflect.KAnnotatedElement;                                             : loaded 3 times (x 67B)
Class kotlin.SafePublicationLazyImpl                                                  : loaded 3 times (x 74B)
Class kotlin.reflect.KProperty$Accessor                                               : loaded 3 times (x 68B)
Class [Lkotlin.reflect.jvm.internal.impl.name.ClassId;                                : loaded 3 times (x 67B)
Class kotlin.text.Regex                                                               : loaded 3 times (x 70B)
Class kotlin.jvm.internal.PropertyReference2                                          : loaded 3 times (x 125B)
Class kotlin.reflect.jvm.internal.impl.name.FqNameUnsafe                              : loaded 3 times (x 70B)
Class kotlin.reflect.jvm.internal.KClassImpl$Data$simpleName$2                        : loaded 3 times (x 77B)
Class kotlin.reflect.KProperty$Getter                                                 : loaded 3 times (x 68B)
Class kotlin.reflect.jvm.internal.ReflectProperties$Val                               : loaded 3 times (x 72B)
Class kotlin.jvm.internal.PropertyReference1                                          : loaded 3 times (x 125B)
Class kotlin.jvm.internal.PropertyReference0                                          : loaded 3 times (x 125B)
Class kotlin.reflect.jvm.internal.impl.builtins.PrimitiveType                         : loaded 3 times (x 77B)
Class kotlin.reflect.jvm.internal.KCallableImpl                                       : loaded 3 times (x 103B)
Class kotlin.collections.ArraysUtilJVM                                                : loaded 3 times (x 69B)
Class kotlin.reflect.KMutableProperty0                                                : loaded 3 times (x 68B)
Class kotlin.reflect.KMutableProperty1                                                : loaded 3 times (x 68B)
Class kotlin.reflect.KMutableProperty2                                                : loaded 3 times (x 68B)
Class [Lkotlin.reflect.KCallable;                                                     : loaded 3 times (x 67B)
Class kotlin.reflect.jvm.internal.RuntimeTypeMapper                                   : loaded 3 times (x 69B)
Class kotlin.reflect.jvm.internal.KCallableImpl$_returnType$1                         : loaded 3 times (x 77B)
Class kotlin.reflect.jvm.internal.KPropertyImpl$_javaField$1                          : loaded 3 times (x 77B)
Class kotlin.reflect.jvm.internal.ReflectionFactoryImpl                               : loaded 3 times (x 89B)
Class kotlin.jvm.internal.MutablePropertyReference                                    : loaded 3 times (x 117B)
Class kotlin.reflect.jvm.internal.KClassImpl$Data$declaredMembers$2                   : loaded 3 times (x 77B)
Class kotlin.reflect.jvm.internal.impl.builtins.StandardNames$FqNames                 : loaded 3 times (x 69B)
Class kotlin.reflect.jvm.internal.KClassImpl$Data$annotations$2                       : loaded 3 times (x 77B)
Class kotlin.reflect.jvm.internal.KClassImpl$Data$declaredStaticMembers$2             : loaded 3 times (x 77B)
Class [Lkotlin.reflect.jvm.internal.impl.builtins.PrimitiveType;                      : loaded 3 times (x 67B)
Class kotlin.reflect.jvm.internal.KClassImpl$Data$descriptor$2                        : loaded 3 times (x 77B)
Class kotlin.reflect.jvm.internal.KDeclarationContainerImpl                           : loaded 3 times (x 82B)
Class kotlin._Assertions                                                              : loaded 3 times (x 69B)
Class kotlin.reflect.jvm.internal.KProperty1Impl$delegateSource$1                     : loaded 3 times (x 77B)
Class kotlin.jvm.functions.Function9                                                  : loaded 3 times (x 68B)
Class kotlin.jvm.functions.Function8                                                  : loaded 3 times (x 68B)
Class kotlin.reflect.jvm.internal.KClassImpl$Data$allMembers$2                        : loaded 3 times (x 77B)
Class kotlin.jvm.functions.Function7                                                  : loaded 3 times (x 68B)
Class kotlin.jvm.functions.Function6                                                  : loaded 3 times (x 68B)
Class kotlin.jvm.functions.Function5                                                  : loaded 3 times (x 68B)
Class kotlin.reflect.jvm.internal.KClassImpl$Data$declaredNonStaticMembers$2          : loaded 3 times (x 77B)
Class kotlin.reflect.jvm.internal.impl.name.ClassId                                   : loaded 3 times (x 70B)
Class kotlin.jvm.functions.Function4                                                  : loaded 3 times (x 68B)
Class kotlin.jvm.functions.Function3                                                  : loaded 3 times (x 68B)
Class kotlin.reflect.jvm.internal.KDeclarationContainerImpl$Companion                 : loaded 3 times (x 69B)
Class kotlin.LazyThreadSafetyMode                                                     : loaded 3 times (x 77B)
Class kotlin.reflect.jvm.internal.KClassImpl$Data$allStaticMembers$2                  : loaded 3 times (x 77B)
Class kotlin.reflect.jvm.internal.KClassImpl$data$1                                   : loaded 3 times (x 77B)
Class kotlin.jvm.JvmClassMappingKt                                                    : loaded 3 times (x 69B)
Class kotlin.jvm.functions.Function10                                                 : loaded 3 times (x 68B)
Class kotlin.reflect.jvm.internal.KPropertyImpl$Companion                             : loaded 3 times (x 69B)
Class kotlin.reflect.jvm.internal.impl.builtins.jvm.JavaToKotlinClassMap              : loaded 3 times (x 69B)
Class [Lkotlin.reflect.KProperty;                                                     : loaded 3 times (x 67B)
Class kotlin.reflect.jvm.internal.KClassImpl$Data$allNonStaticMembers$2               : loaded 3 times (x 77B)
Class kotlin.reflect.jvm.internal.KTypeParameterOwnerImpl                             : loaded 3 times (x 68B)
Class kotlin.reflect.KTypeParameter                                                   : loaded 3 times (x 68B)
Class kotlin.jvm.functions.Function11                                                 : loaded 3 times (x 68B)
Class kotlin.reflect.jvm.internal.KPropertyImpl                                       : loaded 3 times (x 113B)
Class kotlin.jvm.functions.Function12                                                 : loaded 3 times (x 68B)
Class kotlin.reflect.jvm.internal.KCallableImpl$_parameters$1                         : loaded 3 times (x 77B)
Class kotlin.reflect.jvm.internal.KClassImpl$Data$supertypes$2                        : loaded 3 times (x 77B)
Class kotlin.jvm.functions.Function13                                                 : loaded 3 times (x 68B)
Class kotlin.reflect.jvm.internal.impl.builtins.PrimitiveType$typeFqName$2            : loaded 3 times (x 77B)
Class kotlin.reflect.jvm.internal.impl.utils.CollectionsKt                            : loaded 3 times (x 69B)
Class kotlin.reflect.jvm.internal.impl.builtins.StandardNames                         : loaded 3 times (x 69B)
Class [Lkotlin.reflect.jvm.internal.impl.resolve.jvm.JvmPrimitiveType;                : loaded 3 times (x 67B)
Class kotlin.reflect.jvm.internal.KClassImpl$Data$objectInstance$2                    : loaded 3 times (x 77B)
Class kotlin.reflect.jvm.internal.ReflectProperties$LazySoftVal                       : loaded 3 times (x 76B)
Class kotlin.reflect.jvm.internal.impl.builtins.jvm.JavaToKotlinClassMap$PlatformMutabilityMapping: loaded 3 times (x 70B)
Class kotlin.jvm.functions.Function14                                                 : loaded 3 times (x 68B)
Class kotlin.reflect.jvm.internal.KDeclarationContainerImpl$Data                      : loaded 3 times (x 70B)
Class kotlin.reflect.jvm.internal.impl.name.Name                                      : loaded 3 times (x 73B)
Class kotlin.jvm.functions.Function15                                                 : loaded 3 times (x 68B)
Class kotlin.reflect.jvm.internal.impl.name.StandardClassIds                          : loaded 3 times (x 69B)
Class kotlin.jvm.functions.Function16                                                 : loaded 3 times (x 68B)
Class kotlin.reflect.jvm.internal.KClassImpl$Data$qualifiedName$2                     : loaded 3 times (x 77B)
Class kotlin.jvm.internal.MutablePropertyReference2                                   : loaded 3 times (x 135B)
Class kotlin.reflect.KClass                                                           : loaded 3 times (x 68B)
Class kotlin.jvm.functions.Function17                                                 : loaded 3 times (x 68B)
Class kotlin.reflect.jvm.internal.impl.name.FqNamesUtilKt                             : loaded 3 times (x 69B)
Class kotlin.jvm.internal.MutablePropertyReference1                                   : loaded 3 times (x 135B)
Class kotlin.jvm.internal.MutablePropertyReference0                                   : loaded 3 times (x 135B)
Class kotlin.reflect.jvm.internal.impl.descriptors.runtime.structure.ReflectClassUtilKt: loaded 3 times (x 69B)
Class kotlin.reflect.KProperty                                                        : loaded 3 times (x 68B)
Class kotlin.jvm.functions.Function18                                                 : loaded 3 times (x 68B)
Class kotlin.jvm.functions.Function19                                                 : loaded 3 times (x 68B)
Class kotlin.reflect.jvm.internal.KPropertyImpl$_descriptor$1                         : loaded 3 times (x 77B)
Class kotlin.reflect.jvm.internal.KClassImpl$Data$inheritedNonStaticMembers$2         : loaded 3 times (x 77B)
Class kotlin.reflect.jvm.internal.KClassImpl$Data$typeParameters$2                    : loaded 3 times (x 77B)
Class kotlin.jvm.internal.ClassBasedDeclarationContainer                              : loaded 3 times (x 68B)
Class kotlin.reflect.jvm.internal.KProperty1Impl                                      : loaded 3 times (x 126B)
Class kotlin.LazyKt__LazyJVMKt$WhenMappings                                           : loaded 3 times (x 69B)
Class [Lkotlin.reflect.KDeclarationContainer;                                         : loaded 3 times (x 67B)
Class kotlin.reflect.jvm.internal.KotlinReflectionInternalError                       : loaded 3 times (x 80B)
Class kotlin.reflect.jvm.internal.KClassImpl$Data$nestedClasses$2                     : loaded 3 times (x 77B)
Class kotlin.reflect.jvm.internal.impl.builtins.PrimitiveType$Companion               : loaded 3 times (x 69B)
Class kotlin.reflect.jvm.internal.KClassImpl                                          : loaded 3 times (x 113B)
Class kotlin.reflect.jvm.internal.KClassImpl$Data$constructors$2                      : loaded 3 times (x 77B)
Class [Lkotlin.reflect.jvm.internal.impl.builtins.jvm.JavaToKotlinClassMap$PlatformMutabilityMapping;: loaded 3 times (x 67B)
Class kotlin.jvm.internal.DefaultConstructorMarker                                    : loaded 3 times (x 69B)
Class kotlin.reflect.KType                                                            : loaded 3 times (x 68B)
Class kotlin.comparisons.ComparisonsKt___ComparisonsJvmKt                             : loaded 3 times (x 69B)
Class kotlin.reflect.jvm.internal.KClassImpl$Data$sealedSubclasses$2                  : loaded 3 times (x 77B)
Class kotlin.jvm.internal.PropertyReference1Impl                                      : loaded 3 times (x 125B)
Class kotlin.reflect.jvm.internal.impl.name.FqName                                    : loaded 3 times (x 70B)
Class kotlin.reflect.jvm.internal.KProperty1Impl$_getter$1                            : loaded 3 times (x 77B)
Class kotlin.jvm.internal.Reflection                                                  : loaded 3 times (x 69B)
Class [Lkotlin.reflect.KClass;                                                        : loaded 3 times (x 67B)
Class [Lkotlin.reflect.KClassifier;                                                   : loaded 3 times (x 67B)
Class kotlin.reflect.full.IllegalPropertyDelegateAccessException                      : loaded 3 times (x 80B)
Class kotlin.jvm.internal.PropertyReference                                           : loaded 3 times (x 113B)
Class kotlin.jvm.functions.Function20                                                 : loaded 3 times (x 68B)
Class kotlin.jvm.functions.Function21                                                 : loaded 3 times (x 68B)
Class kotlin.reflect.jvm.internal.impl.name.SpecialNames                              : loaded 3 times (x 69B)
Class kotlin.jvm.internal.ReflectionFactory                                           : loaded 3 times (x 89B)
Class kotlin.reflect.jvm.internal.KCallableImpl$_annotations$1                        : loaded 3 times (x 77B)
Class kotlin.jvm.functions.Function22                                                 : loaded 3 times (x 68B)
Class kotlin.reflect.jvm.internal.impl.name.FqNameUnsafe$1                            : loaded 3 times (x 72B)
Class kotlin.reflect.jvm.internal.impl.name.StandardClassIdsKt                        : loaded 3 times (x 69B)
Class kotlin.reflect.jvm.internal.impl.builtins.PrimitiveType$arrayTypeFqName$2       : loaded 3 times (x 77B)
Class kotlin.comparisons.ComparisonsKt__ComparisonsKt                                 : loaded 3 times (x 69B)
Class [Lkotlin.reflect.jvm.internal.impl.name.FqName;                                 : loaded 3 times (x 67B)
Class kotlin.reflect.jvm.internal.ReflectProperties$Val$1                             : loaded 3 times (x 69B)
Class kotlin.reflect.full.IllegalCallableAccessException                              : loaded 3 times (x 80B)
Class kotlin.jvm.functions.Function2                                                  : loaded 3 times (x 68B)
Class kotlin.reflect.jvm.internal.KCallableImpl$_typeParameters$1                     : loaded 3 times (x 77B)
Class com.google.common.collect.ImmutableRangeSet                                     : loaded 2 times (x 113B)
Class com.google.common.collect.ImmutableCollection                                   : loaded 2 times (x 123B)
Class com.google.common.base.PairwiseEquivalence                                      : loaded 2 times (x 81B)
Class com.google.common.base.Ticker                                                   : loaded 2 times (x 70B)
Class org.gradle.api.internal.ClassPathProvider                                       : loaded 2 times (x 68B)
Class com.google.common.base.Ascii                                                    : loaded 2 times (x 69B)
Class com.google.common.collect.RegularImmutableMap$Values                            : loaded 2 times (x 167B)
Class org.objectweb.asm.ModuleWriter                                                  : loaded 2 times (x 80B)
Class org.gradle.internal.classloader.ClasspathUtil$1                                 : loaded 2 times (x 74B)
Class com.google.common.io.ByteSource$AsCharSource                                    : loaded 2 times (x 84B)
Class com.google.common.collect.ImmutableEnumMap                                      : loaded 2 times (x 123B)
Class com.google.common.collect.ImmutableList$ReverseImmutableList                    : loaded 2 times (x 168B)
Class net.rubygrapefruit.platform.internal.Platform$Posix                             : loaded 2 times (x 79B)
Class org.objectweb.asm.ByteVector                                                    : loaded 2 times (x 77B)
Class kotlin.collections.EmptyList                                                    : loaded 2 times (x 134B)
Class com.google.common.cache.AbstractCache$StatsCounter                              : loaded 2 times (x 68B)
Class com.google.common.collect.Maps$EntryFunction$1                                  : loaded 2 times (x 89B)
Class com.google.common.collect.Maps$EntryFunction$2                                  : loaded 2 times (x 89B)
Class org.objectweb.asm.FieldVisitor                                                  : loaded 2 times (x 75B)
Class org.objectweb.asm.Symbol                                                        : loaded 2 times (x 71B)
Class Build_gradle$1$1                                                                : loaded 2 times (x 76B)
Class Build_gradle$1$2                                                                : loaded 2 times (x 77B)
Class com.google.common.collect.Ordering                                              : loaded 2 times (x 112B)
Class com.google.common.reflect.TypeToken                                             : loaded 2 times (x 71B)
Class com.google.common.reflect.TypeToken$2                                           : loaded 2 times (x 106B)
Class Build_gradle$1$3                                                                : loaded 2 times (x 76B)
Class com.google.common.cache.LocalCache$Strength$1                                   : loaded 2 times (x 79B)
Class Build_gradle$1$4                                                                : loaded 2 times (x 72B)
Class com.google.common.cache.LocalCache$Strength$2                                   : loaded 2 times (x 79B)
Class com.google.common.cache.LocalCache$Strength$3                                   : loaded 2 times (x 79B)
Class org.gradle.internal.classloader.ClassLoaderFactory                              : loaded 2 times (x 68B)
Class com.google.common.collect.ObjectArrays                                          : loaded 2 times (x 69B)
Class com.google.common.cache.CacheBuilder                                            : loaded 2 times (x 70B)
Class kotlin.io.LinesSequence$iterator$1                                              : loaded 2 times (x 77B)
Class com.google.common.base.Absent                                                   : loaded 2 times (x 78B)
Class com.google.common.util.concurrent.AbstractFuture$Waiter                         : loaded 2 times (x 70B)
Class com.google.common.reflect.TypeToken$1                                           : loaded 2 times (x 106B)
Class com.google.common.util.concurrent.Uninterruptibles                              : loaded 2 times (x 69B)
Class com.google.common.collect.Iterators$10                                          : loaded 2 times (x 79B)
Class Build_gradle$1$2$1                                                              : loaded 2 times (x 77B)
Class com.google.common.collect.CompoundOrdering                                      : loaded 2 times (x 113B)
Class com.google.common.collect.Iterators$EmptyModifiableIterator                     : loaded 2 times (x 84B)
Class com.google.common.collect.ImmutableList                                         : loaded 2 times (x 166B)
Class org.gradle.api.internal.classpath.ManifestUtil                                  : loaded 2 times (x 69B)
Class org.gradle.api.specs.Spec                                                       : loaded 2 times (x 68B)
Class com.google.common.collect.ForwardingObject                                      : loaded 2 times (x 70B)
Class com.google.common.collect.RangeSet                                              : loaded 2 times (x 68B)
Class org.gradle.api.internal.classpath.ModuleRegistry                                : loaded 2 times (x 68B)
Class com.google.common.cache.CacheLoader$UnsupportedLoadingOperationException        : loaded 2 times (x 80B)
Class com.google.common.base.CharMatcher$Whitespace                                   : loaded 2 times (x 110B)
Class com.google.common.base.CharMatcher$JavaLetterOrDigit                            : loaded 2 times (x 109B)
Class org.gradle.api.GradleException                                                  : loaded 2 times (x 80B)
Class com.google.common.util.concurrent.ListenableFuture                              : loaded 2 times (x 68B)
Class com.google.common.collect.MapMaker$Dummy                                        : loaded 2 times (x 77B)
Class org.gradle.internal.classloader.VisitableURLClassLoader$Spec                    : loaded 2 times (x 72B)
Class com.google.common.collect.Iterators$1                                           : loaded 2 times (x 79B)
Class com.google.common.collect.BaseImmutableMultimap                                 : loaded 2 times (x 121B)
Class com.google.common.collect.Iterators$4                                           : loaded 2 times (x 80B)
Class com.google.common.collect.RegularImmutableMap$BucketOverflowException           : loaded 2 times (x 80B)
Class kotlin.sequences.SequencesKt__SequenceBuilderKt                                 : loaded 2 times (x 69B)
Class com.google.common.collect.Iterators$5                                           : loaded 2 times (x 80B)
Class com.google.common.collect.Iterators$6                                           : loaded 2 times (x 79B)
Class com.google.common.util.concurrent.AbstractFuture$UnsafeAtomicHelper             : loaded 2 times (x 76B)
Class com.google.common.base.Joiner                                                   : loaded 2 times (x 77B)
Class com.google.common.base.Equivalence$Equals                                       : loaded 2 times (x 80B)
Class com.google.common.base.Preconditions                                            : loaded 2 times (x 69B)
Class com.google.common.base.Function                                                 : loaded 2 times (x 68B)
Class com.google.common.collect.Iterators$9                                           : loaded 2 times (x 79B)
Class com.google.common.collect.RegularImmutableBiMap                                 : loaded 2 times (x 146B)
Class com.google.common.cache.LocalCache$2                                            : loaded 2 times (x 140B)
Class kotlin.reflect.jvm.internal.pcollections.ConsPStack                             : loaded 2 times (x 77B)
Class [Lnet.rubygrapefruit.platform.internal.FunctionResult$Failure;                  : loaded 2 times (x 67B)
Class com.google.common.cache.LocalCache$1                                            : loaded 2 times (x 87B)
Class net.rubygrapefruit.platform.internal.Platform$Windows                           : loaded 2 times (x 77B)
Class org.gradle.internal.IoActions                                                   : loaded 2 times (x 69B)
Class com.google.common.collect.MapMakerInternalMap$StrongKeyDummyValueEntry$Helper   : loaded 2 times (x 77B)
Class com.google.common.collect.AllEqualOrdering                                      : loaded 2 times (x 112B)
Class com.google.common.collect.ComparatorOrdering                                    : loaded 2 times (x 113B)
Class org.objectweb.asm.RecordComponentWriter                                         : loaded 2 times (x 76B)
Class com.google.common.cache.ReferenceEntry                                          : loaded 2 times (x 68B)
Class com.google.common.collect.RegularImmutableMap$KeySet                            : loaded 2 times (x 148B)
Class com.google.common.collect.CollectPreconditions                                  : loaded 2 times (x 69B)
Class org.objectweb.asm.AnnotationVisitor                                             : loaded 2 times (x 76B)
Class androidx.room.DatabaseProcessingStep                                            : loaded 2 times (x 77B)
Class kotlin.sequences.SequencesKt                                                    : loaded 2 times (x 69B)
Class com.google.common.collect.LexicographicalOrdering                               : loaded 2 times (x 113B)
Class [Lcom.google.common.base.Function;                                              : loaded 2 times (x 67B)
Class com.google.common.primitives.IntsMethodsForWeb                                  : loaded 2 times (x 69B)
Class com.google.common.collect.ImmutableSortedMap$Builder                            : loaded 2 times (x 88B)
Class com.google.common.collect.RangeGwtSerializationDependencies                     : loaded 2 times (x 69B)
Class kotlin.io.TextStreamsKt                                                         : loaded 2 times (x 69B)
Class kotlin.collections.EmptyIterator                                                : loaded 2 times (x 87B)
Class com.google.common.collect.Maps                                                  : loaded 2 times (x 69B)
Class com.google.common.collect.RegularImmutableMap                                   : loaded 2 times (x 119B)
Class com.google.common.base.FunctionalEquivalence                                    : loaded 2 times (x 81B)
Class com.google.common.collect.AbstractIndexedListIterator                           : loaded 2 times (x 94B)
Class [Lcom.google.common.cache.RemovalCause;                                         : loaded 2 times (x 67B)
Class net.rubygrapefruit.platform.internal.NativeLibraryLocator                       : loaded 2 times (x 71B)
Class com.google.common.base.CharMatcher$None                                         : loaded 2 times (x 110B)
Class androidx.room.processor.Context                                                 : loaded 2 times (x 70B)
Class com.google.common.collect.Multimap                                              : loaded 2 times (x 68B)
Class org.gradle.api.internal.classpath.EffectiveClassPath                            : loaded 2 times (x 88B)
Class com.google.common.collect.UnmodifiableListIterator                              : loaded 2 times (x 93B)
Class com.google.common.base.Optional                                                 : loaded 2 times (x 78B)
Class com.google.common.io.Files                                                      : loaded 2 times (x 69B)
Class com.google.common.collect.ByFunctionOrdering                                    : loaded 2 times (x 113B)
Class com.google.common.cache.CacheLoader$FunctionToCacheLoader                       : loaded 2 times (x 73B)
Class com.google.common.cache.CacheBuilder$1                                          : loaded 2 times (x 83B)
Class com.google.common.cache.CacheBuilder$2                                          : loaded 2 times (x 70B)
Class com.google.common.collect.ImmutableList$1                                       : loaded 2 times (x 95B)
Class com.google.common.base.Splitter$Strategy                                        : loaded 2 times (x 68B)
Class com.google.common.base.JdkPattern                                               : loaded 2 times (x 73B)
Class com.google.common.collect.ImmutableMapEntrySet$RegularEntrySet                  : loaded 2 times (x 149B)
Class com.google.common.collect.NaturalOrdering                                       : loaded 2 times (x 113B)
Class androidx.room.compiler.processing.javac.JavacBasicAnnotationProcessor$commonDelegate$2: loaded 2 times (x 77B)
Class com.google.common.base.Predicates$CompositionPredicate                          : loaded 2 times (x 86B)
Class [Lcom.google.common.cache.RemovalListener;                                      : loaded 2 times (x 67B)
Class [Lcom.google.common.collect.ImmutableMapEntry;                                  : loaded 2 times (x 67B)
Class [Lcom.google.common.reflect.Types$ClassOwnership;                               : loaded 2 times (x 67B)
Class net.rubygrapefruit.platform.internal.Platform$Unsupported                       : loaded 2 times (x 77B)
Class com.google.common.collect.Interners                                             : loaded 2 times (x 69B)
Class com.google.common.collect.ImmutableRangeSet$ComplementRanges                    : loaded 2 times (x 167B)
Class com.google.common.collect.MapMakerInternalMap$AbstractStrongKeyEntry            : loaded 2 times (x 78B)
Class com.google.common.collect.NullsFirstOrdering                                    : loaded 2 times (x 113B)
Class com.google.common.io.ByteStreams$LimitedInputStream                             : loaded 2 times (x 90B)
Class com.google.common.collect.MapMakerInternalMap$Strength$1                        : loaded 2 times (x 78B)
Class org.gradle.internal.installation.CurrentGradleInstallation                      : loaded 2 times (x 71B)
Class com.google.common.collect.Hashing                                               : loaded 2 times (x 69B)
Class com.google.common.collect.MapMakerInternalMap$Strength$2                        : loaded 2 times (x 78B)
Class kotlin.Metadata                                                                 : loaded 2 times (x 68B)
Class org.gradle.internal.agents.InstrumentingClassLoader                             : loaded 2 times (x 68B)
Class org.gradle.internal.installation.CurrentGradleInstallationLocator               : loaded 2 times (x 69B)
Class com.google.common.base.CharMatcher$SingleWidth                                  : loaded 2 times (x 110B)
Class androidx.room.compiler.processing.javac.JavacProcessingEnv$messager$2           : loaded 2 times (x 77B)
Class androidx.room.compiler.processing.XProcessingStep                               : loaded 2 times (x 68B)
Class com.google.common.cache.LocalCache$LoadingValueReference                        : loaded 2 times (x 94B)
Class [Lcom.google.common.cache.LocalCache$Segment;                                   : loaded 2 times (x 67B)
Class org.gradle.api.internal.classpath.Module                                        : loaded 2 times (x 68B)
Class com.google.common.io.ByteSource$ByteArrayByteSource                             : loaded 2 times (x 83B)
Class com.google.common.collect.Interners$InternerImpl                                : loaded 2 times (x 73B)
Class com.google.common.collect.ImmutableSortedSet                                    : loaded 2 times (x 233B)
Class kotlin.annotation.Target                                                        : loaded 2 times (x 68B)
Class com.google.common.base.Splitter$1$1                                             : loaded 2 times (x 84B)
Class org.gradle.kotlin.dsl.TestImplementationConfigurationAccessorsKt                : loaded 2 times (x 69B)
Class net.rubygrapefruit.platform.internal.NativeLibraryLoader                        : loaded 2 times (x 71B)
Class com.google.common.collect.MapMakerInternalMap$Segment                           : loaded 2 times (x 140B)
Class net.rubygrapefruit.platform.ProcessLauncher                                     : loaded 2 times (x 68B)
Class com.google.common.base.Platform$JdkPatternCompiler                              : loaded 2 times (x 73B)
Class kotlin.sequences.SequencesKt__SequencesKt                                       : loaded 2 times (x 69B)
Class com.google.common.reflect.Types                                                 : loaded 2 times (x 69B)
Class com.google.common.base.Stopwatch                                                : loaded 2 times (x 70B)
Class kotlin.sequences.SequencesKt__SequencesJVMKt                                    : loaded 2 times (x 69B)
Class com.google.common.collect.UnmodifiableIterator                                  : loaded 2 times (x 78B)
Class com.google.common.collect.ImmutableSet$JdkBackedSetBuilderImpl                  : loaded 2 times (x 74B)
Class org.gradle.internal.classloader.DefaultClassLoaderFactory                       : loaded 2 times (x 80B)
Class com.google.common.reflect.Types$TypeVariableInvocationHandler                   : loaded 2 times (x 73B)
Class com.google.common.reflect.Types$ClassOwnership                                  : loaded 2 times (x 78B)
Class com.google.common.collect.ImmutableSet$RegularSetBuilderImpl                    : loaded 2 times (x 75B)
Class [Lorg.objectweb.asm.AnnotationWriter;                                           : loaded 2 times (x 67B)
Class org.gradle.internal.service.CachingServiceLocator                               : loaded 2 times (x 80B)
Class com.google.common.cache.CacheLoader$InvalidCacheLoadException                   : loaded 2 times (x 80B)
Class com.google.common.cache.LocalCache$Values                                       : loaded 2 times (x 116B)
Class [Lcom.google.common.collect.ImmutableEntry;                                     : loaded 2 times (x 67B)
Class com.google.common.io.Closer                                                     : loaded 2 times (x 76B)
Class net.rubygrapefruit.platform.internal.Platform$Linux64Bit                        : loaded 2 times (x 81B)
Class [Landroidx.room.compiler.processing.XProcessingEnv$Backend;                     : loaded 2 times (x 67B)
Class com.google.common.collect.Sets$ImprovedAbstractSet                              : loaded 2 times (x 133B)
Class org.gradle.internal.classpath.DefaultClassPath                                  : loaded 2 times (x 88B)
Class com.google.common.base.Strings                                                  : loaded 2 times (x 69B)
Class com.google.common.collect.MapMakerInternalMap$1                                 : loaded 2 times (x 81B)
Class com.google.common.collect.Collections2$FilteredCollection                       : loaded 2 times (x 117B)
Class com.google.common.collect.ArrayListMultimap                                     : loaded 2 times (x 170B)
Class androidx.room.compiler.processing.XProcessingEnv$Backend                        : loaded 2 times (x 77B)
Class kotlin.annotation.Retention                                                     : loaded 2 times (x 68B)
Class com.google.common.util.concurrent.AbstractFuture$SetFuture                      : loaded 2 times (x 73B)
Class com.google.common.util.concurrent.AbstractFuture$SynchronizedHelper             : loaded 2 times (x 76B)
Class kotlin.sequences.SequencesKt___SequencesKt                                      : loaded 2 times (x 69B)
Class com.google.common.collect.CollectCollectors                                     : loaded 2 times (x 69B)
Class org.gradle.internal.service.UnknownServiceException                             : loaded 2 times (x 81B)
Class org.gradle.internal.service.DefaultServiceLocator                               : loaded 2 times (x 81B)
Class com.google.common.collect.ImmutableSortedMap$1EntrySet                          : loaded 2 times (x 151B)
Class com.google.common.io.ByteStreams$1                                              : loaded 2 times (x 83B)
Class kotlin.reflect.jvm.internal.impl.builtins.functions.FunctionClassKind           : loaded 2 times (x 78B)
Class com.google.common.collect.TransformedIterator                                   : loaded 2 times (x 78B)
Class com.google.common.base.Splitter$SplittingIterator                               : loaded 2 times (x 82B)
Class androidx.room.compiler.processing.javac.JavacBasicAnnotationProcessor$steps$2   : loaded 2 times (x 77B)
Class kotlin.reflect.jvm.internal.pcollections.IntTree                                : loaded 2 times (x 70B)
Class com.google.common.reflect.TypeParameter                                         : loaded 2 times (x 70B)
Class com.google.common.math.MathPreconditions                                        : loaded 2 times (x 69B)
Class kotlin.enums.EnumEntriesList                                                    : loaded 2 times (x 183B)
Class com.google.common.cache.LocalCache$LocalManualCache$1                           : loaded 2 times (x 73B)
Class com.google.common.collect.ImmutableMultimap                                     : loaded 2 times (x 145B)
Class androidx.room.compiler.processing.javac.JavacProcessingEnv                      : loaded 2 times (x 108B)
Class com.google.common.cache.CacheBuilder$NullListener                               : loaded 2 times (x 80B)
Class Build_gradle$2                                                                  : loaded 2 times (x 77B)
Class kotlin.jvm.internal.TypeIntrinsics                                              : loaded 2 times (x 69B)
Class com.google.common.reflect.Types$ClassOwnership$1LocalClass                      : loaded 2 times (x 69B)
Class org.objectweb.asm.Label                                                         : loaded 2 times (x 71B)
Class com.google.common.collect.Lists$RandomAccessReverseList                         : loaded 2 times (x 160B)
Class [Lcom.google.common.collect.HashBiMap$BiEntry;                                  : loaded 2 times (x 67B)
Class org.gradle.internal.classloader.ClassLoaderVisitor                              : loaded 2 times (x 74B)
Class com.google.common.math.IntMath$1                                                : loaded 2 times (x 69B)
Class androidx.room.util.SimpleJavaVersion$Companion                                  : loaded 2 times (x 69B)
Class [Lcom.google.common.collect.AbstractIterator$State;                             : loaded 2 times (x 67B)
Class org.objectweb.asm.SymbolTable$Entry                                             : loaded 2 times (x 72B)
Class [Lcom.google.common.cache.LocalCache$EntryFactory;                              : loaded 2 times (x 67B)
Class org.objectweb.asm.AnnotationWriter                                              : loaded 2 times (x 77B)
Class com.google.common.collect.Lists                                                 : loaded 2 times (x 69B)
Class kotlin.sequences.ConstrainedOnceSequence                                        : loaded 2 times (x 73B)
Class com.google.common.collect.BiMap                                                 : loaded 2 times (x 68B)
Class net.rubygrapefruit.platform.internal.jni.NativeLibraryFunctions                 : loaded 2 times (x 69B)
Class com.google.common.collect.Sets$SetView                                          : loaded 2 times (x 136B)
Class com.google.common.collect.Maps$KeySet                                           : loaded 2 times (x 135B)
Class com.google.common.base.CharMatcher$InRange                                      : loaded 2 times (x 109B)
Class com.google.common.base.PatternCompiler                                          : loaded 2 times (x 68B)
Class com.google.common.base.CharMatcher$Is                                           : loaded 2 times (x 109B)
Class com.google.common.collect.Maps$AbstractFilteredMap                              : loaded 2 times (x 125B)
Class com.google.common.base.Platform                                                 : loaded 2 times (x 69B)
Class com.google.common.collect.RegularImmutableAsList                                : loaded 2 times (x 176B)
Class com.google.common.base.Suppliers$NonSerializableMemoizingSupplier               : loaded 2 times (x 77B)
Class com.google.common.collect.PeekingIterator                                       : loaded 2 times (x 68B)
Class [Lcom.google.common.cache.CacheBuilder$NullListener;                            : loaded 2 times (x 67B)
Class [Lcom.google.common.base.Supplier;                                              : loaded 2 times (x 67B)
Class com.google.common.collect.ImmutableSetMultimap                                  : loaded 2 times (x 178B)
Class com.google.common.collect.Maps$8                                                : loaded 2 times (x 80B)
Class com.google.common.collect.ExplicitOrdering                                      : loaded 2 times (x 113B)
Class com.google.common.collect.AbstractRangeSet                                      : loaded 2 times (x 112B)
Class org.gradle.internal.classpath.DefaultClassPath$ImmutableUniqueList$Builder      : loaded 2 times (x 73B)
Class [Lcom.google.common.cache.LocalCache$Strength;                                  : loaded 2 times (x 67B)
Class com.google.common.reflect.TypeResolver$TypeTable$1                              : loaded 2 times (x 71B)
Class com.google.common.collect.ImmutableMapEntrySet                                  : loaded 2 times (x 149B)
Class com.google.common.cache.CacheLoader                                             : loaded 2 times (x 72B)
Class kotlin.io.NoSuchFileException                                                   : loaded 2 times (x 80B)
Class com.google.common.collect.ImmutableBiMapFauxverideShim                          : loaded 2 times (x 118B)
Class com.google.common.collect.RegularImmutableSet                                   : loaded 2 times (x 146B)
Class org.objectweb.asm.MethodTooLargeException                                       : loaded 2 times (x 81B)
Class com.google.common.reflect.Invokable$MethodInvokable                             : loaded 2 times (x 103B)
Class com.google.common.reflect.TypeResolver$TypeTable                                : loaded 2 times (x 71B)
Class com.google.common.collect.HashBiMap$Inverse                                     : loaded 2 times (x 140B)
Class com.google.common.collect.AbstractMapBasedMultimap$WrappedCollection            : loaded 2 times (x 122B)
Class com.google.common.cache.Cache                                                   : loaded 2 times (x 68B)
Class com.google.common.collect.Maps$EntrySet                                         : loaded 2 times (x 134B)
Class org.gradle.internal.classloader.FilteringClassLoader                            : loaded 2 times (x 103B)
Class org.gradle.internal.classloader.SystemClassLoaderSpec                           : loaded 2 times (x 69B)
Class com.google.common.util.concurrent.internal.InternalFutureFailureAccess          : loaded 2 times (x 70B)
Class com.google.common.cache.LocalCache$StrongValueReference                         : loaded 2 times (x 88B)
Class androidx.room.util.SimpleJavaVersion                                            : loaded 2 times (x 73B)
Class net.rubygrapefruit.platform.internal.Platform$FreeBSD64Bit                      : loaded 2 times (x 80B)
Class com.google.common.base.Charsets                                                 : loaded 2 times (x 69B)
Class com.google.common.primitives.Ints$IntConverter                                  : loaded 2 times (x 88B)
Class com.google.common.collect.SingletonImmutableSet                                 : loaded 2 times (x 144B)
Class com.google.common.reflect.Types$TypeVariableImpl                                : loaded 2 times (x 70B)
Class com.google.common.collect.Interners$InternerBuilder                             : loaded 2 times (x 74B)
Class [Lcom.google.common.base.AbstractIterator$State;                                : loaded 2 times (x 67B)
Class androidx.room.DatabaseProcessingStep$Companion                                  : loaded 2 times (x 69B)
Class com.google.common.collect.ImmutableMap$Builder                                  : loaded 2 times (x 80B)
Class kotlin.io.FileAlreadyExistsException                                            : loaded 2 times (x 80B)
Class net.rubygrapefruit.platform.internal.Platform$MacOs                             : loaded 2 times (x 80B)
Class com.google.common.base.AbstractIterator                                         : loaded 2 times (x 78B)
Class kotlin.reflect.jvm.internal.impl.builtins.functions.FunctionClassKind$Companion : loaded 2 times (x 69B)
Class org.objectweb.asm.ClassWriter                                                   : loaded 2 times (x 104B)
Class kotlin.text.Charsets                                                            : loaded 2 times (x 69B)
Class com.google.common.collect.Range                                                 : loaded 2 times (x 85B)
Class com.google.common.base.AbstractIterator$1                                       : loaded 2 times (x 69B)
Class com.google.common.base.Predicate                                                : loaded 2 times (x 68B)
Class com.google.common.cache.LocalCache$EntryFactory$8                               : loaded 2 times (x 81B)
Class com.google.common.cache.LocalCache$EntryFactory$7                               : loaded 2 times (x 81B)
Class kotlin.io.LinesSequence                                                         : loaded 2 times (x 73B)
Class kotlin.collections.MapWithDefault                                               : loaded 2 times (x 68B)
Class [Lcom.google.common.cache.CacheBuilder$OneWeigher;                              : loaded 2 times (x 67B)
Class net.rubygrapefruit.platform.NativeIntegrationLinkageException                   : loaded 2 times (x 80B)
Class com.google.common.collect.Iterators                                             : loaded 2 times (x 69B)
Class com.google.common.base.CharMatcher$1                                            : loaded 2 times (x 111B)
Class com.google.common.base.CharMatcher$Ascii                                        : loaded 2 times (x 110B)
Class com.google.common.cache.LocalCache$ComputingValueReference                      : loaded 2 times (x 94B)
Class com.google.common.cache.LocalCache$SoftValueReference                           : loaded 2 times (x 95B)
Class com.google.common.reflect.TypeResolver$TypeVariableKey                          : loaded 2 times (x 70B)
Class com.google.common.collect.ImmutableList$SerializedForm                          : loaded 2 times (x 71B)
Class org.gradle.api.UncheckedIOException                                             : loaded 2 times (x 80B)
Class com.google.common.base.CharMatcher$And                                          : loaded 2 times (x 110B)
Class kotlin.io.FilesKt__FileReadWriteKt                                              : loaded 2 times (x 69B)
Class [Lcom.google.common.io.FileWriteMode;                                           : loaded 2 times (x 67B)
Class com.google.common.io.Files$FileByteSink                                         : loaded 2 times (x 75B)
Class com.google.common.collect.IndexedImmutableSet                                   : loaded 2 times (x 148B)
Class com.google.common.base.ExtraObjectsMethodsForWeb                                : loaded 2 times (x 69B)
Class org.gradle.kotlin.dsl.KaptConfigurationAccessorsKt                              : loaded 2 times (x 69B)
Class com.google.common.cache.LocalCache$EntryFactory$6                               : loaded 2 times (x 81B)
Class androidx.room.compiler.processing.XProcessingEnvConfig                          : loaded 2 times (x 69B)
Class com.google.common.collect.IndexedImmutableSet$1                                 : loaded 2 times (x 172B)
Class com.google.common.collect.AbstractListMultimap                                  : loaded 2 times (x 170B)
Class com.google.common.base.CharMatcher$Any                                          : loaded 2 times (x 110B)
Class com.google.common.cache.LocalCache$EntryFactory$5                               : loaded 2 times (x 81B)
Class com.google.common.cache.LocalCache$EntryFactory$4                               : loaded 2 times (x 81B)
Class com.google.common.cache.LocalCache$Strength                                     : loaded 2 times (x 79B)
Class com.google.common.collect.AbstractMapBasedMultimap$KeySet                       : loaded 2 times (x 135B)
Class [Lcom.google.common.collect.Maps$EntryFunction;                                 : loaded 2 times (x 67B)
Class com.google.common.collect.SortedIterable                                        : loaded 2 times (x 68B)
Class com.google.common.collect.ArrayListMultimapGwtSerializationDependencies         : loaded 2 times (x 170B)
Class kotlin.Unit                                                                     : loaded 2 times (x 69B)
Class kotlin.io.FilePathComponents                                                    : loaded 2 times (x 70B)
Class com.google.common.base.CharMatcher$RangesMatcher                                : loaded 2 times (x 110B)
Class com.google.common.collect.AbstractMapBasedMultimap$RandomAccessWrappedList      : loaded 2 times (x 165B)
Class com.google.common.cache.LocalCache$EntryFactory$3                               : loaded 2 times (x 81B)
Class org.objectweb.asm.Handler                                                       : loaded 2 times (x 70B)
Class androidx.room.RoomProcessor$1                                                   : loaded 2 times (x 76B)
Class com.google.common.cache.LocalCache$EntryFactory$2                               : loaded 2 times (x 81B)
Class kotlin.comparisons.NaturalOrderComparator                                       : loaded 2 times (x 86B)
Class com.google.common.collect.ImmutableSortedSet$Builder                            : loaded 2 times (x 84B)
Class com.google.common.cache.LocalCache$EntryFactory$1                               : loaded 2 times (x 81B)
Class net.rubygrapefruit.platform.internal.Platform$Linux32Bit                        : loaded 2 times (x 81B)
Class com.google.common.collect.ImmutableList$SubList                                 : loaded 2 times (x 168B)
Class com.google.common.primitives.Ints                                               : loaded 2 times (x 69B)
Class net.rubygrapefruit.platform.internal.Platform$MacOs64Bit                        : loaded 2 times (x 80B)
Class com.google.common.cache.LocalCache$ValueReference                               : loaded 2 times (x 68B)
Class com.google.common.collect.CollectSpliterators                                   : loaded 2 times (x 69B)
Class org.gradle.internal.classloader.ClasspathUtil                                   : loaded 2 times (x 69B)
Class com.google.common.base.Equivalence                                              : loaded 2 times (x 80B)
Class org.objectweb.asm.CurrentFrame                                                  : loaded 2 times (x 71B)
Class com.google.common.util.concurrent.AbstractFuture                                : loaded 2 times (x 93B)
Class kotlin.io.FileSystemException                                                   : loaded 2 times (x 80B)
Class com.google.common.reflect.TypeResolver                                          : loaded 2 times (x 70B)
Class androidx.room.processor.Context$Companion                                       : loaded 2 times (x 69B)
Class androidx.room.compiler.processing.javac.XTypeElementStore                       : loaded 2 times (x 70B)
Class org.gradle.kotlin.dsl.AndroidTestImplementationConfigurationAccessorsKt         : loaded 2 times (x 69B)
Class kotlin.reflect.jvm.internal.pcollections.IntTreePMap                            : loaded 2 times (x 70B)
Class kotlin.io.FilesKt                                                               : loaded 2 times (x 69B)
Class com.google.common.base.Splitter$1                                               : loaded 2 times (x 75B)
Class com.google.common.collect.ImmutableSet$EmptySetBuilderImpl                      : loaded 2 times (x 74B)
Class com.google.common.collect.ReverseOrdering                                       : loaded 2 times (x 113B)
Class com.google.common.collect.TransformedListIterator                               : loaded 2 times (x 91B)
Class com.google.common.collect.ImmutableSortedSetFauxverideShim                      : loaded 2 times (x 145B)
Class com.google.common.cache.LocalCache$ValueIterator                                : loaded 2 times (x 84B)
Class com.google.common.base.Ticker$1                                                 : loaded 2 times (x 70B)
Class com.google.common.collect.Maps$BiMapConverter                                   : loaded 2 times (x 88B)
Class org.gradle.api.internal.DefaultClassPathRegistry                                : loaded 2 times (x 74B)
Class com.google.common.collect.ImmutableSortedMap                                    : loaded 2 times (x 176B)
Class com.google.common.collect.AbstractIterator$State                                : loaded 2 times (x 77B)
Class com.google.common.util.concurrent.AbstractFuture$Cancellation                   : loaded 2 times (x 70B)
Class [Lorg.objectweb.asm.Symbol;                                                     : loaded 2 times (x 67B)
Class com.google.common.base.Predicates                                               : loaded 2 times (x 69B)
Class com.google.common.collect.Interner                                              : loaded 2 times (x 68B)
Class com.google.common.collect.ImmutableSet$SetBuilderImpl                           : loaded 2 times (x 74B)
Class org.gradle.api.internal.classpath.DefaultModuleRegistry$DefaultModule           : loaded 2 times (x 84B)
Class net.rubygrapefruit.platform.internal.Platform                                   : loaded 2 times (x 77B)
Class com.google.common.base.CharMatcher$JavaIsoControl                               : loaded 2 times (x 110B)
Class com.google.common.collect.ImmutableMap$1                                        : loaded 2 times (x 79B)
Class com.google.common.base.Converter                                                : loaded 2 times (x 88B)
Class com.google.common.base.CharMatcher$Or                                           : loaded 2 times (x 110B)
Class com.google.common.collect.ImmutableMap                                          : loaded 2 times (x 118B)
Class com.google.common.io.Files$FileByteSource                                       : loaded 2 times (x 83B)
Class com.google.common.collect.ImmutableSortedAsList                                 : loaded 2 times (x 180B)
Class com.google.common.cache.RemovalCause$1                                          : loaded 2 times (x 78B)
Class com.google.common.cache.RemovalCause$2                                          : loaded 2 times (x 78B)
Class androidx.room.compiler.processing.XBasicAnnotationProcessor                     : loaded 2 times (x 68B)
Class com.google.common.reflect.Reflection                                            : loaded 2 times (x 69B)
Class com.google.common.cache.RemovalCause$3                                          : loaded 2 times (x 78B)
Class com.google.common.collect.ImmutableMap$IteratorBasedImmutableMap                : loaded 2 times (x 123B)
Class com.google.common.cache.RemovalCause$4                                          : loaded 2 times (x 78B)
Class com.google.common.cache.RemovalCause$5                                          : loaded 2 times (x 78B)
Class com.google.common.base.CharMatcher$BitSetMatcher                                : loaded 2 times (x 110B)
Class com.google.common.base.Suppliers$SupplierOfInstance                             : loaded 2 times (x 77B)
Class org.objectweb.asm.RecordComponentVisitor                                        : loaded 2 times (x 75B)
Class com.google.common.util.concurrent.AbstractFuture$Failure                        : loaded 2 times (x 70B)
Class com.google.common.reflect.Types$ClassOwnership$1                                : loaded 2 times (x 78B)
Class com.google.common.reflect.Invokable                                             : loaded 2 times (x 99B)
Class com.google.common.reflect.Types$ClassOwnership$2                                : loaded 2 times (x 78B)
Class com.google.common.reflect.Types$ClassOwnership$3                                : loaded 2 times (x 69B)
Class com.google.common.cache.LocalCache$HashIterator                                 : loaded 2 times (x 84B)
Class com.google.common.collect.Iterables                                             : loaded 2 times (x 69B)
Class com.google.common.base.CharMatcher$JavaLowerCase                                : loaded 2 times (x 109B)
Class com.google.common.cache.LocalCache$WriteThroughEntry                            : loaded 2 times (x 77B)
Class org.objectweb.asm.ClassTooLargeException                                        : loaded 2 times (x 81B)
Class org.gradle.api.internal.classpath.UnknownModuleException                        : loaded 2 times (x 80B)
Class org.objectweb.asm.Type                                                          : loaded 2 times (x 70B)
Class com.google.common.collect.FluentIterable                                        : loaded 2 times (x 79B)
Class com.google.common.util.concurrent.AbstractFuture$Listener                       : loaded 2 times (x 70B)
Class com.google.common.cache.LocalCache$AbstractReferenceEntry                       : loaded 2 times (x 105B)
Class org.gradle.internal.installation.GradleInstallation$1                           : loaded 2 times (x 73B)
Class org.gradle.api.internal.DefaultClassPathProvider                                : loaded 2 times (x 74B)
Class com.google.common.collect.MapMakerInternalMap$StrongKeyDummyValueEntry$LinkedStrongKeyDummyValueEntry: loaded 2 times (x 80B)
Class com.google.common.collect.Iterables$4                                           : loaded 2 times (x 79B)
Class com.google.common.collect.Iterables$5                                           : loaded 2 times (x 79B)
Class org.objectweb.asm.Edge                                                          : loaded 2 times (x 70B)
Class com.google.common.collect.Maps$EntryTransformer                                 : loaded 2 times (x 68B)
Class com.google.common.collect.ImmutableCollection$Builder                           : loaded 2 times (x 74B)
Class com.google.common.cache.LocalCache$Segment                                      : loaded 2 times (x 152B)
Class com.google.common.io.ByteArrayDataInput                                         : loaded 2 times (x 68B)
Class com.google.common.collect.MapMakerInternalMap$Strength                          : loaded 2 times (x 78B)
Class net.rubygrapefruit.platform.internal.Platform$Window64Bit                       : loaded 2 times (x 77B)
Class [Lorg.objectweb.asm.SymbolTable$Entry;                                          : loaded 2 times (x 67B)
Class com.google.common.collect.Iterators$ArrayItr                                    : loaded 2 times (x 95B)
Class com.google.common.reflect.Types$JavaVersion                                     : loaded 2 times (x 81B)
Class com.google.common.collect.SingletonImmutableBiMap                               : loaded 2 times (x 141B)
Class [Lcom.google.common.cache.Weigher;                                              : loaded 2 times (x 67B)
Class com.google.common.base.Splitter                                                 : loaded 2 times (x 70B)
Class com.google.common.base.CommonPattern                                            : loaded 2 times (x 72B)
Class com.google.common.collect.CollectSpliterators$1WithCharacteristics              : loaded 2 times (x 88B)
Class com.google.common.base.Suppliers$MemoizingSupplier                              : loaded 2 times (x 77B)
Class com.google.common.base.Suppliers                                                : loaded 2 times (x 69B)
Class com.google.common.collect.SetMultimap                                           : loaded 2 times (x 68B)
Class net.rubygrapefruit.platform.internal.FunctionResult                             : loaded 2 times (x 75B)
Class net.rubygrapefruit.platform.internal.Platform$FreeBSD32Bit                      : loaded 2 times (x 80B)
Class [Lcom.google.common.collect.Iterators$EmptyModifiableIterator;                  : loaded 2 times (x 67B)
Class androidx.room.processor.Context$Companion$ARG_OPTIONS$2                         : loaded 2 times (x 76B)
Class androidx.room.compiler.processing.XProcessingEnv$Companion                      : loaded 2 times (x 69B)
Class com.google.common.collect.Maps$IteratorBasedAbstractMap                         : loaded 2 times (x 123B)
Class org.objectweb.asm.ClassVisitor                                                  : loaded 2 times (x 86B)
Class com.google.common.collect.MapMakerInternalMap$StrongKeyDummyValueEntry          : loaded 2 times (x 80B)
Class com.google.common.cache.LoadingCache                                            : loaded 2 times (x 68B)
Class org.gradle.internal.service.ServiceLookupException                              : loaded 2 times (x 80B)
Class com.google.common.collect.RegularImmutableSortedSet                             : loaded 2 times (x 233B)
Class androidx.room.util.SimpleJavaVersion$compareTo$$inlined$compareBy$1             : loaded 2 times (x 87B)
Class com.google.common.base.CharMatcher$IsNot                                        : loaded 2 times (x 109B)
Class com.google.common.collect.MapMakerInternalMap$StrongKeyDummyValueSegment        : loaded 2 times (x 140B)
Class androidx.room.compiler.processing.javac.JavacProcessingEnv$typeElementStore$1   : loaded 2 times (x 77B)
Class androidx.room.compiler.processing.javac.JavacProcessingEnv$typeElementStore$2   : loaded 2 times (x 76B)
Class androidx.room.compiler.processing.javac.JavacProcessingEnv$typeElementStore$3   : loaded 2 times (x 77B)
Class org.gradle.kotlin.dsl.ImplementationConfigurationAccessorsKt                    : loaded 2 times (x 69B)
Class org.gradle.cache.GlobalCache                                                    : loaded 2 times (x 68B)
Class com.google.common.base.Present                                                  : loaded 2 times (x 79B)
Class com.google.common.collect.ReverseNaturalOrdering                                : loaded 2 times (x 112B)
Class kotlin.collections.EmptySet                                                     : loaded 2 times (x 120B)
Class androidx.room.compiler.processing.javac.JavacFiler                              : loaded 2 times (x 74B)
Class com.google.common.base.CharMatcher$NegatedFastMatcher                           : loaded 2 times (x 111B)
Class [Lorg.gradle.api.internal.ClassPathProvider;                                    : loaded 2 times (x 67B)
Class com.google.common.util.concurrent.AbstractFuture$SafeAtomicHelper               : loaded 2 times (x 77B)
Class com.google.common.base.CharMatcher                                              : loaded 2 times (x 109B)
Class net.rubygrapefruit.platform.internal.Platform$FreeBSD                           : loaded 2 times (x 80B)
Class org.gradle.util.internal.GUtil                                                  : loaded 2 times (x 69B)
Class net.rubygrapefruit.platform.internal.Platform$Unix                              : loaded 2 times (x 80B)
Class kotlin.reflect.jvm.internal.KClassCacheKt                                       : loaded 2 times (x 69B)
Class androidx.room.processor.Context$ProcessorOptions                                : loaded 2 times (x 77B)
Class com.google.common.math.IntMath                                                  : loaded 2 times (x 69B)
Class [Lcom.google.common.reflect.Types$JavaVersion;                                  : loaded 2 times (x 67B)
Class net.rubygrapefruit.platform.Process                                             : loaded 2 times (x 68B)
Class com.google.common.collect.AbstractIterator                                      : loaded 2 times (x 80B)
Class org.gradle.internal.classloader.ClassLoaderSpec                                 : loaded 2 times (x 69B)
Class com.google.common.io.LineProcessor                                              : loaded 2 times (x 68B)
Class com.google.common.base.NullnessCasts                                            : loaded 2 times (x 69B)
Class com.google.common.io.CharSink                                                   : loaded 2 times (x 77B)
Class org.objectweb.asm.Frame                                                         : loaded 2 times (x 71B)
Class com.google.common.cache.LocalCache$LocalManualCache                             : loaded 2 times (x 97B)
Class com.google.common.collect.AbstractMapEntry                                      : loaded 2 times (x 79B)
Class com.google.common.collect.ImmutableList$Builder                                 : loaded 2 times (x 75B)
Class com.google.common.base.CharMatcher$Negated                                      : loaded 2 times (x 111B)
Class org.objectweb.asm.FieldWriter                                                   : loaded 2 times (x 76B)
Class net.rubygrapefruit.platform.NativeIntegrationUnavailableException               : loaded 2 times (x 80B)
Class com.google.common.cache.CacheLoader$1                                           : loaded 2 times (x 73B)
Class net.rubygrapefruit.platform.NativeIntegration                                   : loaded 2 times (x 68B)
Class [Lcom.google.common.collect.MapMakerInternalMap$Strength;                       : loaded 2 times (x 67B)
Class com.google.common.util.concurrent.AbstractFuture$TrustedFuture                  : loaded 2 times (x 95B)
Class com.google.common.cache.RemovalCause                                            : loaded 2 times (x 78B)
Class [Lkotlin.Pair;                                                                  : loaded 2 times (x 67B)
Class com.google.common.collect.MapMakerInternalMap$InternalEntryHelper               : loaded 2 times (x 68B)
Class com.google.common.cache.LocalCache$StrongEntry                                  : loaded 2 times (x 106B)
Class com.google.common.collect.MapMakerInternalMap$InternalEntry                     : loaded 2 times (x 68B)
Class com.google.common.collect.Maps$ViewCachingAbstractMap                           : loaded 2 times (x 123B)
Class com.google.common.collect.Sets                                                  : loaded 2 times (x 69B)
Class com.google.common.collect.ImmutableMap$SerializedForm                           : loaded 2 times (x 71B)
Class androidx.room.compiler.processing.XProcessingEnvConfig$Builder                  : loaded 2 times (x 70B)
Class kotlin.io.FilesKt__UtilsKt                                                      : loaded 2 times (x 69B)
Class com.google.common.collect.ImmutableSet$Builder                                  : loaded 2 times (x 83B)
Class com.google.common.collect.Sets$FilteredSet                                      : loaded 2 times (x 135B)
Class com.google.common.collect.MapMakerInternalMap                                   : loaded 2 times (x 159B)
Class com.google.common.base.CharMatcher$ForPredicate                                 : loaded 2 times (x 110B)
Class com.google.common.collect.ImmutableMap$MapViewOfValuesAsSingletonSets           : loaded 2 times (x 123B)
Class net.rubygrapefruit.platform.internal.Platform$MacOs32Bit                        : loaded 2 times (x 80B)
Class com.google.common.collect.ImmutableMapKeySet                                    : loaded 2 times (x 148B)
Class com.google.common.collect.Lists$StringAsImmutableList                           : loaded 2 times (x 167B)
Class com.google.common.base.MoreObjects                                              : loaded 2 times (x 69B)
Class com.google.common.collect.SortedMapDifference                                   : loaded 2 times (x 68B)
Class com.google.common.collect.ImmutableEntry                                        : loaded 2 times (x 80B)
Class org.objectweb.asm.SymbolTable                                                   : loaded 2 times (x 70B)
Class com.google.common.io.ByteArrayDataOutput                                        : loaded 2 times (x 68B)
Class kotlin.enums.EnumEntriesKt                                                      : loaded 2 times (x 69B)
Class [Lorg.objectweb.asm.AnnotationVisitor;                                          : loaded 2 times (x 67B)
Class com.google.common.collect.ImmutableBiMap$Builder                                : loaded 2 times (x 80B)
Class com.google.common.cache.CacheStats                                              : loaded 2 times (x 69B)
Class org.objectweb.asm.Attribute                                                     : loaded 2 times (x 75B)
Class org.gradle.internal.classloader.VisitableURLClassLoader                         : loaded 2 times (x 115B)
Class com.google.common.cache.LocalCache$LocalLoadingCache                            : loaded 2 times (x 132B)
Class com.google.common.io.ByteSource$SlicedByteSource                                : loaded 2 times (x 83B)
Class com.google.common.base.Supplier                                                 : loaded 2 times (x 68B)
Class androidx.room.RoomProcessor                                                     : loaded 2 times (x 94B)
Class com.google.common.collect.HashBiMap$BiEntry                                     : loaded 2 times (x 81B)
Class org.gradle.api.Action                                                           : loaded 2 times (x 68B)
Class kotlin.io.FilesKt__FileTreeWalkKt                                               : loaded 2 times (x 69B)
Class com.google.common.base.Objects                                                  : loaded 2 times (x 69B)
Class com.google.common.util.concurrent.AbstractFuture$AtomicHelper                   : loaded 2 times (x 76B)
Class com.google.common.collect.ImmutableBiMap                                        : loaded 2 times (x 141B)
Class kotlin.reflect.jvm.internal.ReflectProperties$LazyVal                           : loaded 2 times (x 73B)
Class org.gradle.internal.Cast                                                        : loaded 2 times (x 69B)
Class com.google.common.hash.PrimitiveSink                                            : loaded 2 times (x 68B)
Class com.google.common.collect.NullnessCasts                                         : loaded 2 times (x 69B)
Class androidx.room.compiler.processing.javac.JavacBasicAnnotationProcessor$xEnv$2    : loaded 2 times (x 77B)
Class com.google.common.cache.CacheBuilder$OneWeigher                                 : loaded 2 times (x 80B)
Class com.google.common.io.ByteSource$ConcatenatedByteSource                          : loaded 2 times (x 83B)
Class org.gradle.api.internal.ClassPathRegistry                                       : loaded 2 times (x 68B)
Class com.google.common.cache.LocalCache$EntryFactory                                 : loaded 2 times (x 81B)
Class [Landroidx.room.processor.Context$ProcessorOptions;                             : loaded 2 times (x 67B)
Class com.google.common.util.concurrent.UncheckedExecutionException                   : loaded 2 times (x 80B)
Class com.google.common.collect.ImmutableSet                                          : loaded 2 times (x 143B)
Class org.gradle.internal.classloader.VisitableURLClassLoader$InstrumentingVisitableURLClassLoader: loaded 2 times (x 121B)
Class org.gradle.internal.classloader.ClassLoaderHierarchy                            : loaded 2 times (x 68B)
Class kotlin.sequences.SequencesKt___SequencesJvmKt                                   : loaded 2 times (x 69B)
Class com.google.common.collect.ImmutableSortedMap$1EntrySet$1                        : loaded 2 times (x 172B)
Class kotlin.enums.EnumEntries                                                        : loaded 2 times (x 68B)
Class androidx.room.compiler.processing.XProcessingEnvConfig$Companion                : loaded 2 times (x 69B)
Class kotlin.io.FilesKt__FilePathComponentsKt                                         : loaded 2 times (x 69B)
Class com.google.common.collect.Lists$ReverseList                                     : loaded 2 times (x 160B)
Class com.google.common.io.Closer$Suppressor                                          : loaded 2 times (x 68B)
Class [Landroidx.room.processor.Context$BooleanProcessorOptions;                      : loaded 2 times (x 67B)
Class com.google.common.collect.AbstractMultimap                                      : loaded 2 times (x 121B)
Class net.rubygrapefruit.platform.internal.LibraryDef                                 : loaded 2 times (x 70B)
Class com.google.common.collect.AbstractMapBasedMultimap$WrappedList                  : loaded 2 times (x 165B)
Class [Lorg.objectweb.asm.Type;                                                       : loaded 2 times (x 67B)
Class com.google.common.collect.MapMakerInternalMap$WeakValueReference                : loaded 2 times (x 68B)
Class com.google.common.collect.Lists$ReverseList$1                                   : loaded 2 times (x 97B)
Class com.google.common.base.AbstractIterator$State                                   : loaded 2 times (x 77B)
Class [Lkotlin.reflect.jvm.internal.impl.builtins.functions.FunctionClassKind;        : loaded 2 times (x 67B)
Class com.google.common.cache.Weigher                                                 : loaded 2 times (x 68B)
Class com.google.common.collect.MapMakerInternalMap$StrongValueEntry                  : loaded 2 times (x 68B)
Class com.google.common.base.CharMatcher$NamedFastMatcher                             : loaded 2 times (x 110B)
Class org.gradle.internal.InternalTransformer                                         : loaded 2 times (x 68B)
Class kotlin.sequences.Sequence                                                       : loaded 2 times (x 68B)
Class com.google.common.base.CharMatcher$Digit                                        : loaded 2 times (x 110B)
Class org.gradle.internal.service.ServiceLocator                                      : loaded 2 times (x 68B)
Class androidx.room.compiler.processing.javac.JavacBasicAnnotationProcessor           : loaded 2 times (x 94B)
Class Settings_gradle$1                                                               : loaded 2 times (x 72B)
Class net.rubygrapefruit.platform.internal.Platform$Linux                             : loaded 2 times (x 81B)
Class com.google.common.collect.ImmutableRangeSet$1                                   : loaded 2 times (x 169B)
Class com.google.common.util.concurrent.SettableFuture                                : loaded 2 times (x 95B)
Class com.google.common.base.CharMatcher$JavaDigit                                    : loaded 2 times (x 109B)
Class net.rubygrapefruit.platform.NativeException                                     : loaded 2 times (x 80B)
Class androidx.room.compiler.processing.XFiler                                        : loaded 2 times (x 68B)
Class net.rubygrapefruit.platform.Native                                              : loaded 2 times (x 69B)
Class com.google.common.io.Files$2                                                    : loaded 2 times (x 74B)
Class kotlin.reflect.jvm.internal.pcollections.MapEntry                               : loaded 2 times (x 70B)
Class com.google.common.collect.ImmutableMapEntry                                     : loaded 2 times (x 83B)
Class com.google.common.reflect.Types$ParameterizedTypeImpl                           : loaded 2 times (x 79B)
Class com.google.common.collect.Maps$EntryFunction                                    : loaded 2 times (x 89B)
Class net.rubygrapefruit.platform.internal.Platform$Window32Bit                       : loaded 2 times (x 77B)
Class com.google.common.io.ByteStreams                                                : loaded 2 times (x 69B)
Class com.google.common.collect.ListMultimap                                          : loaded 2 times (x 68B)
Class [Lcom.google.common.collect.MapMaker$Dummy;                                     : loaded 2 times (x 67B)
Class com.google.common.base.CharMatcher$Invisible                                    : loaded 2 times (x 110B)
Class kotlin.comparisons.ComparisonsKt__ComparisonsKt$nullsFirst$1                    : loaded 2 times (x 88B)
Class com.google.common.collect.ImmutableEnumSet                                      : loaded 2 times (x 144B)
Class com.google.common.base.Joiner$1                                                 : loaded 2 times (x 78B)
Class Settings_gradle$1$1                                                             : loaded 2 times (x 72B)
Class kotlin.reflect.jvm.internal.pcollections.HashPMap                               : loaded 2 times (x 70B)
Class com.google.common.collect.MapMaker                                              : loaded 2 times (x 70B)
Class com.google.common.base.Joiner$2                                                 : loaded 2 times (x 77B)
Class com.google.common.collect.HashBiMap                                             : loaded 2 times (x 141B)
Class kotlin.io.TerminateException                                                    : loaded 2 times (x 80B)
Class com.google.common.collect.FluentIterable$3                                      : loaded 2 times (x 79B)
Class com.google.common.reflect.Types$JavaVersion$1                                   : loaded 2 times (x 81B)
Class com.google.common.base.CharMatcher$FastMatcher                                  : loaded 2 times (x 109B)
Class com.google.common.reflect.Types$JavaVersion$2                                   : loaded 2 times (x 81B)
Class com.google.common.reflect.Types$JavaVersion$3                                   : loaded 2 times (x 81B)
Class org.gradle.internal.classpath.DefaultClassPath$ImmutableUniqueList              : loaded 2 times (x 159B)
Class com.google.common.reflect.Types$JavaVersion$4                                   : loaded 2 times (x 81B)
Class com.google.common.reflect.Types$JavaVersion$5                                   : loaded 2 times (x 69B)
Class com.google.common.base.CharMatcher$JavaLetter                                   : loaded 2 times (x 109B)
Class androidx.room.processor.Context$BooleanProcessorOptions                         : loaded 2 times (x 78B)
Class org.gradle.internal.classpath.TransformedClassPath                              : loaded 2 times (x 94B)
Class com.google.common.collect.MapDifference                                         : loaded 2 times (x 68B)
Class androidx.room.util.SimpleJavaVersion$compareTo$$inlined$thenBy$1                : loaded 2 times (x 88B)
Class com.google.common.reflect.TypeToken$SimpleTypeToken                             : loaded 2 times (x 71B)
Class com.google.common.io.ByteSource$EmptyByteSource                                 : loaded 2 times (x 83B)
Class androidx.room.util.SimpleJavaVersion$compareTo$$inlined$thenBy$2                : loaded 2 times (x 88B)
Class com.google.common.collect.Sets$1                                                : loaded 2 times (x 137B)
Class com.google.common.collect.Sets$2                                                : loaded 2 times (x 137B)
Class com.google.common.util.concurrent.AbstractFuture$Trusted                        : loaded 2 times (x 68B)
Class com.google.common.collect.Sets$3                                                : loaded 2 times (x 137B)
Class com.google.common.collect.FluentIterable$2                                      : loaded 2 times (x 79B)
Class com.google.common.graph.SuccessorsFunction                                      : loaded 2 times (x 68B)
Class com.google.common.collect.Sets$4                                                : loaded 2 times (x 137B)
Class com.google.common.collect.FluentIterable$1                                      : loaded 2 times (x 79B)
Class com.google.common.collect.ImmutableBiMap$SerializedForm                         : loaded 2 times (x 73B)
Class com.google.common.reflect.Types$NativeTypeVariableEquals                        : loaded 2 times (x 69B)
Class Settings_gradle                                                                 : loaded 2 times (x 126B)
Class org.gradle.api.internal.classpath.DefaultModuleRegistry                         : loaded 2 times (x 84B)
Class com.google.common.cache.RemovalListener                                         : loaded 2 times (x 68B)
Class com.google.common.io.FileWriteMode                                              : loaded 2 times (x 77B)
Class org.gradle.internal.classpath.ClassPath                                         : loaded 2 times (x 68B)
Class com.google.common.cache.CacheLoader$SupplierToCacheLoader                       : loaded 2 times (x 73B)
Class com.google.common.collect.SingletonImmutableList                                : loaded 2 times (x 167B)
Class com.google.common.io.ByteSink                                                   : loaded 2 times (x 74B)
Class com.google.common.collect.ImmutableRangeSet$AsSet                               : loaded 2 times (x 233B)
Class com.google.common.collect.AbstractMapBasedMultimap$WrappedCollection$WrappedIterator: loaded 2 times (x 82B)
Class [Lcom.google.common.collect.AbstractMapEntry;                                   : loaded 2 times (x 67B)
Class org.objectweb.asm.MethodWriter                                                  : loaded 2 times (x 104B)
Class com.google.common.io.ByteSource                                                 : loaded 2 times (x 82B)
Class com.google.common.collect.Maps$IteratorBasedAbstractMap$1                       : loaded 2 times (x 136B)
Class org.objectweb.asm.ModuleVisitor                                                 : loaded 2 times (x 79B)
Class kotlin.collections.AbstractList$Companion                                       : loaded 2 times (x 69B)
Class com.google.common.collect.Platform                                              : loaded 2 times (x 69B)
Class net.rubygrapefruit.platform.internal.FunctionResult$Failure                     : loaded 2 times (x 77B)
Class com.google.common.collect.ImmutableAsList                                       : loaded 2 times (x 169B)
Class androidx.room.Database                                                          : loaded 2 times (x 68B)
Class com.google.common.util.concurrent.ExecutionError                                : loaded 2 times (x 80B)
Class com.google.common.io.ByteSink$AsCharSink                                        : loaded 2 times (x 78B)
Class com.google.common.base.Equivalence$Identity                                     : loaded 2 times (x 80B)
Class com.google.common.io.Closer$SuppressingSuppressor                               : loaded 2 times (x 73B)
Class com.google.common.base.CharMatcher$AnyOf                                        : loaded 2 times (x 110B)
Class com.google.common.base.CharMatcher$IsEither                                     : loaded 2 times (x 109B)
Class kotlin.collections.AbstractCollection                                           : loaded 2 times (x 115B)
Class com.google.common.collect.ImmutableSortedMapFauxverideShim                      : loaded 2 times (x 118B)
Class com.google.common.collect.AbstractIterator$1                                    : loaded 2 times (x 69B)
Class com.google.common.io.CharSource                                                 : loaded 2 times (x 83B)
Class com.google.common.cache.LocalCache                                              : loaded 2 times (x 185B)
Class kotlin.collections.AbstractList                                                 : loaded 2 times (x 157B)
Class com.google.common.collect.ImmutableRangeSet$Builder                             : loaded 2 times (x 75B)
Class com.google.common.collect.Iterators$MergingIterator                             : loaded 2 times (x 79B)
Class [Lcom.google.common.collect.MapMakerInternalMap$Segment;                        : loaded 2 times (x 67B)
Class com.google.common.collect.RegularImmutableList                                  : loaded 2 times (x 172B)
Class com.google.common.collect.UsingToStringOrdering                                 : loaded 2 times (x 112B)
Class org.gradle.internal.installation.GradleInstallation                             : loaded 2 times (x 73B)
Class com.google.common.util.concurrent.AbstractFuture$UnsafeAtomicHelper$1           : loaded 2 times (x 74B)
Class com.google.common.base.CharMatcher$JavaUpperCase                                : loaded 2 times (x 109B)
Class androidx.room.compiler.processing.javac.JavacProcessingEnv$Companion            : loaded 2 times (x 69B)
Class com.google.common.collect.Multiset                                              : loaded 2 times (x 68B)
Class com.google.common.collect.ImmutableSet$CachingAsList                            : loaded 2 times (x 145B)
Class com.google.common.reflect.TypeCapture                                           : loaded 2 times (x 69B)
Class kotlin.io.CloseableKt                                                           : loaded 2 times (x 69B)
Class kotlin.collections.EmptyMap                                                     : loaded 2 times (x 107B)
Class com.google.common.reflect.Invokable$ConstructorInvokable                        : loaded 2 times (x 103B)
Class com.google.common.collect.NullsLastOrdering                                     : loaded 2 times (x 113B)
Class org.objectweb.asm.MethodVisitor                                                 : loaded 2 times (x 103B)
Class com.google.common.collect.AbstractMapBasedMultimap$KeySet$1                     : loaded 2 times (x 80B)
Class com.google.common.collect.ImmutableMapEntry$NonTerminalImmutableMapEntry        : loaded 2 times (x 83B)
Class com.google.common.collect.AbstractMapBasedMultimap                              : loaded 2 times (x 137B)
Class androidx.room.compiler.processing.XProcessingEnv                                : loaded 2 times (x 68B)


---------------  S Y S T E M  ---------------

OS:
 Windows 10 , 64 bit Build 19041 (10.0.19041.4717)
OS uptime: 13 days 14:06 hours

CPU: total 12 (initial active 12) (6 cores per cpu, 2 threads per core) family 6 model 165 stepping 3 microcode 0xcc, cx8, cmov, fxsr, ht, mmx, 3dnowpref, sse, sse2, sse3, ssse3, sse4.1, sse4.2, popcnt, lzcnt, tsc, tscinvbit, avx, avx2, aes, erms, clmul, bmi1, bmi2, adx, fma, vzeroupper, clflush, clflushopt
Processor Information for all 12 processors :
  Max Mhz: 2904, Current Mhz: 2904, Mhz Limit: 2904

Memory: 4k page, system-wide physical 16315M (4380M free)
TotalPageFile size 22872M (AvailPageFile size 7362M)
current process WorkingSet (physical memory assigned to process): 785M, peak: 1248M
current process commit charge ("private bytes"): 878M, peak: 1328M

vm_info: OpenJDK 64-Bit Server VM (17.0.10+0--11609105) for windows-amd64 JRE (17.0.10+0--11609105), built on Mar 21 2024 19:10:56 by "androidbuild" with MS VC++ 16.10 / 16.11 (VS2019)

END.
