#
# A fatal error has been detected by the Java Runtime Environment:
#
#  EXCEPTION_ACCESS_VIOLATION (0xc0000005) at pc=0x00007ffa3c38ef45, pid=4616, tid=8656
#
# JRE version: OpenJDK Runtime Environment (17.0.10) (build 17.0.10+0--11609105)
# Java VM: OpenJDK 64-Bit Server VM (17.0.10+0--11609105, mixed mode, tiered, compressed oops, compressed class ptrs, g1 gc, windows-amd64)
# Problematic frame:
# V  [jvm.dll+0x6aef45]
#
# No core dump will be written. Minidumps are not enabled by default on client versions of Windows
#
# If you would like to submit a bug report, please visit:
#   https://bugreport.java.com/bugreport/crash.jsp
#

---------------  S U M M A R Y ------------

Command Line: --add-opens=java.base/java.util=ALL-UNNAMED --add-opens=java.base/java.lang=ALL-UNNAMED --add-opens=java.base/java.lang.invoke=ALL-UNNAMED --add-opens=java.prefs/java.util.prefs=ALL-UNNAMED --add-opens=java.base/java.nio.charset=ALL-UNNAMED --add-opens=java.base/java.net=ALL-UNNAMED --add-opens=java.base/java.util.concurrent.atomic=ALL-UNNAMED -Xmx2048m -Dfile.encoding=UTF-8 -Duser.country=RU -Duser.language=ru -Duser.variant -javaagent:E:\Android\gradle\wrapper\dists\gradle-8.7-bin\bhs2wmbdwecv87pi65oeuq5iu\gradle-8.7\lib\agents\gradle-instrumentation-agent-8.7.jar org.gradle.launcher.daemon.bootstrap.GradleDaemon 8.7

Host: Intel(R) Core(TM) i5-10400F CPU @ 2.90GHz, 12 cores, 15G,  Windows 10 , 64 bit Build 19041 (10.0.19041.4717)
Time: Wed Sep  4 12:15:15 2024  Windows 10 , 64 bit Build 19041 (10.0.19041.4717) elapsed time: 4.474376 seconds (0d 0h 0m 4s)

---------------  T H R E A D  ---------------

Current thread (0x0000012d91632760):  JavaThread "C2 CompilerThread2" daemon [_thread_in_native, id=8656, stack(0x0000000f40800000,0x0000000f40900000)]


Current CompileTask:
C2:   4474 7460       4       org.objectweb.asm.MethodWriter::putMethodInfo (1274 bytes)

Stack: [0x0000000f40800000,0x0000000f40900000],  sp=0x0000000f408fd550,  free space=1013k
Native frames: (J=compiled Java code, j=interpreted, Vv=VM code, C=native code)
V  [jvm.dll+0x6aef45]
V  [jvm.dll+0x6ac04a]
V  [jvm.dll+0x21cbe9]
V  [jvm.dll+0x1a60ad]
V  [jvm.dll+0x22cd78]
V  [jvm.dll+0x22aeb0]
V  [jvm.dll+0x7f6877]
V  [jvm.dll+0x7f0c7a]
V  [jvm.dll+0x687c65]
C  [ucrtbase.dll+0x21bb2]
C  [KERNEL32.DLL+0x17374]
C  [ntdll.dll+0x4cc91]


siginfo: EXCEPTION_ACCESS_VIOLATION (0xc0000005), reading address 0xffffffffffffffff


Registers:
RAX=0x4000000000000000, RBX=0x0000000f408fdbf0, RCX=0x0000000000000002, RDX=0x0000000000000022
RSP=0x0000000f408fd550, RBP=0x0000000f408fd660, RSI=0x0000000000000002, RDI=0x0000000f408fd7c0
R8 =0x000000000000ecd0, R9 =0x0000012d941ef900, R10=0x0000000000000266, R11=0x0000012d931f8180
R12=0x0000012dff4d8e18, R13=0x0000012dfa344f70, R14=0x0000000f408fd790, R15=0x0000000000000003
RIP=0x00007ffa3c38ef45, EFLAGS=0x0000000000010202


Register to memory mapping:

RIP=0x00007ffa3c38ef45 jvm.dll
RAX=0x4000000000000000 is an unknown value
RBX=0x0000000f408fdbf0 is pointing into the stack for thread: 0x0000012d91632760
RCX=0x0000000000000002 is an unknown value
RDX=0x0000000000000022 is an unknown value
RSP=0x0000000f408fd550 is pointing into the stack for thread: 0x0000012d91632760
RBP=0x0000000f408fd660 is pointing into the stack for thread: 0x0000012d91632760
RSI=0x0000000000000002 is an unknown value
RDI=0x0000000f408fd7c0 is pointing into the stack for thread: 0x0000012d91632760
R8 =0x000000000000ecd0 is an unknown value
R9 =0x0000012d941ef900 points into unknown readable memory: 0x0000000000000000 | 00 00 00 00 00 00 00 00
R10=0x0000000000000266 is an unknown value
R11=0x0000012d931f8180 points into unknown readable memory: 0x00007ffa3c59f768 | 68 f7 59 3c fa 7f 00 00
R12=0x0000012dff4d8e18 points into unknown readable memory: 0x00007ffa3c6ba178 | 78 a1 6b 3c fa 7f 00 00
R13=0x0000012dfa344f70 points into unknown readable memory: 0x0000000000000000 | 00 00 00 00 00 00 00 00
R14=0x0000000f408fd790 is pointing into the stack for thread: 0x0000012d91632760
R15=0x0000000000000003 is an unknown value


Top of Stack: (sp=0x0000000f408fd550)
0x0000000f408fd550:   0000000f408fdbf0 00007ffa3c38c04a
0x0000000f408fd560:   0000012d90737c90 0000000f408fd660
0x0000000f408fd570:   0000000f408fdbf0 0000000000000002
0x0000000f408fd580:   0000000f408fe650 00007ffa3befcbe9
0x0000000f408fd590:   0000012d90737c90 0000000f408fd690
0x0000000f408fd5a0:   0000000000000002 0000000000000001
0x0000000f408fd5b0:   0000000000000000 0000000000000000
0x0000000f408fd5c0:   0000000000000000 0000000000000000
0x0000000f408fd5d0:   0000000000000000 0000000000000000
0x0000000f408fd5e0:   0000000000000000 00007ffa3c60f5ec
0x0000000f408fd5f0:   0000000000000000 0000000000000000
0x0000000f408fd600:   0000000000000000 00007ffa3c60f5ec
0x0000000f408fd610:   0000000000000000 0000000000000000
0x0000000f408fd620:   0000012d908c3160 0000012d93f001c0
0x0000000f408fd630:   0000012d93f037f0 0000012d93f081a8
0x0000000f408fd640:   0000000000048270 0000000000000000
0x0000000f408fd650:   0000000000000000 0000000000000000
0x0000000f408fd660:   0000000f408fe788 0000000000000800
0x0000000f408fd670:   0000012d9135fb10 00000000000005eb
0x0000000f408fd680:   0000000000000100 0000012d8f808430
0x0000000f408fd690:   0000000000000100 0000000f408fe788
0x0000000f408fd6a0:   0000000000000000 0000000000000000
0x0000000f408fd6b0:   0000000000000000 0000000000000000
0x0000000f408fd6c0:   0000000000000000 0000000000000000
0x0000000f408fd6d0:   0000000000000000 0000000000000000
0x0000000f408fd6e0:   0000000000000000 0000000000000000
0x0000000f408fd6f0:   0000000000000000 0000000000000000
0x0000000f408fd700:   0000000000000000 0000000000000000
0x0000000f408fd710:   00007ffa3c62de50 0000000000000000
0x0000000f408fd720:   0000000000000000 0000000000000000
0x0000000f408fd730:   00007ffa3c64dc58 0000000000000001
0x0000000f408fd740:   0000000f408fe650 0000000f408ff1b0 

Instructions: (pc=0x00007ffa3c38ef45)
0x00007ffa3c38ee45:   48 3b 4f 20 76 11 45 33 c0 48 8b cf 41 8d 50 10
0x00007ffa3c38ee55:   e8 d6 dc 9f ff eb 04 48 89 4f 18 48 89 43 50 4c
0x00007ffa3c38ee65:   89 20 8b 6b 48 8d 56 01 85 d2 74 04 85 d6 74 0c
0x00007ffa3c38ee75:   0f bd ca ba 01 00 00 00 ff c1 d3 e2 48 8b 4b 40
0x00007ffa3c38ee85:   48 8d 3c ed 00 00 00 00 44 8b ca 4c 8b c7 89 53
0x00007ffa3c38ee95:   48 48 8b 53 50 49 c1 e1 03 44 89 64 24 20 e8 e8
0x00007ffa3c38eea5:   d6 9f ff 44 8b 43 48 33 d2 44 2b c5 48 89 43 50
0x00007ffa3c38eeb5:   49 c1 e0 03 48 8d 0c 07 e8 30 01 1f 00 48 8b 43
0x00007ffa3c38eec5:   50 4d 89 3c 06 ff c6 3b 73 48 0f 82 0b ff ff ff
0x00007ffa3c38eed5:   4c 8b 7c 24 68 4c 8b 74 24 60 48 8b 7c 24 58 48
0x00007ffa3c38eee5:   8b 6c 24 50 48 83 c4 30 41 5c 5e 5b c3 cc cc cc
0x00007ffa3c38eef5:   cc cc cc cc cc cc cc cc cc cc cc 48 89 5c 24 08
0x00007ffa3c38ef05:   57 8b 81 90 09 00 00 48 8b fa 4c 8b 99 a8 09 00
0x00007ffa3c38ef15:   00 48 8b d9 85 c0 74 53 45 33 c0 44 8b d0 0f 1f
0x00007ffa3c38ef25:   40 00 66 0f 1f 84 00 00 00 00 00 4c 8b 8b a0 09
0x00007ffa3c38ef35:   00 00 4b 8b 04 01 48 85 c0 74 26 49 3b c3 74 21
0x00007ffa3c38ef45:   8b 48 28 8b c1 c1 e8 05 3b 07 73 11 8b d0 83 e1
0x00007ffa3c38ef55:   1f 48 8b 47 08 8b 04 90 0f a3 c8 72 04 4f 89 1c
0x00007ffa3c38ef65:   01 49 83 c0 08 49 83 ea 01 75 c0 48 8d 4b 58 33
0x00007ffa3c38ef75:   d2 41 b8 30 09 00 00 48 8b 5c 24 10 5f e9 6b 00
0x00007ffa3c38ef85:   1f 00 cc cc cc cc cc cc cc cc cc 40 53 41 55 41
0x00007ffa3c38ef95:   57 48 83 ec 40 4c 8b e9 48 8b da 48 8b 49 10 48
0x00007ffa3c38efa5:   89 4c 24 70 45 8b 7d 20 49 ff cf 4e 8d 3c f9 4c
0x00007ffa3c38efb5:   89 7c 24 60 4c 3b f9 0f 82 e3 01 00 00 44 8b 05
0x00007ffa3c38efc5:   6f 44 53 00 65 48 8b 04 25 58 00 00 00 48 89 6c
0x00007ffa3c38efd5:   24 68 48 89 74 24 38 48 89 7c 24 30 4c 89 64 24
0x00007ffa3c38efe5:   28 4e 8d 24 c0 4c 89 74 24 20 90 49 8b 3f 45 33
0x00007ffa3c38eff5:   f6 33 ed 44 8b 47 1c 45 85 c0 0f 84 6f 01 00 00
0x00007ffa3c38f005:   41 bf 50 00 00 00 0f 1f 44 00 00 4c 8b 4f 08 48
0x00007ffa3c38f015:   8d 34 ed 00 00 00 00 4e 8b 14 0e 4e 8d 1c 0e 4d
0x00007ffa3c38f025:   3b d5 0f 85 2e 01 00 00 8b 47 18 3b e8 73 7d 4d
0x00007ffa3c38f035:   85 d2 74 2e 49 8b 4a 10 48 85 c9 74 25 41 8b 42 


Stack slot to memory mapping:
stack at sp + 0 slots: 0x0000000f408fdbf0 is pointing into the stack for thread: 0x0000012d91632760
stack at sp + 1 slots: 0x00007ffa3c38c04a jvm.dll
stack at sp + 2 slots: 0x0000012d90737c90 points into unknown readable memory: 0x00007ffa3c61b0d8 | d8 b0 61 3c fa 7f 00 00
stack at sp + 3 slots: 0x0000000f408fd660 is pointing into the stack for thread: 0x0000012d91632760
stack at sp + 4 slots: 0x0000000f408fdbf0 is pointing into the stack for thread: 0x0000012d91632760
stack at sp + 5 slots: 0x0000000000000002 is an unknown value
stack at sp + 6 slots: 0x0000000f408fe650 is pointing into the stack for thread: 0x0000012d91632760
stack at sp + 7 slots: 0x00007ffa3befcbe9 jvm.dll


---------------  P R O C E S S  ---------------

Threads class SMR info:
_java_thread_list=0x0000012d93b377b0, length=59, elements={
0x0000012ded0df3f0, 0x0000012dfa511260, 0x0000012dfa511ff0, 0x0000012dfa552b90,
0x0000012dfa553460, 0x0000012dfa554550, 0x0000012dfa5490e0, 0x0000012dfa55b050,
0x0000012dfa562450, 0x0000012dfa582d90, 0x0000012dfa6a3c70, 0x0000012dfa7a7ef0,
0x0000012dfa86f8a0, 0x0000012d90b4fcf0, 0x0000012d8fe3b0c0, 0x0000012d90028a60,
0x0000012d8f68e000, 0x0000012d90c6c090, 0x0000012d90c94590, 0x0000012d90c97320,
0x0000012d90c97830, 0x0000012d90c963f0, 0x0000012d90c96900, 0x0000012d90c94aa0,
0x0000012d90c96e10, 0x0000012d90c94fb0, 0x0000012d91632760, 0x0000012d90c959d0,
0x0000012d90c95ee0, 0x0000012d90c954c0, 0x0000012d9226bcd0, 0x0000012d9226ea60,
0x0000012d92269960, 0x0000012d9226c6f0, 0x0000012d92269e70, 0x0000012d9226d620,
0x0000012d9226ef70, 0x0000012d922708c0, 0x0000012d9226b2b0, 0x0000012d9226f480,
0x0000012d9226db30, 0x0000012d9226a380, 0x0000012d9226fea0, 0x0000012d9226cc00,
0x0000012d9226b7c0, 0x0000012d9226f990, 0x0000012d9226e040, 0x0000012d922703b0,
0x0000012d92269450, 0x0000012d9226a890, 0x0000012d9226d110, 0x0000012d92270dd0,
0x0000012d9226e550, 0x0000012d9226ada0, 0x0000012d92ce08d0, 0x0000012d92ce2730,
0x0000012d92ce2c40, 0x0000012d92cdfeb0, 0x0000012d92ce12f0
}

Java Threads: ( => current thread )
  0x0000012ded0df3f0 JavaThread "main" [_thread_blocked, id=7964, stack(0x0000000f3dc00000,0x0000000f3dd00000)]
  0x0000012dfa511260 JavaThread "Reference Handler" daemon [_thread_blocked, id=13872, stack(0x0000000f3e300000,0x0000000f3e400000)]
  0x0000012dfa511ff0 JavaThread "Finalizer" daemon [_thread_blocked, id=8040, stack(0x0000000f3e400000,0x0000000f3e500000)]
  0x0000012dfa552b90 JavaThread "Signal Dispatcher" daemon [_thread_blocked, id=10484, stack(0x0000000f3e500000,0x0000000f3e600000)]
  0x0000012dfa553460 JavaThread "Attach Listener" daemon [_thread_blocked, id=3348, stack(0x0000000f3e600000,0x0000000f3e700000)]
  0x0000012dfa554550 JavaThread "Service Thread" daemon [_thread_blocked, id=13564, stack(0x0000000f3e700000,0x0000000f3e800000)]
  0x0000012dfa5490e0 JavaThread "Monitor Deflation Thread" daemon [_thread_blocked, id=4640, stack(0x0000000f3e800000,0x0000000f3e900000)]
  0x0000012dfa55b050 JavaThread "C2 CompilerThread0" daemon [_thread_in_native, id=14688, stack(0x0000000f3e900000,0x0000000f3ea00000)]
  0x0000012dfa562450 JavaThread "C1 CompilerThread0" daemon [_thread_blocked, id=8440, stack(0x0000000f3ea00000,0x0000000f3eb00000)]
  0x0000012dfa582d90 JavaThread "Sweeper thread" daemon [_thread_blocked, id=3168, stack(0x0000000f3eb00000,0x0000000f3ec00000)]
  0x0000012dfa6a3c70 JavaThread "Common-Cleaner" daemon [_thread_blocked, id=9620, stack(0x0000000f3ec00000,0x0000000f3ed00000)]
  0x0000012dfa7a7ef0 JavaThread "Notification Thread" daemon [_thread_blocked, id=13572, stack(0x0000000f3ed00000,0x0000000f3ee00000)]
  0x0000012dfa86f8a0 JavaThread "C2 CompilerThread1" daemon [_thread_in_native, id=10260, stack(0x0000000f3ef00000,0x0000000f3f000000)]
  0x0000012d90b4fcf0 JavaThread "Daemon health stats" [_thread_blocked, id=16932, stack(0x0000000f3f600000,0x0000000f3f700000)]
  0x0000012d8fe3b0c0 JavaThread "Incoming local TCP Connector on port 54159" [_thread_in_native, id=2808, stack(0x0000000f3f700000,0x0000000f3f800000)]
  0x0000012d90028a60 JavaThread "Daemon periodic checks" [_thread_blocked, id=6044, stack(0x0000000f3f800000,0x0000000f3f900000)]
  0x0000012d8f68e000 JavaThread "Daemon" [_thread_blocked, id=9164, stack(0x0000000f3f900000,0x0000000f3fa00000)]
  0x0000012d90c6c090 JavaThread "Handler for socket connection from /127.0.0.1:54159 to /127.0.0.1:54160" [_thread_in_native, id=16852, stack(0x0000000f3fa00000,0x0000000f3fb00000)]
  0x0000012d90c94590 JavaThread "Cancel handler" [_thread_blocked, id=10608, stack(0x0000000f3fb00000,0x0000000f3fc00000)]
  0x0000012d90c97320 JavaThread "Daemon worker" [_thread_in_vm, id=16324, stack(0x0000000f3fc00000,0x0000000f3fd00000)]
  0x0000012d90c97830 JavaThread "Asynchronous log dispatcher for DefaultDaemonConnection: socket connection from /127.0.0.1:54159 to /127.0.0.1:54160" [_thread_blocked, id=8692, stack(0x0000000f3fd00000,0x0000000f3fe00000)]
  0x0000012d90c963f0 JavaThread "Stdin handler" [_thread_blocked, id=17032, stack(0x0000000f3fe00000,0x0000000f3ff00000)]
  0x0000012d90c96900 JavaThread "Daemon client event forwarder" [_thread_blocked, id=3944, stack(0x0000000f3ff00000,0x0000000f40000000)]
  0x0000012d90c94aa0 JavaThread "Cache worker for journal cache (E:\Android\gradle\caches\journal-1)" [_thread_blocked, id=13528, stack(0x0000000f3f000000,0x0000000f3f100000)]
  0x0000012d90c96e10 JavaThread "File lock request listener" [_thread_in_native, id=7528, stack(0x0000000f40600000,0x0000000f40700000)]
  0x0000012d90c94fb0 JavaThread "Cache worker for file hash cache (E:\Android\gradle\caches\8.7\fileHashes)" [_thread_blocked, id=2244, stack(0x0000000f40700000,0x0000000f40800000)]
=>0x0000012d91632760 JavaThread "C2 CompilerThread2" daemon [_thread_in_native, id=8656, stack(0x0000000f40800000,0x0000000f40900000)]
  0x0000012d90c959d0 JavaThread "Cache worker for file hash cache (E:\Chernyshevskiy_ProfSoft_2024\TogetherApp\.gradle\8.7\fileHashes)" [_thread_blocked, id=11308, stack(0x0000000f40900000,0x0000000f40a00000)]
  0x0000012d90c95ee0 JavaThread "File watcher server" daemon [_thread_in_native, id=12948, stack(0x0000000f40a00000,0x0000000f40b00000)]
  0x0000012d90c954c0 JavaThread "File watcher consumer" daemon [_thread_blocked, id=10696, stack(0x0000000f40b00000,0x0000000f40c00000)]
  0x0000012d9226bcd0 JavaThread "Cache worker for checksums cache (E:\Chernyshevskiy_ProfSoft_2024\TogetherApp\.gradle\8.7\checksums)" [_thread_blocked, id=12032, stack(0x0000000f40c00000,0x0000000f40d00000)]
  0x0000012d9226ea60 JavaThread "Cache worker for cache directory md-supplier (E:\Android\gradle\caches\8.7\md-supplier)" [_thread_blocked, id=8144, stack(0x0000000f40d00000,0x0000000f40e00000)]
  0x0000012d92269960 JavaThread "Cache worker for cache directory md-rule (E:\Android\gradle\caches\8.7\md-rule)" [_thread_blocked, id=7892, stack(0x0000000f40e00000,0x0000000f40f00000)]
  0x0000012d9226c6f0 JavaThread "Cache worker for file content cache (E:\Android\gradle\caches\8.7\fileContent)" [_thread_blocked, id=10692, stack(0x0000000f40f00000,0x0000000f41000000)]
  0x0000012d92269e70 JavaThread "Cache worker for Build Output Cleanup Cache (E:\Chernyshevskiy_ProfSoft_2024\TogetherApp\.gradle\buildOutputCleanup)" [_thread_blocked, id=8028, stack(0x0000000f41000000,0x0000000f41100000)]
  0x0000012d9226d620 JavaThread "Unconstrained build operations" [_thread_blocked, id=12744, stack(0x0000000f41100000,0x0000000f41200000)]
  0x0000012d9226ef70 JavaThread "Unconstrained build operations Thread 2" [_thread_blocked, id=15824, stack(0x0000000f41200000,0x0000000f41300000)]
  0x0000012d922708c0 JavaThread "Unconstrained build operations Thread 3" [_thread_blocked, id=14680, stack(0x0000000f41300000,0x0000000f41400000)]
  0x0000012d9226b2b0 JavaThread "Unconstrained build operations Thread 4" [_thread_blocked, id=5036, stack(0x0000000f41400000,0x0000000f41500000)]
  0x0000012d9226f480 JavaThread "Unconstrained build operations Thread 5" [_thread_blocked, id=2804, stack(0x0000000f41500000,0x0000000f41600000)]
  0x0000012d9226db30 JavaThread "Unconstrained build operations Thread 6" [_thread_blocked, id=10116, stack(0x0000000f41600000,0x0000000f41700000)]
  0x0000012d9226a380 JavaThread "Unconstrained build operations Thread 7" [_thread_blocked, id=5852, stack(0x0000000f41700000,0x0000000f41800000)]
  0x0000012d9226fea0 JavaThread "Unconstrained build operations Thread 8" [_thread_blocked, id=9636, stack(0x0000000f41800000,0x0000000f41900000)]
  0x0000012d9226cc00 JavaThread "Unconstrained build operations Thread 9" [_thread_blocked, id=14604, stack(0x0000000f41900000,0x0000000f41a00000)]
  0x0000012d9226b7c0 JavaThread "Unconstrained build operations Thread 10" [_thread_blocked, id=8880, stack(0x0000000f41a00000,0x0000000f41b00000)]
  0x0000012d9226f990 JavaThread "Unconstrained build operations Thread 11" [_thread_blocked, id=8064, stack(0x0000000f41b00000,0x0000000f41c00000)]
  0x0000012d9226e040 JavaThread "Unconstrained build operations Thread 12" [_thread_blocked, id=6012, stack(0x0000000f41c00000,0x0000000f41d00000)]
  0x0000012d922703b0 JavaThread "Unconstrained build operations Thread 13" [_thread_blocked, id=5260, stack(0x0000000f41d00000,0x0000000f41e00000)]
  0x0000012d92269450 JavaThread "Unconstrained build operations Thread 14" [_thread_blocked, id=16228, stack(0x0000000f41e00000,0x0000000f41f00000)]
  0x0000012d9226a890 JavaThread "Unconstrained build operations Thread 15" [_thread_blocked, id=9024, stack(0x0000000f41f00000,0x0000000f42000000)]
  0x0000012d9226d110 JavaThread "Unconstrained build operations Thread 16" [_thread_blocked, id=14440, stack(0x0000000f42000000,0x0000000f42100000)]
  0x0000012d92270dd0 JavaThread "Unconstrained build operations Thread 17" [_thread_blocked, id=8788, stack(0x0000000f42100000,0x0000000f42200000)]
  0x0000012d9226e550 JavaThread "Unconstrained build operations Thread 18" [_thread_blocked, id=9680, stack(0x0000000f42200000,0x0000000f42300000)]
  0x0000012d9226ada0 JavaThread "Unconstrained build operations Thread 19" [_thread_blocked, id=14408, stack(0x0000000f42300000,0x0000000f42400000)]
  0x0000012d92ce08d0 JavaThread "Unconstrained build operations Thread 20" [_thread_blocked, id=8552, stack(0x0000000f42400000,0x0000000f42500000)]
  0x0000012d92ce2730 JavaThread "Unconstrained build operations Thread 21" [_thread_blocked, id=3352, stack(0x0000000f42500000,0x0000000f42600000)]
  0x0000012d92ce2c40 JavaThread "Unconstrained build operations Thread 22" [_thread_blocked, id=7580, stack(0x0000000f42600000,0x0000000f42700000)]
  0x0000012d92cdfeb0 JavaThread "build event listener" [_thread_blocked, id=15648, stack(0x0000000f42700000,0x0000000f42800000)]
  0x0000012d92ce12f0 JavaThread "Memory manager" [_thread_blocked, id=5484, stack(0x0000000f42800000,0x0000000f42900000)]

Other Threads:
  0x0000012dfa4ea9f0 VMThread "VM Thread" [stack: 0x0000000f3e200000,0x0000000f3e300000] [id=8436]
  0x0000012dfa7adf40 WatcherThread [stack: 0x0000000f3ee00000,0x0000000f3ef00000] [id=7940]
  0x0000012ded13b5a0 GCTaskThread "GC Thread#0" [stack: 0x0000000f3dd00000,0x0000000f3de00000] [id=12520]
  0x0000012d8f7713a0 GCTaskThread "GC Thread#1" [stack: 0x0000000f3f100000,0x0000000f3f200000] [id=14952]
  0x0000012d8f772c60 GCTaskThread "GC Thread#2" [stack: 0x0000000f3f200000,0x0000000f3f300000] [id=7072]
  0x0000012d8f7726e0 GCTaskThread "GC Thread#3" [stack: 0x0000000f3f300000,0x0000000f3f400000] [id=14056]
  0x0000012d8f771920 GCTaskThread "GC Thread#4" [stack: 0x0000000f3f400000,0x0000000f3f500000] [id=12188]
  0x0000012d8f771660 GCTaskThread "GC Thread#5" [stack: 0x0000000f3f500000,0x0000000f3f600000] [id=9256]
  0x0000012d8f772160 GCTaskThread "GC Thread#6" [stack: 0x0000000f40000000,0x0000000f40100000] [id=11184]
  0x0000012d8f772420 GCTaskThread "GC Thread#7" [stack: 0x0000000f40100000,0x0000000f40200000] [id=3160]
  0x0000012d8f7729a0 GCTaskThread "GC Thread#8" [stack: 0x0000000f40200000,0x0000000f40300000] [id=15208]
  0x0000012d8f772f20 GCTaskThread "GC Thread#9" [stack: 0x0000000f40300000,0x0000000f40400000] [id=7084]
  0x0000012ded14d410 ConcurrentGCThread "G1 Main Marker" [stack: 0x0000000f3de00000,0x0000000f3df00000] [id=12148]
  0x0000012ded14f4f0 ConcurrentGCThread "G1 Conc#0" [stack: 0x0000000f3df00000,0x0000000f3e000000] [id=15800]
  0x0000012d90d3e700 ConcurrentGCThread "G1 Conc#1" [stack: 0x0000000f40400000,0x0000000f40500000] [id=15064]
  0x0000012d90d3ffc0 ConcurrentGCThread "G1 Conc#2" [stack: 0x0000000f40500000,0x0000000f40600000] [id=4848]
  0x0000012dfa2126b0 ConcurrentGCThread "G1 Refine#0" [stack: 0x0000000f3e000000,0x0000000f3e100000] [id=13868]
  0x0000012dfa212d90 ConcurrentGCThread "G1 Service" [stack: 0x0000000f3e100000,0x0000000f3e200000] [id=15240]

Threads with active compile tasks:
C2 CompilerThread0     4493 7493       4       com.google.common.collect.RegularImmutableSet::iterator (8 bytes)
C2 CompilerThread1     4493 7450 %     4       org.gradle.internal.instantiation.generator.AbstractClassGenerator::inspectType @ 207 (560 bytes)
C2 CompilerThread2     4493 7460       4       org.objectweb.asm.MethodWriter::putMethodInfo (1274 bytes)

VM state: not at safepoint (normal execution)

VM Mutex/Monitor currently owned by a thread: None

Heap address: 0x0000000080000000, size: 2048 MB, Compressed Oops mode: 32-bit

CDS archive(s) not mapped
Compressed class space mapped at: 0x0000000100000000-0x0000000140000000, reserved size: 1073741824
Narrow klass base: 0x0000000000000000, Narrow klass shift: 3, Narrow klass range: 0x140000000

GC Precious Log:
 CPUs: 12 total, 12 available
 Memory: 16315M
 Large Page Support: Disabled
 NUMA Support: Disabled
 Compressed Oops: Enabled (32-bit)
 Heap Region Size: 1M
 Heap Min Capacity: 8M
 Heap Initial Capacity: 256M
 Heap Max Capacity: 2G
 Pre-touch: Disabled
 Parallel Workers: 10
 Concurrent Workers: 3
 Concurrent Refinement Workers: 10
 Periodic GC: Disabled

Heap:
 garbage-first heap   total 176128K, used 78495K [0x0000000080000000, 0x0000000100000000)
  region size 1024K, 14 young (14336K), 9 survivors (9216K)
 Metaspace       used 70240K, committed 70848K, reserved 1114112K
  class space    used 9574K, committed 9856K, reserved 1048576K

Heap Regions: E=young(eden), S=young(survivor), O=old, HS=humongous(starts), HC=humongous(continues), CS=collection set, F=free, OA=open archive, CA=closed archive, TAMS=top-at-mark-start (previous, next)
|   0|0x0000000080000000, 0x0000000080100000, 0x0000000080100000|100%|HS|  |TAMS 0x0000000080100000, 0x0000000080100000| Complete 
|   1|0x0000000080100000, 0x0000000080200000, 0x0000000080200000|100%|HC|  |TAMS 0x0000000080200000, 0x0000000080200000| Complete 
|   2|0x0000000080200000, 0x0000000080300000, 0x0000000080300000|100%|HC|  |TAMS 0x0000000080300000, 0x0000000080300000| Complete 
|   3|0x0000000080300000, 0x0000000080400000, 0x0000000080400000|100%|HC|  |TAMS 0x0000000080400000, 0x0000000080400000| Complete 
|   4|0x0000000080400000, 0x0000000080500000, 0x0000000080500000|100%| O|  |TAMS 0x0000000080500000, 0x0000000080500000| Untracked 
|   5|0x0000000080500000, 0x0000000080600000, 0x0000000080600000|100%| O|  |TAMS 0x0000000080600000, 0x0000000080600000| Untracked 
|   6|0x0000000080600000, 0x0000000080700000, 0x0000000080700000|100%| O|  |TAMS 0x0000000080700000, 0x0000000080700000| Untracked 
|   7|0x0000000080700000, 0x0000000080800000, 0x0000000080800000|100%| O|  |TAMS 0x0000000080800000, 0x0000000080800000| Untracked 
|   8|0x0000000080800000, 0x0000000080900000, 0x0000000080900000|100%| O|  |TAMS 0x0000000080900000, 0x0000000080900000| Untracked 
|   9|0x0000000080900000, 0x0000000080a00000, 0x0000000080a00000|100%| O|  |TAMS 0x0000000080a00000, 0x0000000080a00000| Untracked 
|  10|0x0000000080a00000, 0x0000000080b00000, 0x0000000080b00000|100%|HS|  |TAMS 0x0000000080a00000, 0x0000000080a00000| Complete 
|  11|0x0000000080b00000, 0x0000000080c00000, 0x0000000080c00000|100%| O|  |TAMS 0x0000000080c00000, 0x0000000080c00000| Untracked 
|  12|0x0000000080c00000, 0x0000000080d00000, 0x0000000080d00000|100%| O|  |TAMS 0x0000000080d00000, 0x0000000080d00000| Untracked 
|  13|0x0000000080d00000, 0x0000000080e00000, 0x0000000080e00000|100%| O|  |TAMS 0x0000000080e00000, 0x0000000080e00000| Untracked 
|  14|0x0000000080e00000, 0x0000000080f00000, 0x0000000080f00000|100%| O|  |TAMS 0x0000000080f00000, 0x0000000080f00000| Untracked 
|  15|0x0000000080f00000, 0x0000000081000000, 0x0000000081000000|100%| O|  |TAMS 0x0000000081000000, 0x0000000081000000| Untracked 
|  16|0x0000000081000000, 0x0000000081100000, 0x0000000081100000|100%| O|  |TAMS 0x0000000081100000, 0x0000000081100000| Untracked 
|  17|0x0000000081100000, 0x0000000081200000, 0x0000000081200000|100%| O|  |TAMS 0x0000000081200000, 0x0000000081200000| Untracked 
|  18|0x0000000081200000, 0x0000000081300000, 0x0000000081300000|100%| O|  |TAMS 0x0000000081300000, 0x0000000081300000| Untracked 
|  19|0x0000000081300000, 0x0000000081400000, 0x0000000081400000|100%| O|  |TAMS 0x0000000081400000, 0x0000000081400000| Untracked 
|  20|0x0000000081400000, 0x0000000081500000, 0x0000000081500000|100%| O|  |TAMS 0x0000000081500000, 0x0000000081500000| Untracked 
|  21|0x0000000081500000, 0x0000000081600000, 0x0000000081600000|100%| O|  |TAMS 0x0000000081600000, 0x0000000081600000| Untracked 
|  22|0x0000000081600000, 0x0000000081700000, 0x0000000081700000|100%| O|  |TAMS 0x0000000081700000, 0x0000000081700000| Untracked 
|  23|0x0000000081700000, 0x0000000081800000, 0x0000000081800000|100%| O|  |TAMS 0x0000000081800000, 0x0000000081800000| Untracked 
|  24|0x0000000081800000, 0x0000000081900000, 0x0000000081900000|100%| O|  |TAMS 0x0000000081900000, 0x0000000081900000| Untracked 
|  25|0x0000000081900000, 0x0000000081a00000, 0x0000000081a00000|100%| O|  |TAMS 0x0000000081a00000, 0x0000000081a00000| Untracked 
|  26|0x0000000081a00000, 0x0000000081b00000, 0x0000000081b00000|100%| O|  |TAMS 0x0000000081b00000, 0x0000000081b00000| Untracked 
|  27|0x0000000081b00000, 0x0000000081c00000, 0x0000000081c00000|100%| O|  |TAMS 0x0000000081c00000, 0x0000000081c00000| Untracked 
|  28|0x0000000081c00000, 0x0000000081d00000, 0x0000000081d00000|100%| O|  |TAMS 0x0000000081d00000, 0x0000000081d00000| Untracked 
|  29|0x0000000081d00000, 0x0000000081e00000, 0x0000000081e00000|100%| O|  |TAMS 0x0000000081e00000, 0x0000000081e00000| Untracked 
|  30|0x0000000081e00000, 0x0000000081f00000, 0x0000000081f00000|100%| O|  |TAMS 0x0000000081f00000, 0x0000000081f00000| Untracked 
|  31|0x0000000081f00000, 0x0000000082000000, 0x0000000082000000|100%| O|  |TAMS 0x0000000082000000, 0x0000000082000000| Untracked 
|  32|0x0000000082000000, 0x0000000082100000, 0x0000000082100000|100%| O|  |TAMS 0x0000000082100000, 0x0000000082100000| Untracked 
|  33|0x0000000082100000, 0x0000000082200000, 0x0000000082200000|100%| O|  |TAMS 0x0000000082200000, 0x0000000082200000| Untracked 
|  34|0x0000000082200000, 0x0000000082300000, 0x0000000082300000|100%| O|  |TAMS 0x0000000082300000, 0x0000000082300000| Untracked 
|  35|0x0000000082300000, 0x0000000082400000, 0x0000000082400000|100%| O|  |TAMS 0x0000000082400000, 0x0000000082400000| Untracked 
|  36|0x0000000082400000, 0x0000000082500000, 0x0000000082500000|100%|HS|  |TAMS 0x0000000082500000, 0x0000000082500000| Complete 
|  37|0x0000000082500000, 0x0000000082600000, 0x0000000082600000|100%|HS|  |TAMS 0x0000000082600000, 0x0000000082600000| Complete 
|  38|0x0000000082600000, 0x0000000082700000, 0x0000000082700000|100%|HS|  |TAMS 0x0000000082700000, 0x0000000082700000| Complete 
|  39|0x0000000082700000, 0x0000000082800000, 0x0000000082800000|100%|HC|  |TAMS 0x0000000082800000, 0x0000000082800000| Complete 
|  40|0x0000000082800000, 0x0000000082900000, 0x0000000082900000|100%|HS|  |TAMS 0x0000000082900000, 0x0000000082900000| Complete 
|  41|0x0000000082900000, 0x0000000082a00000, 0x0000000082a00000|100%|HC|  |TAMS 0x0000000082a00000, 0x0000000082a00000| Complete 
|  42|0x0000000082a00000, 0x0000000082b00000, 0x0000000082b00000|100%| O|  |TAMS 0x0000000082b00000, 0x0000000082b00000| Untracked 
|  43|0x0000000082b00000, 0x0000000082c00000, 0x0000000082c00000|100%| O|  |TAMS 0x0000000082c00000, 0x0000000082c00000| Untracked 
|  44|0x0000000082c00000, 0x0000000082d00000, 0x0000000082d00000|100%| O|  |TAMS 0x0000000082d00000, 0x0000000082d00000| Untracked 
|  45|0x0000000082d00000, 0x0000000082e00000, 0x0000000082e00000|100%| O|  |TAMS 0x0000000082df7e00, 0x0000000082e00000| Untracked 
|  46|0x0000000082e00000, 0x0000000082f00000, 0x0000000082f00000|100%| O|  |TAMS 0x0000000082e00000, 0x0000000082f00000| Untracked 
|  47|0x0000000082f00000, 0x0000000083000000, 0x0000000083000000|100%| O|  |TAMS 0x0000000082f00000, 0x0000000083000000| Untracked 
|  48|0x0000000083000000, 0x0000000083100000, 0x0000000083100000|100%| O|  |TAMS 0x0000000083000000, 0x0000000083100000| Untracked 
|  49|0x0000000083100000, 0x0000000083200000, 0x0000000083200000|100%| O|  |TAMS 0x0000000083100000, 0x0000000083200000| Untracked 
|  50|0x0000000083200000, 0x0000000083300000, 0x0000000083300000|100%| O|  |TAMS 0x0000000083200000, 0x0000000083300000| Untracked 
|  51|0x0000000083300000, 0x0000000083400000, 0x0000000083400000|100%|HS|  |TAMS 0x0000000083300000, 0x0000000083400000| Complete 
|  52|0x0000000083400000, 0x0000000083500000, 0x0000000083500000|100%|HS|  |TAMS 0x0000000083400000, 0x0000000083500000| Complete 
|  53|0x0000000083500000, 0x0000000083600000, 0x0000000083600000|100%|HC|  |TAMS 0x0000000083500000, 0x0000000083600000| Complete 
|  54|0x0000000083600000, 0x0000000083700000, 0x0000000083700000|100%|HC|  |TAMS 0x0000000083600000, 0x0000000083700000| Complete 
|  55|0x0000000083700000, 0x0000000083800000, 0x0000000083800000|100%|HC|  |TAMS 0x0000000083700000, 0x0000000083800000| Complete 
|  56|0x0000000083800000, 0x0000000083900000, 0x0000000083900000|100%|HS|  |TAMS 0x0000000083800000, 0x0000000083900000| Complete 
|  57|0x0000000083900000, 0x0000000083a00000, 0x0000000083a00000|100%| O|  |TAMS 0x0000000083900000, 0x0000000083a00000| Untracked 
|  58|0x0000000083a00000, 0x0000000083b00000, 0x0000000083b00000|100%|HS|  |TAMS 0x0000000083a00000, 0x0000000083b00000| Complete 
|  59|0x0000000083b00000, 0x0000000083c00000, 0x0000000083c00000|100%| O|  |TAMS 0x0000000083b00000, 0x0000000083c00000| Untracked 
|  60|0x0000000083c00000, 0x0000000083d00000, 0x0000000083d00000|100%| O|  |TAMS 0x0000000083c00000, 0x0000000083d00000| Untracked 
|  61|0x0000000083d00000, 0x0000000083e00000, 0x0000000083e00000|100%| O|  |TAMS 0x0000000083d00000, 0x0000000083e00000| Untracked 
|  62|0x0000000083e00000, 0x0000000083f00000, 0x0000000083f00000|100%| O|  |TAMS 0x0000000083e00000, 0x0000000083f00000| Untracked 
|  63|0x0000000083f00000, 0x0000000083f89200, 0x0000000084000000| 53%| O|  |TAMS 0x0000000083f00000, 0x0000000083f89200| Untracked 
|  64|0x0000000084000000, 0x0000000084000000, 0x0000000084100000|  0%| F|  |TAMS 0x0000000084000000, 0x0000000084000000| Untracked 
|  65|0x0000000084100000, 0x0000000084100000, 0x0000000084200000|  0%| F|  |TAMS 0x0000000084100000, 0x0000000084100000| Untracked 
|  66|0x0000000084200000, 0x0000000084200000, 0x0000000084300000|  0%| F|  |TAMS 0x0000000084200000, 0x0000000084200000| Untracked 
|  67|0x0000000084300000, 0x0000000084300000, 0x0000000084400000|  0%| F|  |TAMS 0x0000000084300000, 0x0000000084300000| Untracked 
|  68|0x0000000084400000, 0x0000000084500000, 0x0000000084500000|100%|HS|  |TAMS 0x0000000084400000, 0x0000000084400000| Complete 
|  69|0x0000000084500000, 0x0000000084500000, 0x0000000084600000|  0%| F|  |TAMS 0x0000000084500000, 0x0000000084500000| Untracked 
|  70|0x0000000084600000, 0x0000000084600000, 0x0000000084700000|  0%| F|  |TAMS 0x0000000084600000, 0x0000000084600000| Untracked 
|  71|0x0000000084700000, 0x0000000084700000, 0x0000000084800000|  0%| F|  |TAMS 0x0000000084700000, 0x0000000084700000| Untracked 
|  72|0x0000000084800000, 0x0000000084800000, 0x0000000084900000|  0%| F|  |TAMS 0x0000000084800000, 0x0000000084800000| Untracked 
|  73|0x0000000084900000, 0x0000000084900000, 0x0000000084a00000|  0%| F|  |TAMS 0x0000000084900000, 0x0000000084900000| Untracked 
|  74|0x0000000084a00000, 0x0000000084a00000, 0x0000000084b00000|  0%| F|  |TAMS 0x0000000084a00000, 0x0000000084a00000| Untracked 
|  75|0x0000000084b00000, 0x0000000084b00000, 0x0000000084c00000|  0%| F|  |TAMS 0x0000000084b00000, 0x0000000084b00000| Untracked 
|  76|0x0000000084c00000, 0x0000000084c00000, 0x0000000084d00000|  0%| F|  |TAMS 0x0000000084c00000, 0x0000000084c00000| Untracked 
|  77|0x0000000084d00000, 0x0000000084d00000, 0x0000000084e00000|  0%| F|  |TAMS 0x0000000084d00000, 0x0000000084d00000| Untracked 
|  78|0x0000000084e00000, 0x0000000084e00000, 0x0000000084f00000|  0%| F|  |TAMS 0x0000000084e00000, 0x0000000084e00000| Untracked 
|  79|0x0000000084f00000, 0x0000000084f00000, 0x0000000085000000|  0%| F|  |TAMS 0x0000000084f00000, 0x0000000084f00000| Untracked 
|  80|0x0000000085000000, 0x0000000085000000, 0x0000000085100000|  0%| F|  |TAMS 0x0000000085000000, 0x0000000085000000| Untracked 
|  81|0x0000000085100000, 0x0000000085100000, 0x0000000085200000|  0%| F|  |TAMS 0x0000000085100000, 0x0000000085100000| Untracked 
|  82|0x0000000085200000, 0x0000000085200000, 0x0000000085300000|  0%| F|  |TAMS 0x0000000085200000, 0x0000000085200000| Untracked 
|  83|0x0000000085300000, 0x0000000085300000, 0x0000000085400000|  0%| F|  |TAMS 0x0000000085300000, 0x0000000085300000| Untracked 
|  84|0x0000000085400000, 0x0000000085400000, 0x0000000085500000|  0%| F|  |TAMS 0x0000000085400000, 0x0000000085400000| Untracked 
|  85|0x0000000085500000, 0x0000000085500000, 0x0000000085600000|  0%| F|  |TAMS 0x0000000085500000, 0x0000000085500000| Untracked 
|  86|0x0000000085600000, 0x0000000085600000, 0x0000000085700000|  0%| F|  |TAMS 0x0000000085600000, 0x0000000085600000| Untracked 
|  87|0x0000000085700000, 0x0000000085700000, 0x0000000085800000|  0%| F|  |TAMS 0x0000000085700000, 0x0000000085700000| Untracked 
|  88|0x0000000085800000, 0x0000000085800000, 0x0000000085900000|  0%| F|  |TAMS 0x0000000085800000, 0x0000000085800000| Untracked 
|  89|0x0000000085900000, 0x0000000085900000, 0x0000000085a00000|  0%| F|  |TAMS 0x0000000085900000, 0x0000000085900000| Untracked 
|  90|0x0000000085a00000, 0x0000000085a00000, 0x0000000085b00000|  0%| F|  |TAMS 0x0000000085a00000, 0x0000000085a00000| Untracked 
|  91|0x0000000085b00000, 0x0000000085b00000, 0x0000000085c00000|  0%| F|  |TAMS 0x0000000085b00000, 0x0000000085b00000| Untracked 
|  92|0x0000000085c00000, 0x0000000085c00000, 0x0000000085d00000|  0%| F|  |TAMS 0x0000000085c00000, 0x0000000085c00000| Untracked 
|  93|0x0000000085d00000, 0x0000000085d00000, 0x0000000085e00000|  0%| F|  |TAMS 0x0000000085d00000, 0x0000000085d00000| Untracked 
|  94|0x0000000085e00000, 0x0000000085e1ea28, 0x0000000085f00000| 11%| S|CS|TAMS 0x0000000085e00000, 0x0000000085e00000| Complete 
|  95|0x0000000085f00000, 0x0000000086000000, 0x0000000086000000|100%| S|CS|TAMS 0x0000000085f00000, 0x0000000085f00000| Complete 
|  96|0x0000000086000000, 0x0000000086100000, 0x0000000086100000|100%| S|CS|TAMS 0x0000000086000000, 0x0000000086000000| Complete 
|  97|0x0000000086100000, 0x0000000086200000, 0x0000000086200000|100%| S|CS|TAMS 0x0000000086100000, 0x0000000086100000| Complete 
|  98|0x0000000086200000, 0x0000000086300000, 0x0000000086300000|100%| S|CS|TAMS 0x0000000086200000, 0x0000000086200000| Complete 
|  99|0x0000000086300000, 0x0000000086400000, 0x0000000086400000|100%| S|CS|TAMS 0x0000000086300000, 0x0000000086300000| Complete 
| 100|0x0000000086400000, 0x0000000086500000, 0x0000000086500000|100%| S|CS|TAMS 0x0000000086400000, 0x0000000086400000| Complete 
| 101|0x0000000086500000, 0x0000000086600000, 0x0000000086600000|100%| S|CS|TAMS 0x0000000086500000, 0x0000000086500000| Complete 
| 102|0x0000000086600000, 0x0000000086700000, 0x0000000086700000|100%| S|CS|TAMS 0x0000000086600000, 0x0000000086600000| Complete 
| 103|0x0000000086700000, 0x0000000086700000, 0x0000000086800000|  0%| F|  |TAMS 0x0000000086700000, 0x0000000086700000| Untracked 
| 104|0x0000000086800000, 0x0000000086800000, 0x0000000086900000|  0%| F|  |TAMS 0x0000000086800000, 0x0000000086800000| Untracked 
| 105|0x0000000086900000, 0x0000000086900000, 0x0000000086a00000|  0%| F|  |TAMS 0x0000000086900000, 0x0000000086900000| Untracked 
| 106|0x0000000086a00000, 0x0000000086a00000, 0x0000000086b00000|  0%| F|  |TAMS 0x0000000086a00000, 0x0000000086a00000| Untracked 
| 107|0x0000000086b00000, 0x0000000086b00000, 0x0000000086c00000|  0%| F|  |TAMS 0x0000000086b00000, 0x0000000086b00000| Untracked 
| 108|0x0000000086c00000, 0x0000000086c00000, 0x0000000086d00000|  0%| F|  |TAMS 0x0000000086c00000, 0x0000000086c00000| Untracked 
| 109|0x0000000086d00000, 0x0000000086d00000, 0x0000000086e00000|  0%| F|  |TAMS 0x0000000086d00000, 0x0000000086d00000| Untracked 
| 110|0x0000000086e00000, 0x0000000086e00000, 0x0000000086f00000|  0%| F|  |TAMS 0x0000000086e00000, 0x0000000086e00000| Untracked 
| 111|0x0000000086f00000, 0x0000000086f00000, 0x0000000087000000|  0%| F|  |TAMS 0x0000000086f00000, 0x0000000086f00000| Untracked 
| 112|0x0000000087000000, 0x0000000087000000, 0x0000000087100000|  0%| F|  |TAMS 0x0000000087000000, 0x0000000087000000| Untracked 
| 113|0x0000000087100000, 0x0000000087100000, 0x0000000087200000|  0%| F|  |TAMS 0x0000000087100000, 0x0000000087100000| Untracked 
| 114|0x0000000087200000, 0x0000000087200000, 0x0000000087300000|  0%| F|  |TAMS 0x0000000087200000, 0x0000000087200000| Untracked 
| 115|0x0000000087300000, 0x0000000087300000, 0x0000000087400000|  0%| F|  |TAMS 0x0000000087300000, 0x0000000087300000| Untracked 
| 116|0x0000000087400000, 0x0000000087400000, 0x0000000087500000|  0%| F|  |TAMS 0x0000000087400000, 0x0000000087400000| Untracked 
| 117|0x0000000087500000, 0x0000000087500000, 0x0000000087600000|  0%| F|  |TAMS 0x0000000087500000, 0x0000000087500000| Untracked 
| 118|0x0000000087600000, 0x0000000087600000, 0x0000000087700000|  0%| F|  |TAMS 0x0000000087600000, 0x0000000087600000| Untracked 
| 119|0x0000000087700000, 0x0000000087700000, 0x0000000087800000|  0%| F|  |TAMS 0x0000000087700000, 0x0000000087700000| Untracked 
| 120|0x0000000087800000, 0x0000000087800000, 0x0000000087900000|  0%| F|  |TAMS 0x0000000087800000, 0x0000000087800000| Untracked 
| 121|0x0000000087900000, 0x0000000087900000, 0x0000000087a00000|  0%| F|  |TAMS 0x0000000087900000, 0x0000000087900000| Untracked 
| 122|0x0000000087a00000, 0x0000000087a00000, 0x0000000087b00000|  0%| F|  |TAMS 0x0000000087a00000, 0x0000000087a00000| Untracked 
| 123|0x0000000087b00000, 0x0000000087b00000, 0x0000000087c00000|  0%| F|  |TAMS 0x0000000087b00000, 0x0000000087b00000| Untracked 
| 124|0x0000000087c00000, 0x0000000087c00000, 0x0000000087d00000|  0%| F|  |TAMS 0x0000000087c00000, 0x0000000087c00000| Untracked 
| 125|0x0000000087d00000, 0x0000000087d00000, 0x0000000087e00000|  0%| F|  |TAMS 0x0000000087d00000, 0x0000000087d00000| Untracked 
| 126|0x0000000087e00000, 0x0000000087e00000, 0x0000000087f00000|  0%| F|  |TAMS 0x0000000087e00000, 0x0000000087e00000| Untracked 
| 127|0x0000000087f00000, 0x0000000087f00000, 0x0000000088000000|  0%| F|  |TAMS 0x0000000087f00000, 0x0000000087f00000| Untracked 
| 128|0x0000000088000000, 0x0000000088000000, 0x0000000088100000|  0%| F|  |TAMS 0x0000000088000000, 0x0000000088000000| Untracked 
| 129|0x0000000088100000, 0x0000000088100000, 0x0000000088200000|  0%| F|  |TAMS 0x0000000088100000, 0x0000000088100000| Untracked 
| 130|0x0000000088200000, 0x0000000088200000, 0x0000000088300000|  0%| F|  |TAMS 0x0000000088200000, 0x0000000088200000| Untracked 
| 131|0x0000000088300000, 0x0000000088300000, 0x0000000088400000|  0%| F|  |TAMS 0x0000000088300000, 0x0000000088300000| Untracked 
| 132|0x0000000088400000, 0x0000000088400000, 0x0000000088500000|  0%| F|  |TAMS 0x0000000088400000, 0x0000000088400000| Untracked 
| 133|0x0000000088500000, 0x0000000088500000, 0x0000000088600000|  0%| F|  |TAMS 0x0000000088500000, 0x0000000088500000| Untracked 
| 134|0x0000000088600000, 0x0000000088600000, 0x0000000088700000|  0%| F|  |TAMS 0x0000000088600000, 0x0000000088600000| Untracked 
| 135|0x0000000088700000, 0x0000000088700000, 0x0000000088800000|  0%| F|  |TAMS 0x0000000088700000, 0x0000000088700000| Untracked 
| 136|0x0000000088800000, 0x0000000088800000, 0x0000000088900000|  0%| F|  |TAMS 0x0000000088800000, 0x0000000088800000| Untracked 
| 137|0x0000000088900000, 0x0000000088900000, 0x0000000088a00000|  0%| F|  |TAMS 0x0000000088900000, 0x0000000088900000| Untracked 
| 138|0x0000000088a00000, 0x0000000088a00000, 0x0000000088b00000|  0%| F|  |TAMS 0x0000000088a00000, 0x0000000088a00000| Untracked 
| 139|0x0000000088b00000, 0x0000000088b00000, 0x0000000088c00000|  0%| F|  |TAMS 0x0000000088b00000, 0x0000000088b00000| Untracked 
| 140|0x0000000088c00000, 0x0000000088c00000, 0x0000000088d00000|  0%| F|  |TAMS 0x0000000088c00000, 0x0000000088c00000| Untracked 
| 141|0x0000000088d00000, 0x0000000088d00000, 0x0000000088e00000|  0%| F|  |TAMS 0x0000000088d00000, 0x0000000088d00000| Untracked 
| 142|0x0000000088e00000, 0x0000000088e00000, 0x0000000088f00000|  0%| F|  |TAMS 0x0000000088e00000, 0x0000000088e00000| Untracked 
| 143|0x0000000088f00000, 0x0000000088f00000, 0x0000000089000000|  0%| F|  |TAMS 0x0000000088f00000, 0x0000000088f00000| Untracked 
| 144|0x0000000089000000, 0x0000000089000000, 0x0000000089100000|  0%| F|  |TAMS 0x0000000089000000, 0x0000000089000000| Untracked 
| 145|0x0000000089100000, 0x0000000089100000, 0x0000000089200000|  0%| F|  |TAMS 0x0000000089100000, 0x0000000089100000| Untracked 
| 146|0x0000000089200000, 0x0000000089200000, 0x0000000089300000|  0%| F|  |TAMS 0x0000000089200000, 0x0000000089200000| Untracked 
| 147|0x0000000089300000, 0x0000000089300000, 0x0000000089400000|  0%| F|  |TAMS 0x0000000089300000, 0x0000000089300000| Untracked 
| 148|0x0000000089400000, 0x0000000089400000, 0x0000000089500000|  0%| F|  |TAMS 0x0000000089400000, 0x0000000089400000| Untracked 
| 149|0x0000000089500000, 0x0000000089500000, 0x0000000089600000|  0%| F|  |TAMS 0x0000000089500000, 0x0000000089500000| Untracked 
| 150|0x0000000089600000, 0x0000000089600000, 0x0000000089700000|  0%| F|  |TAMS 0x0000000089600000, 0x0000000089600000| Untracked 
| 151|0x0000000089700000, 0x0000000089700000, 0x0000000089800000|  0%| F|  |TAMS 0x0000000089700000, 0x0000000089700000| Untracked 
| 152|0x0000000089800000, 0x0000000089800000, 0x0000000089900000|  0%| F|  |TAMS 0x0000000089800000, 0x0000000089800000| Untracked 
| 153|0x0000000089900000, 0x0000000089900000, 0x0000000089a00000|  0%| F|  |TAMS 0x0000000089900000, 0x0000000089900000| Untracked 
| 154|0x0000000089a00000, 0x0000000089a00000, 0x0000000089b00000|  0%| F|  |TAMS 0x0000000089a00000, 0x0000000089a00000| Untracked 
| 155|0x0000000089b00000, 0x0000000089b00000, 0x0000000089c00000|  0%| F|  |TAMS 0x0000000089b00000, 0x0000000089b00000| Untracked 
| 156|0x0000000089c00000, 0x0000000089c00000, 0x0000000089d00000|  0%| F|  |TAMS 0x0000000089c00000, 0x0000000089c00000| Untracked 
| 157|0x0000000089d00000, 0x0000000089d00000, 0x0000000089e00000|  0%| F|  |TAMS 0x0000000089d00000, 0x0000000089d00000| Untracked 
| 158|0x0000000089e00000, 0x0000000089e00000, 0x0000000089f00000|  0%| F|  |TAMS 0x0000000089e00000, 0x0000000089e00000| Untracked 
| 159|0x0000000089f00000, 0x0000000089f00000, 0x000000008a000000|  0%| F|  |TAMS 0x0000000089f00000, 0x0000000089f00000| Untracked 
| 160|0x000000008a000000, 0x000000008a000000, 0x000000008a100000|  0%| F|  |TAMS 0x000000008a000000, 0x000000008a000000| Untracked 
| 161|0x000000008a100000, 0x000000008a100000, 0x000000008a200000|  0%| F|  |TAMS 0x000000008a100000, 0x000000008a100000| Untracked 
| 197|0x000000008c500000, 0x000000008c500000, 0x000000008c600000|  0%| F|  |TAMS 0x000000008c500000, 0x000000008c500000| Untracked 
| 198|0x000000008c600000, 0x000000008c600000, 0x000000008c700000|  0%| F|  |TAMS 0x000000008c600000, 0x000000008c600000| Untracked 
| 199|0x000000008c700000, 0x000000008c700000, 0x000000008c800000|  0%| F|  |TAMS 0x000000008c700000, 0x000000008c700000| Untracked 
| 200|0x000000008c800000, 0x000000008c800000, 0x000000008c900000|  0%| F|  |TAMS 0x000000008c800000, 0x000000008c800000| Untracked 
| 201|0x000000008c900000, 0x000000008c900000, 0x000000008ca00000|  0%| F|  |TAMS 0x000000008c900000, 0x000000008c900000| Untracked 
| 202|0x000000008ca00000, 0x000000008cb00000, 0x000000008cb00000|100%| E|  |TAMS 0x000000008ca00000, 0x000000008ca00000| Complete 
| 203|0x000000008cb00000, 0x000000008cc00000, 0x000000008cc00000|100%| E|CS|TAMS 0x000000008cb00000, 0x000000008cb00000| Complete 
| 204|0x000000008cc00000, 0x000000008cd00000, 0x000000008cd00000|100%| E|CS|TAMS 0x000000008cc00000, 0x000000008cc00000| Complete 
| 205|0x000000008cd00000, 0x000000008ce00000, 0x000000008ce00000|100%| E|CS|TAMS 0x000000008cd00000, 0x000000008cd00000| Complete 
| 255|0x000000008ff00000, 0x0000000090000000, 0x0000000090000000|100%| E|CS|TAMS 0x000000008ff00000, 0x000000008ff00000| Complete 

Card table byte_map: [0x0000012df2e10000,0x0000012df3210000] _byte_map_base: 0x0000012df2a10000

Marking Bits (Prev, Next): (CMBitMap*) 0x0000012ded13bb10, (CMBitMap*) 0x0000012ded13bad0
 Prev Bits: [0x0000012df5610000, 0x0000012df7610000)
 Next Bits: [0x0000012df3610000, 0x0000012df5610000)

Polling page: 0x0000012decf20000

Metaspace:

Usage:
  Non-class:     59.27 MB used.
      Class:      9.35 MB used.
       Both:     68.63 MB used.

Virtual space:
  Non-class space:       64.00 MB reserved,      59.56 MB ( 93%) committed,  1 nodes.
      Class space:        1.00 GB reserved,       9.62 MB ( <1%) committed,  1 nodes.
             Both:        1.06 GB reserved,      69.19 MB (  6%) committed. 

Chunk freelists:
   Non-Class:  4.44 MB
       Class:  6.19 MB
        Both:  10.62 MB

MaxMetaspaceSize: unlimited
CompressedClassSpaceSize: 1.00 GB
Initial GC threshold: 21.00 MB
Current GC threshold: 93.75 MB
CDS: off
MetaspaceReclaimPolicy: balanced
 - commit_granule_bytes: 65536.
 - commit_granule_words: 8192.
 - virtual_space_node_default_size: 8388608.
 - enlarge_chunks_in_place: 1.
 - new_chunks_are_fully_committed: 0.
 - uncommit_free_chunks: 1.
 - use_allocation_guard: 0.
 - handle_deallocations: 1.


Internal statistics:

num_allocs_failed_limit: 6.
num_arena_births: 784.
num_arena_deaths: 0.
num_vsnodes_births: 2.
num_vsnodes_deaths: 0.
num_space_committed: 1107.
num_space_uncommitted: 0.
num_chunks_returned_to_freelist: 6.
num_chunks_taken_from_freelist: 3256.
num_chunk_merges: 6.
num_chunk_splits: 2137.
num_chunks_enlarged: 1424.
num_inconsistent_stats: 0.

CodeHeap 'non-profiled nmethods': size=120000Kb used=3921Kb max_used=3921Kb free=116078Kb
 bounds [0x0000012d87ad0000, 0x0000012d87eb0000, 0x0000012d8f000000]
CodeHeap 'profiled nmethods': size=120000Kb used=12607Kb max_used=12607Kb free=107392Kb
 bounds [0x0000012d80000000, 0x0000012d80c50000, 0x0000012d87530000]
CodeHeap 'non-nmethods': size=5760Kb used=1653Kb max_used=1781Kb free=4106Kb
 bounds [0x0000012d87530000, 0x0000012d877a0000, 0x0000012d87ad0000]
 total_blobs=7506 nmethods=6775 adapters=643
 compilation: enabled
              stopped_count=0, restarted_count=0
 full_count=0

Compilation events (20 events):
Event: 4.454 Thread 0x0000012dfa562450 7458       3       org.objectweb.asm.MethodWriter::visitFrameEnd (53 bytes)
Event: 4.455 Thread 0x0000012dfa562450 nmethod 7458 0x0000012d80c38d90 code [0x0000012d80c38f60, 0x0000012d80c39448]
Event: 4.456 Thread 0x0000012dfa562450 7459       1       com.google.common.cache.LocalCache$2::peek (2 bytes)
Event: 4.456 Thread 0x0000012dfa562450 nmethod 7459 0x0000012d87e9e890 code [0x0000012d87e9ea20, 0x0000012d87e9eaf8]
Event: 4.456 Thread 0x0000012d91632760 7460       4       org.objectweb.asm.MethodWriter::putMethodInfo (1274 bytes)
Event: 4.457 Thread 0x0000012dfa562450 7461       3       org.objectweb.asm.commons.Method::getArgumentTypes (8 bytes)
Event: 4.457 Thread 0x0000012dfa562450 nmethod 7461 0x0000012d80c39590 code [0x0000012d80c39720, 0x0000012d80c39868]
Event: 4.458 Thread 0x0000012dfa562450 7462       3       org.gradle.internal.instantiation.generator.AsmBackedClassGenerator$ClassBuilderImpl::access$8200 (4 bytes)
Event: 4.458 Thread 0x0000012dfa562450 nmethod 7462 0x0000012d80c39910 code [0x0000012d80c39aa0, 0x0000012d80c39b98]
Event: 4.458 Thread 0x0000012dfa562450 7463       3       org.objectweb.asm.MethodVisitor::visitInvokeDynamicInsn (39 bytes)
Event: 4.458 Thread 0x0000012dfa562450 nmethod 7463 0x0000012d80c39c10 code [0x0000012d80c39de0, 0x0000012d80c3a0f8]
Event: 4.458 Thread 0x0000012dfa55b050 7464       4       org.objectweb.asm.Handler::putExceptionTable (63 bytes)
Event: 4.459 Thread 0x0000012dfa562450 7465       3       org.objectweb.asm.Frame::merge (322 bytes)
Event: 4.460 Thread 0x0000012dfa562450 nmethod 7465 0x0000012d80c3a210 code [0x0000012d80c3a440, 0x0000012d80c3adc8]
Event: 4.460 Thread 0x0000012dfa562450 7466       3       org.objectweb.asm.Attribute::putAttributes (78 bytes)
Event: 4.460 Thread 0x0000012dfa562450 nmethod 7466 0x0000012d80c3b010 code [0x0000012d80c3b260, 0x0000012d80c3b798]
Event: 4.460 Thread 0x0000012dfa562450 7467       3       org.gradle.internal.instantiation.generator.AbstractClassGenerator$PropertyMetadata::addSetter (41 bytes)
Event: 4.460 Thread 0x0000012dfa562450 nmethod 7467 0x0000012d80c3ba90 code [0x0000012d80c3bc60, 0x0000012d80c3c158]
Event: 4.460 Thread 0x0000012dfa562450 7469       3       org.gradle.internal.instantiation.generator.AsmBackedClassGenerator$ClassBuilderImpl::applyConventionMappingToSetter (15 bytes)
Event: 4.460 Thread 0x0000012dfa562450 nmethod 7469 0x0000012d80c3c310 code [0x0000012d80c3c4c0, 0x0000012d80c3c668]

GC Heap History (20 events):
Event: 2.428 GC heap before
{Heap before GC invocations=11 (full 0):
 garbage-first heap   total 71680K, used 54330K [0x0000000080000000, 0x0000000100000000)
  region size 1024K, 27 young (27648K), 2 survivors (2048K)
 Metaspace       used 45361K, committed 45888K, reserved 1114112K
  class space    used 6153K, committed 6400K, reserved 1048576K
}
Event: 2.429 GC heap after
{Heap after GC invocations=12 (full 0):
 garbage-first heap   total 95232K, used 31830K [0x0000000080000000, 0x0000000100000000)
  region size 1024K, 4 young (4096K), 4 survivors (4096K)
 Metaspace       used 45361K, committed 45888K, reserved 1114112K
  class space    used 6153K, committed 6400K, reserved 1048576K
}
Event: 2.781 GC heap before
{Heap before GC invocations=12 (full 0):
 garbage-first heap   total 95232K, used 72790K [0x0000000080000000, 0x0000000100000000)
  region size 1024K, 44 young (45056K), 4 survivors (4096K)
 Metaspace       used 50427K, committed 50880K, reserved 1114112K
  class space    used 6947K, committed 7168K, reserved 1048576K
}
Event: 2.784 GC heap after
{Heap after GC invocations=13 (full 0):
 garbage-first heap   total 95232K, used 34804K [0x0000000080000000, 0x0000000100000000)
  region size 1024K, 6 young (6144K), 6 survivors (6144K)
 Metaspace       used 50427K, committed 50880K, reserved 1114112K
  class space    used 6947K, committed 7168K, reserved 1048576K
}
Event: 3.146 GC heap before
{Heap before GC invocations=13 (full 0):
 garbage-first heap   total 95232K, used 73716K [0x0000000080000000, 0x0000000100000000)
  region size 1024K, 43 young (44032K), 6 survivors (6144K)
 Metaspace       used 55365K, committed 55872K, reserved 1114112K
  class space    used 7624K, committed 7872K, reserved 1048576K
}
Event: 3.150 GC heap after
{Heap after GC invocations=14 (full 0):
 garbage-first heap   total 95232K, used 36929K [0x0000000080000000, 0x0000000100000000)
  region size 1024K, 5 young (5120K), 5 survivors (5120K)
 Metaspace       used 55365K, committed 55872K, reserved 1114112K
  class space    used 7624K, committed 7872K, reserved 1048576K
}
Event: 3.392 GC heap before
{Heap before GC invocations=14 (full 0):
 garbage-first heap   total 95232K, used 73793K [0x0000000080000000, 0x0000000100000000)
  region size 1024K, 42 young (43008K), 5 survivors (5120K)
 Metaspace       used 56536K, committed 57088K, reserved 1114112K
  class space    used 7787K, committed 8064K, reserved 1048576K
}
Event: 3.396 GC heap after
{Heap after GC invocations=15 (full 0):
 garbage-first heap   total 95232K, used 41690K [0x0000000080000000, 0x0000000100000000)
  region size 1024K, 6 young (6144K), 6 survivors (6144K)
 Metaspace       used 56536K, committed 57088K, reserved 1114112K
  class space    used 7787K, committed 8064K, reserved 1048576K
}
Event: 3.504 GC heap before
{Heap before GC invocations=15 (full 0):
 garbage-first heap   total 95232K, used 78554K [0x0000000080000000, 0x0000000100000000)
  region size 1024K, 37 young (37888K), 6 survivors (6144K)
 Metaspace       used 56951K, committed 57600K, reserved 1114112K
  class space    used 7829K, committed 8128K, reserved 1048576K
}
Event: 3.507 GC heap after
{Heap after GC invocations=16 (full 0):
 garbage-first heap   total 95232K, used 51462K [0x0000000080000000, 0x0000000100000000)
  region size 1024K, 5 young (5120K), 5 survivors (5120K)
 Metaspace       used 56951K, committed 57600K, reserved 1114112K
  class space    used 7829K, committed 8128K, reserved 1048576K
}
Event: 3.509 GC heap before
{Heap before GC invocations=16 (full 0):
 garbage-first heap   total 95232K, used 51462K [0x0000000080000000, 0x0000000100000000)
  region size 1024K, 6 young (6144K), 5 survivors (5120K)
 Metaspace       used 56971K, committed 57600K, reserved 1114112K
  class space    used 7832K, committed 8128K, reserved 1048576K
}
Event: 3.510 GC heap after
{Heap after GC invocations=17 (full 0):
 garbage-first heap   total 95232K, used 52203K [0x0000000080000000, 0x0000000100000000)
  region size 1024K, 1 young (1024K), 1 survivors (1024K)
 Metaspace       used 56971K, committed 57600K, reserved 1114112K
  class space    used 7832K, committed 8128K, reserved 1048576K
}
Event: 3.640 GC heap before
{Heap before GC invocations=18 (full 0):
 garbage-first heap   total 104448K, used 82923K [0x0000000080000000, 0x0000000100000000)
  region size 1024K, 24 young (24576K), 1 survivors (1024K)
 Metaspace       used 58304K, committed 58880K, reserved 1114112K
  class space    used 8037K, committed 8320K, reserved 1048576K
}
Event: 3.642 GC heap after
{Heap after GC invocations=19 (full 0):
 garbage-first heap   total 104448K, used 64201K [0x0000000080000000, 0x0000000100000000)
  region size 1024K, 3 young (3072K), 3 survivors (3072K)
 Metaspace       used 58304K, committed 58880K, reserved 1114112K
  class space    used 8037K, committed 8320K, reserved 1048576K
}
Event: 3.649 GC heap before
{Heap before GC invocations=19 (full 0):
 garbage-first heap   total 104448K, used 65225K [0x0000000080000000, 0x0000000100000000)
  region size 1024K, 5 young (5120K), 3 survivors (3072K)
 Metaspace       used 58405K, committed 59008K, reserved 1114112K
  class space    used 8047K, committed 8320K, reserved 1048576K
}
Event: 3.650 GC heap after
{Heap after GC invocations=20 (full 0):
 garbage-first heap   total 104448K, used 64701K [0x0000000080000000, 0x0000000100000000)
  region size 1024K, 1 young (1024K), 1 survivors (1024K)
 Metaspace       used 58405K, committed 59008K, reserved 1114112K
  class space    used 8047K, committed 8320K, reserved 1048576K
}
Event: 3.654 GC heap before
{Heap before GC invocations=20 (full 0):
 garbage-first heap   total 104448K, used 65725K [0x0000000080000000, 0x0000000100000000)
  region size 1024K, 3 young (3072K), 1 survivors (1024K)
 Metaspace       used 58475K, committed 59072K, reserved 1114112K
  class space    used 8051K, committed 8320K, reserved 1048576K
}
Event: 3.655 GC heap after
{Heap after GC invocations=21 (full 0):
 garbage-first heap   total 176128K, used 64638K [0x0000000080000000, 0x0000000100000000)
  region size 1024K, 1 young (1024K), 1 survivors (1024K)
 Metaspace       used 58475K, committed 59072K, reserved 1114112K
  class space    used 8051K, committed 8320K, reserved 1048576K
}
Event: 4.067 GC heap before
{Heap before GC invocations=21 (full 0):
 garbage-first heap   total 176128K, used 130174K [0x0000000080000000, 0x0000000100000000)
  region size 1024K, 64 young (65536K), 1 survivors (1024K)
 Metaspace       used 64518K, committed 65088K, reserved 1114112K
  class space    used 8804K, committed 9024K, reserved 1048576K
}
Event: 4.069 GC heap after
{Heap after GC invocations=22 (full 0):
 garbage-first heap   total 176128K, used 67432K [0x0000000080000000, 0x0000000100000000)
  region size 1024K, 3 young (3072K), 3 survivors (3072K)
 Metaspace       used 64518K, committed 65088K, reserved 1114112K
  class space    used 8804K, committed 9024K, reserved 1048576K
}

Dll operation events (3 events):
Event: 0.003 Loaded shared library E:\Android\AndroidStudio\jbr\bin\java.dll
Event: 0.087 Loaded shared library E:\Android\AndroidStudio\jbr\bin\zip.dll
Event: 0.217 Loaded shared library E:\Android\AndroidStudio\jbr\bin\verify.dll

Deoptimization events (20 events):
Event: 4.311 Thread 0x0000012d90c97320 Uncommon trap: trap_request=0xffffffc6 fr.pc=0x0000012d87b3ded0 relative=0x00000000000027d0
Event: 4.311 Thread 0x0000012d90c97320 Uncommon trap: reason=bimorphic_or_optimized_type_check action=maybe_recompile pc=0x0000012d87b3ded0 method=java.util.HashMap.putVal(ILjava/lang/Object;Ljava/lang/Object;ZZ)Ljava/lang/Object; @ 91 c2
Event: 4.311 Thread 0x0000012d90c97320 DEOPT PACKING pc=0x0000012d87b3ded0 sp=0x0000000f3fcf6a80
Event: 4.311 Thread 0x0000012d90c97320 DEOPT UNPACKING pc=0x0000012d875869a3 sp=0x0000000f3fcf6958 mode 2
Event: 4.326 Thread 0x0000012d90c97320 Uncommon trap: trap_request=0xffffffc6 fr.pc=0x0000012d87da9ba0 relative=0x0000000000000060
Event: 4.326 Thread 0x0000012d90c97320 Uncommon trap: reason=bimorphic_or_optimized_type_check action=maybe_recompile pc=0x0000012d87da9ba0 method=java.util.AbstractQueue.add(Ljava/lang/Object;)Z @ 2 c2
Event: 4.326 Thread 0x0000012d90c97320 DEOPT PACKING pc=0x0000012d87da9ba0 sp=0x0000000f3fcf6d60
Event: 4.326 Thread 0x0000012d90c97320 DEOPT UNPACKING pc=0x0000012d875869a3 sp=0x0000000f3fcf6d28 mode 2
Event: 4.326 Thread 0x0000012d90c97320 Uncommon trap: trap_request=0xffffffc6 fr.pc=0x0000012d87da9ba0 relative=0x0000000000000060
Event: 4.326 Thread 0x0000012d90c97320 Uncommon trap: reason=bimorphic_or_optimized_type_check action=maybe_recompile pc=0x0000012d87da9ba0 method=java.util.AbstractQueue.add(Ljava/lang/Object;)Z @ 2 c2
Event: 4.326 Thread 0x0000012d90c97320 DEOPT PACKING pc=0x0000012d87da9ba0 sp=0x0000000f3fcf6d60
Event: 4.326 Thread 0x0000012d90c97320 DEOPT UNPACKING pc=0x0000012d875869a3 sp=0x0000000f3fcf6d28 mode 2
Event: 4.347 Thread 0x0000012d90c97320 Uncommon trap: trap_request=0xffffffc6 fr.pc=0x0000012d87da9ba0 relative=0x0000000000000060
Event: 4.347 Thread 0x0000012d90c97320 Uncommon trap: reason=bimorphic_or_optimized_type_check action=maybe_recompile pc=0x0000012d87da9ba0 method=java.util.AbstractQueue.add(Ljava/lang/Object;)Z @ 2 c2
Event: 4.347 Thread 0x0000012d90c97320 DEOPT PACKING pc=0x0000012d87da9ba0 sp=0x0000000f3fcf6010
Event: 4.347 Thread 0x0000012d90c97320 DEOPT UNPACKING pc=0x0000012d875869a3 sp=0x0000000f3fcf5fd8 mode 2
Event: 4.347 Thread 0x0000012d90c97320 Uncommon trap: trap_request=0xffffffc6 fr.pc=0x0000012d87da9ba0 relative=0x0000000000000060
Event: 4.347 Thread 0x0000012d90c97320 Uncommon trap: reason=bimorphic_or_optimized_type_check action=maybe_recompile pc=0x0000012d87da9ba0 method=java.util.AbstractQueue.add(Ljava/lang/Object;)Z @ 2 c2
Event: 4.347 Thread 0x0000012d90c97320 DEOPT PACKING pc=0x0000012d87da9ba0 sp=0x0000000f3fcf6010
Event: 4.347 Thread 0x0000012d90c97320 DEOPT UNPACKING pc=0x0000012d875869a3 sp=0x0000000f3fcf5fd8 mode 2

Classes unloaded (0 events):
No events

Classes redefined (0 events):
No events

Internal exceptions (20 events):
Event: 3.455 Thread 0x0000012d90c96900 Exception <a 'java/lang/NoSuchMethodError'{0x0000000084580d98}: static Lorg/gradle/internal/build/event/types/DefaultOperationFinishedProgressEvent;.<clinit>()V> (0x0000000084580d98) 
thrown [s\src\hotspot\share\prims\jni.cpp, line 1108]
Event: 3.457 Thread 0x0000012d90c96900 Exception <a 'java/lang/NoSuchMethodError'{0x00000000845a9cf8}: static Lorg/gradle/internal/build/event/types/DefaultProjectConfigurationSuccessResult;.<clinit>()V> (0x00000000845a9cf8) 
thrown [s\src\hotspot\share\prims\jni.cpp, line 1108]
Event: 3.457 Thread 0x0000012d90c96900 Exception <a 'java/lang/NoSuchMethodError'{0x00000000845ae4c8}: static Lorg/gradle/internal/build/event/types/AbstractProjectConfigurationResult;.<clinit>()V> (0x00000000845ae4c8) 
thrown [s\src\hotspot\share\prims\jni.cpp, line 1108]
Event: 3.457 Thread 0x0000012d90c96900 Exception <a 'java/lang/NoSuchMethodError'{0x00000000845afc28}: static Lorg/gradle/internal/build/event/types/AbstractOperationResult;.<clinit>()V> (0x00000000845afc28) 
thrown [s\src\hotspot\share\prims\jni.cpp, line 1108]
Event: 3.457 Thread 0x0000012d90c96900 Exception <a 'java/lang/NoSuchMethodError'{0x00000000845b0e48}: static Lorg/gradle/internal/build/event/types/AbstractResult;.<clinit>()V> (0x00000000845b0e48) 
thrown [s\src\hotspot\share\prims\jni.cpp, line 1108]
Event: 3.458 Thread 0x0000012d90c96900 Exception <a 'java/lang/NoSuchMethodError'{0x00000000845c8898}: static Lorg/gradle/internal/build/event/types/DefaultPluginApplicationResult;.<clinit>()V> (0x00000000845c8898) 
thrown [s\src\hotspot\share\prims\jni.cpp, line 1108]
Event: 3.458 Thread 0x0000012d90c96900 Exception <a 'java/lang/NoSuchMethodError'{0x00000000845d4e48}: static Lorg/gradle/internal/build/event/types/DefaultBinaryPluginIdentifier;.<clinit>()V> (0x00000000845d4e48) 
thrown [s\src\hotspot\share\prims\jni.cpp, line 1108]
Event: 3.459 Thread 0x0000012d90c96900 Exception <a 'java/lang/NoSuchMethodError'{0x0000000084409f00}: static Lorg/gradle/internal/build/event/types/DefaultScriptPluginIdentifier;.<clinit>()V> (0x0000000084409f00) 
thrown [s\src\hotspot\share\prims\jni.cpp, line 1108]
Event: 3.484 Thread 0x0000012d90c97320 Implicit null exception at 0x0000012d87b27492 to 0x0000012d87b27b3c
Event: 3.484 Thread 0x0000012d90c97320 Implicit null exception at 0x0000012d87ba1a14 to 0x0000012d87ba2110
Event: 3.547 Thread 0x0000012d90c97320 Exception <a 'java/lang/NoSuchMethodError'{0x000000008c64c6c8}: 'void java.lang.invoke.Invokers$Holder.invoke_MT(java.lang.Object, java.lang.Object, java.lang.Object, java.lang.Object)'> (0x000000008c64c6c8) 
thrown [s\src\hotspot\share\interpreter\linkResolver.cpp, line 771]
Event: 3.551 Thread 0x0000012d90c97320 Exception <a 'java/lang/NoSuchMethodError'{0x000000008c6ca728}: 'java.lang.Object java.lang.invoke.DirectMethodHandle$Holder.invokeSpecial(java.lang.Object, java.lang.Object, java.lang.Object, int, java.lang.Object, java.lang.Object)'> (0x000000008c6ca728) 
thrown [s\src\hotspot\share\interpreter\linkResolver.cpp, line 771]
Event: 3.568 Thread 0x0000012d90c97320 Exception <a 'java/lang/ClassNotFoundException'{0x0000000085be4ec8}: sun/misc/SharedSecrets> (0x0000000085be4ec8) 
thrown [s\src\hotspot\share\classfile\systemDictionary.cpp, line 256]
Event: 3.568 Thread 0x0000012d90c97320 Exception <a 'java/lang/ClassNotFoundException'{0x0000000085be64a0}: org/gradle/api/internal/plugins/DefaultObjectConfigurationActionBeanInfo> (0x0000000085be64a0) 
thrown [s\src\hotspot\share\classfile\systemDictionary.cpp, line 256]
Event: 3.569 Thread 0x0000012d90c97320 Exception <a 'java/lang/ClassNotFoundException'{0x0000000085bfc680}: org/gradle/api/internal/plugins/DefaultObjectConfigurationActionCustomizer> (0x0000000085bfc680) 
thrown [s\src\hotspot\share\classfile\systemDictionary.cpp, line 256]
Event: 3.994 Thread 0x0000012d90c97320 Exception <a 'sun/nio/fs/WindowsException'{0x00000000874b0420}> (0x00000000874b0420) 
thrown [s\src\hotspot\share\prims\jni.cpp, line 517]
Event: 4.182 Thread 0x0000012d90c97320 Implicit null exception at 0x0000012d87cb7e8c to 0x0000012d87cb7fc6
Event: 4.228 Thread 0x0000012d90c97320 Implicit null exception at 0x0000012d87e4d8ca to 0x0000012d87e4e138
Event: 4.246 Thread 0x0000012d90c97320 Exception <a 'sun/nio/fs/WindowsException'{0x0000000088e05308}> (0x0000000088e05308) 
thrown [s\src\hotspot\share\prims\jni.cpp, line 517]
Event: 4.246 Thread 0x0000012d90c97320 Exception <a 'sun/nio/fs/WindowsException'{0x0000000088e06ec8}> (0x0000000088e06ec8) 
thrown [s\src\hotspot\share\prims\jni.cpp, line 517]

VM Operations (20 events):
Event: 3.532 Executing VM operation: G1PauseCleanup
Event: 3.532 Executing VM operation: G1PauseCleanup done
Event: 3.640 Executing VM operation: G1CollectForAllocation
Event: 3.642 Executing VM operation: G1CollectForAllocation done
Event: 3.649 Executing VM operation: G1CollectForAllocation
Event: 3.650 Executing VM operation: G1CollectForAllocation done
Event: 3.654 Executing VM operation: G1TryInitiateConcMark
Event: 3.655 Executing VM operation: G1TryInitiateConcMark done
Event: 4.060 Executing VM operation: ICBufferFull
Event: 4.060 Executing VM operation: ICBufferFull done
Event: 4.067 Executing VM operation: G1CollectForAllocation
Event: 4.069 Executing VM operation: G1CollectForAllocation done
Event: 4.166 Executing VM operation: HandshakeAllThreads
Event: 4.166 Executing VM operation: HandshakeAllThreads done
Event: 4.186 Executing VM operation: HandshakeAllThreads
Event: 4.186 Executing VM operation: HandshakeAllThreads done
Event: 4.311 Executing VM operation: HandshakeAllThreads
Event: 4.311 Executing VM operation: HandshakeAllThreads done
Event: 4.329 Executing VM operation: ICBufferFull
Event: 4.329 Executing VM operation: ICBufferFull done

Events (20 events):
Event: 4.208 loading class sun/security/util/Length done
Event: 4.208 loading class javax/crypto/SecretKey
Event: 4.208 loading class javax/crypto/SecretKey done
Event: 4.208 loading class java/util/Base64
Event: 4.209 loading class java/util/Base64 done
Event: 4.209 loading class java/util/Base64$Decoder
Event: 4.209 loading class java/util/Base64$Decoder done
Event: 4.209 loading class java/util/Base64$Encoder
Event: 4.209 loading class java/util/Base64$Encoder done
Event: 4.209 loading class java/util/jar/JarVerifier$VerifierStream
Event: 4.210 loading class java/util/jar/JarVerifier$VerifierStream done
Event: 4.210 loading class sun/security/util/ManifestEntryVerifier$SunProviderHolder
Event: 4.210 loading class sun/security/util/ManifestEntryVerifier$SunProviderHolder done
Event: 4.245 loading class java/security/KeyStore$ProtectionParameter
Event: 4.245 loading class java/security/KeyStore$ProtectionParameter done
Event: 4.314 Thread 0x0000012dfa582d90 flushing nmethod 0x0000012d803b2890
Event: 4.449 loading class java/security/KeyStore
Event: 4.450 loading class java/security/KeyStore done
Event: 4.450 loading class java/security/KeyStore$1
Event: 4.450 loading class java/security/KeyStore$1 done


Dynamic libraries:
0x00007ff7f19a0000 - 0x00007ff7f19aa000 	E:\Android\AndroidStudio\jbr\bin\java.exe
0x00007ffa82dd0000 - 0x00007ffa82fc8000 	C:\WINDOWS\SYSTEM32\ntdll.dll
0x00007ffa812c0000 - 0x00007ffa81381000 	C:\WINDOWS\System32\KERNEL32.DLL
0x00007ffa806c0000 - 0x00007ffa809bd000 	C:\WINDOWS\System32\KERNELBASE.dll
0x00007ffa80b70000 - 0x00007ffa80c70000 	C:\WINDOWS\System32\ucrtbase.dll
0x00007ffa559d0000 - 0x00007ffa559e7000 	E:\Android\AndroidStudio\jbr\bin\jli.dll
0x00007ffa6e640000 - 0x00007ffa6e65b000 	E:\Android\AndroidStudio\jbr\bin\VCRUNTIME140.dll
0x00007ffa82a30000 - 0x00007ffa82bcd000 	C:\WINDOWS\System32\USER32.dll
0x00007ffa6db90000 - 0x00007ffa6de2a000 	C:\WINDOWS\WinSxS\amd64_microsoft.windows.common-controls_6595b64144ccf1df_6.0.19041.4355_none_60b8b9eb71f62e16\COMCTL32.dll
0x00007ffa805e0000 - 0x00007ffa80602000 	C:\WINDOWS\System32\win32u.dll
0x00007ffa82580000 - 0x00007ffa8261e000 	C:\WINDOWS\System32\msvcrt.dll
0x00007ffa81390000 - 0x00007ffa813bb000 	C:\WINDOWS\System32\GDI32.dll
0x00007ffa809c0000 - 0x00007ffa80ad7000 	C:\WINDOWS\System32\gdi32full.dll
0x00007ffa80ce0000 - 0x00007ffa80d7d000 	C:\WINDOWS\System32\msvcp_win.dll
0x00007ffa81290000 - 0x00007ffa812bf000 	C:\WINDOWS\System32\IMM32.DLL
0x00007ffa725e0000 - 0x00007ffa725ec000 	E:\Android\AndroidStudio\jbr\bin\vcruntime140_1.dll
0x00007ffa4dd20000 - 0x00007ffa4ddad000 	E:\Android\AndroidStudio\jbr\bin\msvcp140.dll
0x00007ffa3bce0000 - 0x00007ffa3c963000 	E:\Android\AndroidStudio\jbr\bin\server\jvm.dll
0x00007ffa81470000 - 0x00007ffa81520000 	C:\WINDOWS\System32\ADVAPI32.dll
0x00007ffa82bd0000 - 0x00007ffa82c70000 	C:\WINDOWS\System32\sechost.dll
0x00007ffa81600000 - 0x00007ffa81723000 	C:\WINDOWS\System32\RPCRT4.dll
0x00007ffa80d80000 - 0x00007ffa80da7000 	C:\WINDOWS\System32\bcrypt.dll
0x00007ffa7fb00000 - 0x00007ffa7fb4b000 	C:\WINDOWS\SYSTEM32\POWRPROF.dll
0x00007ffa7bb90000 - 0x00007ffa7bb99000 	C:\WINDOWS\SYSTEM32\WSOCK32.dll
0x00007ffa77e50000 - 0x00007ffa77e77000 	C:\WINDOWS\SYSTEM32\WINMM.dll
0x00007ffa818c0000 - 0x00007ffa8192b000 	C:\WINDOWS\System32\WS2_32.dll
0x00007ffa7adc0000 - 0x00007ffa7adca000 	C:\WINDOWS\SYSTEM32\VERSION.dll
0x00007ffa7fae0000 - 0x00007ffa7faf2000 	C:\WINDOWS\SYSTEM32\UMPDC.dll
0x00007ffa7e320000 - 0x00007ffa7e332000 	C:\WINDOWS\SYSTEM32\kernel.appcore.dll
0x00007ffa79930000 - 0x00007ffa7993a000 	E:\Android\AndroidStudio\jbr\bin\jimage.dll
0x00007ffa7a6c0000 - 0x00007ffa7a8a4000 	C:\WINDOWS\SYSTEM32\DBGHELP.DLL
0x00007ffa7a640000 - 0x00007ffa7a674000 	C:\WINDOWS\SYSTEM32\dbgcore.DLL
0x00007ffa80ae0000 - 0x00007ffa80b62000 	C:\WINDOWS\System32\bcryptPrimitives.dll
0x00007ffa61e70000 - 0x00007ffa61e7e000 	E:\Android\AndroidStudio\jbr\bin\instrument.dll
0x00007ffa711a0000 - 0x00007ffa711c5000 	E:\Android\AndroidStudio\jbr\bin\java.dll
0x00007ffa750b0000 - 0x00007ffa750c8000 	E:\Android\AndroidStudio\jbr\bin\zip.dll
0x00007ffa81db0000 - 0x00007ffa8251f000 	C:\WINDOWS\System32\SHELL32.dll
0x00007ffa7e520000 - 0x00007ffa7ecbf000 	C:\WINDOWS\SYSTEM32\windows.storage.dll
0x00007ffa80ed0000 - 0x00007ffa81223000 	C:\WINDOWS\System32\combase.dll
0x00007ffa7fea0000 - 0x00007ffa7fece000 	C:\WINDOWS\SYSTEM32\Wldp.dll
0x00007ffa80e00000 - 0x00007ffa80ecd000 	C:\WINDOWS\System32\OLEAUT32.dll
0x00007ffa82900000 - 0x00007ffa829ad000 	C:\WINDOWS\System32\SHCORE.dll
0x00007ffa81230000 - 0x00007ffa81285000 	C:\WINDOWS\System32\shlwapi.dll
0x00007ffa803b0000 - 0x00007ffa803d4000 	C:\WINDOWS\SYSTEM32\profapi.dll
0x00007ffa712e0000 - 0x00007ffa712f9000 	E:\Android\AndroidStudio\jbr\bin\net.dll
0x00007ffa7ade0000 - 0x00007ffa7aeed000 	C:\WINDOWS\SYSTEM32\WINHTTP.dll
0x00007ffa7fc00000 - 0x00007ffa7fc6a000 	C:\WINDOWS\system32\mswsock.dll
0x00007ffa559f0000 - 0x00007ffa55a06000 	E:\Android\AndroidStudio\jbr\bin\nio.dll
0x00007ffa63ef0000 - 0x00007ffa63f00000 	E:\Android\AndroidStudio\jbr\bin\verify.dll
0x00007ffa6ded0000 - 0x00007ffa6def7000 	E:\Android\gradle\native\c067742578af261105cb4f569cf0c3c89f3d7b1fecec35dd04571415982c5e48\windows-amd64\native-platform.dll
0x00007ffa4dbd0000 - 0x00007ffa4dd14000 	E:\Android\gradle\native\38dada09dfb8b06ba9b0570ebf7e218e3eb74d4ef43ca46872605cf95ebc2f47\windows-amd64\native-platform-file-events.dll
0x00007ffa6de90000 - 0x00007ffa6de99000 	E:\Android\AndroidStudio\jbr\bin\management.dll
0x00007ffa6bc50000 - 0x00007ffa6bc5b000 	E:\Android\AndroidStudio\jbr\bin\management_ext.dll
0x00007ffa82c70000 - 0x00007ffa82c78000 	C:\WINDOWS\System32\PSAPI.DLL
0x00007ffa7fe00000 - 0x00007ffa7fe18000 	C:\WINDOWS\SYSTEM32\CRYPTSP.dll
0x00007ffa7f450000 - 0x00007ffa7f484000 	C:\WINDOWS\system32\rsaenh.dll
0x00007ffa80360000 - 0x00007ffa8038e000 	C:\WINDOWS\SYSTEM32\USERENV.dll
0x00007ffa7fdf0000 - 0x00007ffa7fdfc000 	C:\WINDOWS\SYSTEM32\CRYPTBASE.dll
0x00007ffa7f870000 - 0x00007ffa7f8ab000 	C:\WINDOWS\SYSTEM32\IPHLPAPI.DLL
0x00007ffa81730000 - 0x00007ffa81738000 	C:\WINDOWS\System32\NSI.dll
0x00007ffa7abc0000 - 0x00007ffa7abd7000 	C:\WINDOWS\SYSTEM32\dhcpcsvc6.DLL
0x00007ffa7b510000 - 0x00007ffa7b52d000 	C:\WINDOWS\SYSTEM32\dhcpcsvc.DLL
0x00007ffa7f8b0000 - 0x00007ffa7f97a000 	C:\WINDOWS\SYSTEM32\DNSAPI.dll
0x00007ffa79510000 - 0x00007ffa79519000 	E:\Android\AndroidStudio\jbr\bin\extnet.dll
0x00007ffa5a270000 - 0x00007ffa5a277000 	C:\WINDOWS\system32\wshunix.dll

dbghelp: loaded successfully - version: 4.0.5 - missing functions: none
symbol engine: initialized successfully - sym options: 0x614 - pdb path: .;E:\Android\AndroidStudio\jbr\bin;C:\WINDOWS\SYSTEM32;C:\WINDOWS\WinSxS\amd64_microsoft.windows.common-controls_6595b64144ccf1df_6.0.19041.4355_none_60b8b9eb71f62e16;E:\Android\AndroidStudio\jbr\bin\server;E:\Android\gradle\native\c067742578af261105cb4f569cf0c3c89f3d7b1fecec35dd04571415982c5e48\windows-amd64;E:\Android\gradle\native\38dada09dfb8b06ba9b0570ebf7e218e3eb74d4ef43ca46872605cf95ebc2f47\windows-amd64

VM Arguments:
jvm_args: --add-opens=java.base/java.util=ALL-UNNAMED --add-opens=java.base/java.lang=ALL-UNNAMED --add-opens=java.base/java.lang.invoke=ALL-UNNAMED --add-opens=java.prefs/java.util.prefs=ALL-UNNAMED --add-opens=java.base/java.nio.charset=ALL-UNNAMED --add-opens=java.base/java.net=ALL-UNNAMED --add-opens=java.base/java.util.concurrent.atomic=ALL-UNNAMED -Xmx2048m -Dfile.encoding=UTF-8 -Duser.country=RU -Duser.language=ru -Duser.variant -javaagent:E:\Android\gradle\wrapper\dists\gradle-8.7-bin\bhs2wmbdwecv87pi65oeuq5iu\gradle-8.7\lib\agents\gradle-instrumentation-agent-8.7.jar 
java_command: org.gradle.launcher.daemon.bootstrap.GradleDaemon 8.7
java_class_path (initial): E:\Android\gradle\wrapper\dists\gradle-8.7-bin\bhs2wmbdwecv87pi65oeuq5iu\gradle-8.7\lib\gradle-launcher-8.7.jar
Launcher Type: SUN_STANDARD

[Global flags]
     intx CICompilerCount                          = 4                                         {product} {ergonomic}
     uint ConcGCThreads                            = 3                                         {product} {ergonomic}
     uint G1ConcRefinementThreads                  = 10                                        {product} {ergonomic}
   size_t G1HeapRegionSize                         = 1048576                                   {product} {ergonomic}
    uintx GCDrainStackTargetSize                   = 64                                        {product} {ergonomic}
   size_t InitialHeapSize                          = 268435456                                 {product} {ergonomic}
   size_t MarkStackSize                            = 4194304                                   {product} {ergonomic}
   size_t MaxHeapSize                              = 2147483648                                {product} {command line}
   size_t MaxNewSize                               = 1287651328                                {product} {ergonomic}
   size_t MinHeapDeltaBytes                        = 1048576                                   {product} {ergonomic}
   size_t MinHeapSize                              = 8388608                                   {product} {ergonomic}
    uintx NonNMethodCodeHeapSize                   = 5839372                                {pd product} {ergonomic}
    uintx NonProfiledCodeHeapSize                  = 122909434                              {pd product} {ergonomic}
    uintx ProfiledCodeHeapSize                     = 122909434                              {pd product} {ergonomic}
    uintx ReservedCodeCacheSize                    = 251658240                              {pd product} {ergonomic}
     bool SegmentedCodeCache                       = true                                      {product} {ergonomic}
   size_t SoftMaxHeapSize                          = 2147483648                             {manageable} {ergonomic}
     bool UseCompressedClassPointers               = true                           {product lp64_product} {ergonomic}
     bool UseCompressedOops                        = true                           {product lp64_product} {ergonomic}
     bool UseG1GC                                  = true                                      {product} {ergonomic}
     bool UseLargePagesIndividualAllocation        = false                                  {pd product} {ergonomic}

Logging:
Log output configuration:
 #0: stdout all=warning uptime,level,tags
 #1: stderr all=off uptime,level,tags

Environment Variables:
PATH=C:\WINDOWS\system32;C:\WINDOWS;C:\WINDOWS\System32\Wbem;C:\WINDOWS\System32\WindowsPowerShell\v1.0\;C:\WINDOWS\System32\OpenSSH\;C:\Program Files\NVIDIA Corporation\NVIDIA NvDLISR;C:\Program Files (x86)\NVIDIA Corporation\PhysX\Common;C:\Program Files\Git\cmd;C:\Users\Vil-g\AppData\Local\Microsoft\WindowsApps;C:\Users\Vil-g\AppData\Local\GitHubDesktop\bin
USERNAME=Vil-g
OS=Windows_NT
PROCESSOR_IDENTIFIER=Intel64 Family 6 Model 165 Stepping 3, GenuineIntel
TMP=C:\Users\Vil-g\AppData\Local\Temp
TEMP=C:\Users\Vil-g\AppData\Local\Temp



Periodic native trim disabled

JNI global refs:
JNI global refs: 29, weak refs: 0

JNI global refs memory usage: 843, weak refs: 841

OOME stack traces (most recent first):
Classloader memory used:
Loader org.gradle.internal.classloader.VisitableURLClassLoader                         : 3642K
Loader bootstrap                                                                       : 2700K
Loader org.gradle.initialization.MixInLegacyTypesClassLoader                           : 1226K
Loader org.gradle.internal.classloader.VisitableURLClassLoader$InstrumentingVisitableURLClassLoader: 1070K
Loader jdk.internal.loader.ClassLoaders$PlatformClassLoader                            : 67613B
Loader jdk.internal.reflect.DelegatingClassLoader                                      : 33809B
Loader jdk.internal.loader.ClassLoaders$AppClassLoader                                 : 28433B
Loader org.gradle.internal.classloader.VisitableURLClassLoader                         : 21955B

Classes loaded by more than one classloader:
Class Program                                                                         : loaded 4 times (x 72B)
Class com.google.common.collect.Iterators$MergingIterator                             : loaded 2 times (x 79B)
Class org.objectweb.asm.ModuleVisitor                                                 : loaded 2 times (x 79B)
Class [Lcom.google.common.collect.AbstractMapEntry;                                   : loaded 2 times (x 67B)
Class com.google.common.collect.SingletonImmutableList                                : loaded 2 times (x 167B)
Class com.google.common.cache.CacheLoader$SupplierToCacheLoader                       : loaded 2 times (x 73B)
Class org.gradle.internal.classpath.ClassPath                                         : loaded 2 times (x 68B)
Class com.google.common.cache.RemovalListener                                         : loaded 2 times (x 68B)
Class org.gradle.api.internal.classpath.DefaultModuleRegistry                         : loaded 2 times (x 84B)
Class Settings_gradle$1$1                                                             : loaded 2 times (x 72B)
Class com.google.common.collect.ImmutableEnumSet                                      : loaded 2 times (x 144B)
Class com.google.common.collect.ListMultimap                                          : loaded 2 times (x 68B)
Class com.google.common.base.CharMatcher$JavaDigit                                    : loaded 2 times (x 109B)
Class com.google.common.base.CharMatcher$Digit                                        : loaded 2 times (x 110B)
Class com.google.common.collect.AbstractMultimap                                      : loaded 2 times (x 121B)
Class com.google.common.cache.CacheBuilder$OneWeigher                                 : loaded 2 times (x 80B)
Class org.gradle.api.Action                                                           : loaded 2 times (x 68B)
Class com.google.common.collect.ImmutableEntry                                        : loaded 2 times (x 80B)
Class com.google.common.collect.Lists$StringAsImmutableList                           : loaded 2 times (x 167B)
Class com.google.common.cache.LocalCache$StrongEntry                                  : loaded 2 times (x 106B)
Class org.objectweb.asm.FieldWriter                                                   : loaded 2 times (x 76B)
Class com.google.common.base.CharMatcher                                              : loaded 2 times (x 109B)
Class com.google.common.base.CharMatcher$IsNot                                        : loaded 2 times (x 109B)
Class com.google.common.base.Splitter                                                 : loaded 2 times (x 70B)
Class [Lcom.google.common.cache.Weigher;                                              : loaded 2 times (x 67B)
Class com.google.common.collect.Iterators$ArrayItr                                    : loaded 2 times (x 95B)
Class com.google.common.cache.LocalCache$Segment                                      : loaded 2 times (x 152B)
Class org.gradle.api.internal.DefaultClassPathProvider                                : loaded 2 times (x 74B)
Class org.gradle.internal.installation.GradleInstallation$1                           : loaded 2 times (x 73B)
Class com.google.common.cache.LocalCache$AbstractReferenceEntry                       : loaded 2 times (x 105B)
Class org.objectweb.asm.Type                                                          : loaded 2 times (x 70B)
Class com.google.common.util.concurrent.AbstractFuture$Failure                        : loaded 2 times (x 70B)
Class com.google.common.base.CharMatcher$BitSetMatcher                                : loaded 2 times (x 110B)
Class com.google.common.collect.ImmutableMap$IteratorBasedImmutableMap                : loaded 2 times (x 123B)
Class com.google.common.collect.ImmutableMap                                          : loaded 2 times (x 118B)
Class com.google.common.base.Converter                                                : loaded 2 times (x 88B)
Class com.google.common.collect.ImmutableSet$EmptySetBuilderImpl                      : loaded 2 times (x 74B)
Class com.google.common.base.Equivalence                                              : loaded 2 times (x 80B)
Class com.google.common.primitives.Ints                                               : loaded 2 times (x 69B)
Class com.google.common.cache.LocalCache$EntryFactory$1                               : loaded 2 times (x 81B)
Class com.google.common.cache.LocalCache$EntryFactory$2                               : loaded 2 times (x 81B)
Class com.google.common.cache.LocalCache$EntryFactory$3                               : loaded 2 times (x 81B)
Class com.google.common.cache.LocalCache$EntryFactory$4                               : loaded 2 times (x 81B)
Class com.google.common.cache.LocalCache$EntryFactory$5                               : loaded 2 times (x 81B)
Class com.google.common.cache.LocalCache$EntryFactory$6                               : loaded 2 times (x 81B)
Class com.google.common.cache.LocalCache$EntryFactory$7                               : loaded 2 times (x 81B)
Class com.google.common.cache.LocalCache$EntryFactory$8                               : loaded 2 times (x 81B)
Class com.google.common.base.Predicate                                                : loaded 2 times (x 68B)
Class com.google.common.cache.LocalCache$StrongValueReference                         : loaded 2 times (x 88B)
Class org.gradle.internal.classloader.FilteringClassLoader                            : loaded 2 times (x 103B)
Class com.google.common.collect.RegularImmutableSet                                   : loaded 2 times (x 146B)
Class [Lcom.google.common.cache.LocalCache$Strength;                                  : loaded 2 times (x 67B)
Class org.gradle.internal.classpath.DefaultClassPath$ImmutableUniqueList$Builder      : loaded 2 times (x 73B)
Class com.google.common.collect.Maps$8                                                : loaded 2 times (x 80B)
Class [Lcom.google.common.cache.CacheBuilder$NullListener;                            : loaded 2 times (x 67B)
Class com.google.common.base.PatternCompiler                                          : loaded 2 times (x 68B)
Class com.google.common.base.CharMatcher$InRange                                      : loaded 2 times (x 109B)
Class com.google.common.collect.Sets$SetView                                          : loaded 2 times (x 136B)
Class com.google.common.collect.BiMap                                                 : loaded 2 times (x 68B)
Class com.google.common.collect.Lists                                                 : loaded 2 times (x 69B)
Class org.objectweb.asm.AnnotationWriter                                              : loaded 2 times (x 77B)
Class com.google.common.math.IntMath$1                                                : loaded 2 times (x 69B)
Class org.gradle.internal.classloader.ClassLoaderVisitor                              : loaded 2 times (x 74B)
Class org.objectweb.asm.Label                                                         : loaded 2 times (x 71B)
Class com.google.common.cache.CacheBuilder$NullListener                               : loaded 2 times (x 80B)
Class com.google.common.math.MathPreconditions                                        : loaded 2 times (x 69B)
Class org.gradle.internal.service.DefaultServiceLocator                               : loaded 2 times (x 81B)
Class org.gradle.internal.service.UnknownServiceException                             : loaded 2 times (x 81B)
Class com.google.common.util.concurrent.AbstractFuture$SynchronizedHelper             : loaded 2 times (x 76B)
Class com.google.common.collect.ArrayListMultimap                                     : loaded 2 times (x 170B)
Class com.google.common.base.Strings                                                  : loaded 2 times (x 69B)
Class com.google.common.cache.CacheLoader$InvalidCacheLoadException                   : loaded 2 times (x 80B)
Class org.gradle.internal.classloader.DefaultClassLoaderFactory                       : loaded 2 times (x 80B)
Class com.google.common.collect.UnmodifiableIterator                                  : loaded 2 times (x 78B)
Class com.google.common.base.Stopwatch                                                : loaded 2 times (x 70B)
Class com.google.common.base.Platform$JdkPatternCompiler                              : loaded 2 times (x 73B)
Class com.google.common.cache.LocalCache$LoadingValueReference                        : loaded 2 times (x 94B)
Class com.google.common.base.CharMatcher$SingleWidth                                  : loaded 2 times (x 110B)
Class com.google.common.collect.Hashing                                               : loaded 2 times (x 69B)
Class com.google.common.base.JdkPattern                                               : loaded 2 times (x 73B)
Class com.google.common.collect.Multimap                                              : loaded 2 times (x 68B)
Class com.google.common.base.FunctionalEquivalence                                    : loaded 2 times (x 81B)
Class org.objectweb.asm.RecordComponentWriter                                         : loaded 2 times (x 76B)
Class org.objectweb.asm.AnnotationVisitor                                             : loaded 2 times (x 76B)
Class com.google.common.cache.LocalCache$1                                            : loaded 2 times (x 87B)
Class com.google.common.cache.LocalCache$2                                            : loaded 2 times (x 140B)
Class com.google.common.collect.RegularImmutableBiMap                                 : loaded 2 times (x 146B)
Class org.gradle.internal.classloader.VisitableURLClassLoader$Spec                    : loaded 2 times (x 72B)
Class org.gradle.api.GradleException                                                  : loaded 2 times (x 80B)
Class com.google.common.base.CharMatcher$JavaLetterOrDigit                            : loaded 2 times (x 109B)
Class org.gradle.api.internal.classpath.ModuleRegistry                                : loaded 2 times (x 68B)
Class com.google.common.cache.CacheBuilder                                            : loaded 2 times (x 70B)
Class org.objectweb.asm.ByteVector                                                    : loaded 2 times (x 77B)
Class com.google.common.collect.ImmutableCollection                                   : loaded 2 times (x 123B)
Class com.google.common.base.PairwiseEquivalence                                      : loaded 2 times (x 81B)
Class com.google.common.base.Ticker                                                   : loaded 2 times (x 70B)
Class org.gradle.api.internal.ClassPathProvider                                       : loaded 2 times (x 68B)
Class com.google.common.base.Ascii                                                    : loaded 2 times (x 69B)
Class com.google.common.collect.RegularImmutableMap$Values                            : loaded 2 times (x 167B)
Class org.objectweb.asm.ModuleWriter                                                  : loaded 2 times (x 80B)
Class org.gradle.internal.classloader.ClasspathUtil$1                                 : loaded 2 times (x 74B)
Class com.google.common.collect.ImmutableEnumMap                                      : loaded 2 times (x 123B)
Class com.google.common.collect.ImmutableList$ReverseImmutableList                    : loaded 2 times (x 168B)
Class com.google.common.cache.AbstractCache$StatsCounter                              : loaded 2 times (x 68B)
Class org.objectweb.asm.FieldVisitor                                                  : loaded 2 times (x 75B)
Class org.objectweb.asm.Symbol                                                        : loaded 2 times (x 71B)
Class com.google.common.cache.LocalCache$Strength$1                                   : loaded 2 times (x 79B)
Class com.google.common.cache.LocalCache$Strength$2                                   : loaded 2 times (x 79B)
Class com.google.common.cache.LocalCache$Strength$3                                   : loaded 2 times (x 79B)
Class org.gradle.internal.classloader.ClassLoaderFactory                              : loaded 2 times (x 68B)
Class com.google.common.collect.ObjectArrays                                          : loaded 2 times (x 69B)
Class com.google.common.util.concurrent.AbstractFuture$Waiter                         : loaded 2 times (x 70B)
Class com.google.common.util.concurrent.Uninterruptibles                              : loaded 2 times (x 69B)
Class com.google.common.collect.Iterators$10                                          : loaded 2 times (x 79B)
Class com.google.common.collect.ImmutableList                                         : loaded 2 times (x 166B)
Class org.gradle.api.internal.classpath.ManifestUtil                                  : loaded 2 times (x 69B)
Class org.gradle.api.specs.Spec                                                       : loaded 2 times (x 68B)
Class com.google.common.cache.CacheLoader$UnsupportedLoadingOperationException        : loaded 2 times (x 80B)
Class com.google.common.base.CharMatcher$Whitespace                                   : loaded 2 times (x 110B)
Class com.google.common.util.concurrent.ListenableFuture                              : loaded 2 times (x 68B)
Class com.google.common.collect.Iterators$1                                           : loaded 2 times (x 79B)
Class com.google.common.collect.Iterators$4                                           : loaded 2 times (x 80B)
Class com.google.common.collect.RegularImmutableMap$BucketOverflowException           : loaded 2 times (x 80B)
Class com.google.common.collect.Iterators$5                                           : loaded 2 times (x 80B)
Class com.google.common.util.concurrent.AbstractFuture$UnsafeAtomicHelper             : loaded 2 times (x 76B)
Class com.google.common.base.Equivalence$Equals                                       : loaded 2 times (x 80B)
Class com.google.common.base.Preconditions                                            : loaded 2 times (x 69B)
Class com.google.common.base.Function                                                 : loaded 2 times (x 68B)
Class com.google.common.collect.Iterators$9                                           : loaded 2 times (x 79B)
Class org.gradle.internal.IoActions                                                   : loaded 2 times (x 69B)
Class com.google.common.cache.ReferenceEntry                                          : loaded 2 times (x 68B)
Class com.google.common.collect.RegularImmutableMap$KeySet                            : loaded 2 times (x 148B)
Class com.google.common.collect.CollectPreconditions                                  : loaded 2 times (x 69B)
Class com.google.common.primitives.IntsMethodsForWeb                                  : loaded 2 times (x 69B)
Class com.google.common.collect.Maps                                                  : loaded 2 times (x 69B)
Class com.google.common.collect.RegularImmutableMap                                   : loaded 2 times (x 119B)
Class com.google.common.collect.AbstractIndexedListIterator                           : loaded 2 times (x 94B)
Class com.google.common.base.CharMatcher$None                                         : loaded 2 times (x 110B)
Class org.gradle.api.internal.classpath.EffectiveClassPath                            : loaded 2 times (x 88B)
Class com.google.common.collect.UnmodifiableListIterator                              : loaded 2 times (x 93B)
Class com.google.common.cache.CacheLoader$FunctionToCacheLoader                       : loaded 2 times (x 73B)
Class com.google.common.cache.CacheBuilder$1                                          : loaded 2 times (x 83B)
Class com.google.common.cache.CacheBuilder$2                                          : loaded 2 times (x 70B)
Class com.google.common.collect.ImmutableList$1                                       : loaded 2 times (x 95B)
Class com.google.common.base.Splitter$Strategy                                        : loaded 2 times (x 68B)
Class com.google.common.collect.ImmutableMapEntrySet$RegularEntrySet                  : loaded 2 times (x 149B)
Class [Lcom.google.common.cache.RemovalListener;                                      : loaded 2 times (x 67B)
Class [Lcom.google.common.collect.ImmutableMapEntry;                                  : loaded 2 times (x 67B)
Class org.gradle.internal.installation.CurrentGradleInstallation                      : loaded 2 times (x 71B)
Class org.gradle.internal.agents.InstrumentingClassLoader                             : loaded 2 times (x 68B)
Class org.gradle.internal.installation.CurrentGradleInstallationLocator               : loaded 2 times (x 69B)
Class [Lcom.google.common.cache.LocalCache$Segment;                                   : loaded 2 times (x 67B)
Class org.gradle.api.internal.classpath.Module                                        : loaded 2 times (x 68B)
Class com.google.common.base.Splitter$1$1                                             : loaded 2 times (x 84B)
Class com.google.common.collect.ImmutableSet$JdkBackedSetBuilderImpl                  : loaded 2 times (x 74B)
Class com.google.common.collect.ImmutableSet$RegularSetBuilderImpl                    : loaded 2 times (x 75B)
Class [Lorg.objectweb.asm.AnnotationWriter;                                           : loaded 2 times (x 67B)
Class org.gradle.internal.service.CachingServiceLocator                               : loaded 2 times (x 80B)
Class [Lcom.google.common.collect.ImmutableEntry;                                     : loaded 2 times (x 67B)
Class org.gradle.internal.classpath.DefaultClassPath                                  : loaded 2 times (x 88B)
Class com.google.common.util.concurrent.AbstractFuture$SetFuture                      : loaded 2 times (x 73B)
Class com.google.common.base.Splitter$SplittingIterator                               : loaded 2 times (x 82B)
Class com.google.common.cache.LocalCache$LocalManualCache$1                           : loaded 2 times (x 73B)
Class Build_gradle$1                                                                  : loaded 2 times (x 76B)
Class org.objectweb.asm.SymbolTable$Entry                                             : loaded 2 times (x 72B)
Class [Lcom.google.common.cache.LocalCache$EntryFactory;                              : loaded 2 times (x 67B)
Class com.google.common.base.CharMatcher$Is                                           : loaded 2 times (x 109B)
Class com.google.common.base.Platform                                                 : loaded 2 times (x 69B)
Class com.google.common.collect.RegularImmutableAsList                                : loaded 2 times (x 176B)
Class com.google.common.collect.PeekingIterator                                       : loaded 2 times (x 68B)
Class com.google.common.collect.ImmutableMapEntrySet                                  : loaded 2 times (x 149B)
Class com.google.common.cache.CacheLoader                                             : loaded 2 times (x 72B)
Class com.google.common.collect.ImmutableBiMapFauxverideShim                          : loaded 2 times (x 118B)
Class org.objectweb.asm.MethodTooLargeException                                       : loaded 2 times (x 81B)
Class com.google.common.cache.Cache                                                   : loaded 2 times (x 68B)
Class org.gradle.internal.classloader.SystemClassLoaderSpec                           : loaded 2 times (x 69B)
Class com.google.common.util.concurrent.internal.InternalFutureFailureAccess          : loaded 2 times (x 70B)
Class com.google.common.base.Charsets                                                 : loaded 2 times (x 69B)
Class com.google.common.primitives.Ints$IntConverter                                  : loaded 2 times (x 88B)
Class com.google.common.collect.SingletonImmutableSet                                 : loaded 2 times (x 144B)
Class [Lcom.google.common.base.AbstractIterator$State;                                : loaded 2 times (x 67B)
Class com.google.common.collect.ImmutableMap$Builder                                  : loaded 2 times (x 80B)
Class com.google.common.base.AbstractIterator                                         : loaded 2 times (x 78B)
Class org.objectweb.asm.ClassWriter                                                   : loaded 2 times (x 104B)
Class com.google.common.base.AbstractIterator$1                                       : loaded 2 times (x 69B)
Class [Lcom.google.common.cache.CacheBuilder$OneWeigher;                              : loaded 2 times (x 67B)
Class com.google.common.collect.Iterators                                             : loaded 2 times (x 69B)
Class com.google.common.base.CharMatcher$Ascii                                        : loaded 2 times (x 110B)
Class com.google.common.base.CharMatcher$1                                            : loaded 2 times (x 111B)
Class com.google.common.cache.LocalCache$ComputingValueReference                      : loaded 2 times (x 94B)
Class org.gradle.api.UncheckedIOException                                             : loaded 2 times (x 80B)
Class com.google.common.base.CharMatcher$And                                          : loaded 2 times (x 110B)
Class com.google.common.collect.IndexedImmutableSet                                   : loaded 2 times (x 148B)
Class com.google.common.collect.AbstractListMultimap                                  : loaded 2 times (x 170B)
Class com.google.common.base.CharMatcher$Any                                          : loaded 2 times (x 110B)
Class org.gradle.internal.installation.GradleInstallation                             : loaded 2 times (x 73B)
Class com.google.common.cache.LocalCache$Strength                                     : loaded 2 times (x 79B)
Class com.google.common.collect.ArrayListMultimapGwtSerializationDependencies         : loaded 2 times (x 170B)
Class com.google.common.base.CharMatcher$RangesMatcher                                : loaded 2 times (x 110B)
Class org.objectweb.asm.Handler                                                       : loaded 2 times (x 70B)
Class com.google.common.collect.ImmutableList$SubList                                 : loaded 2 times (x 168B)
Class com.google.common.cache.LocalCache$ValueReference                               : loaded 2 times (x 68B)
Class org.gradle.internal.classloader.ClasspathUtil                                   : loaded 2 times (x 69B)
Class org.objectweb.asm.CurrentFrame                                                  : loaded 2 times (x 71B)
Class com.google.common.util.concurrent.AbstractFuture                                : loaded 2 times (x 93B)
Class com.google.common.base.Splitter$1                                               : loaded 2 times (x 75B)
Class com.google.common.base.Ticker$1                                                 : loaded 2 times (x 70B)
Class com.google.common.collect.Maps$BiMapConverter                                   : loaded 2 times (x 88B)
Class org.gradle.api.internal.DefaultClassPathRegistry                                : loaded 2 times (x 74B)
Class com.google.common.util.concurrent.AbstractFuture$Cancellation                   : loaded 2 times (x 70B)
Class [Lorg.objectweb.asm.Symbol;                                                     : loaded 2 times (x 67B)
Class com.google.common.collect.ImmutableSet$SetBuilderImpl                           : loaded 2 times (x 74B)
Class org.gradle.api.internal.classpath.DefaultModuleRegistry$DefaultModule           : loaded 2 times (x 84B)
Class com.google.common.base.CharMatcher$JavaIsoControl                               : loaded 2 times (x 110B)
Class com.google.common.collect.ImmutableMap$1                                        : loaded 2 times (x 79B)
Class com.google.common.base.CharMatcher$Or                                           : loaded 2 times (x 110B)
Class org.gradle.kotlin.dsl.VersionCatalogAccessorsKt                                 : loaded 2 times (x 69B)
Class com.google.common.base.Suppliers$SupplierOfInstance                             : loaded 2 times (x 77B)
Class org.objectweb.asm.RecordComponentVisitor                                        : loaded 2 times (x 75B)
Class com.google.common.collect.Iterables                                             : loaded 2 times (x 69B)
Class com.google.common.base.CharMatcher$JavaLowerCase                                : loaded 2 times (x 109B)
Class org.objectweb.asm.ClassTooLargeException                                        : loaded 2 times (x 81B)
Class org.gradle.api.internal.classpath.UnknownModuleException                        : loaded 2 times (x 80B)
Class com.google.common.util.concurrent.AbstractFuture$Listener                       : loaded 2 times (x 70B)
Class org.objectweb.asm.Edge                                                          : loaded 2 times (x 70B)
Class com.google.common.collect.Maps$EntryTransformer                                 : loaded 2 times (x 68B)
Class com.google.common.collect.ImmutableCollection$Builder                           : loaded 2 times (x 74B)
Class [Lorg.objectweb.asm.SymbolTable$Entry;                                          : loaded 2 times (x 67B)
Class com.google.common.collect.SingletonImmutableBiMap                               : loaded 2 times (x 141B)
Class com.google.common.base.CommonPattern                                            : loaded 2 times (x 72B)
Class com.google.common.base.Suppliers                                                : loaded 2 times (x 69B)
Class org.objectweb.asm.ClassVisitor                                                  : loaded 2 times (x 86B)
Class com.google.common.cache.LoadingCache                                            : loaded 2 times (x 68B)
Class org.gradle.internal.service.ServiceLookupException                              : loaded 2 times (x 80B)
Class org.gradle.cache.GlobalCache                                                    : loaded 2 times (x 68B)
Class com.google.common.base.CharMatcher$NegatedFastMatcher                           : loaded 2 times (x 111B)
Class [Lorg.gradle.api.internal.ClassPathProvider;                                    : loaded 2 times (x 67B)
Class com.google.common.util.concurrent.AbstractFuture$SafeAtomicHelper               : loaded 2 times (x 77B)
Class org.gradle.util.internal.GUtil                                                  : loaded 2 times (x 69B)
Class com.google.common.math.IntMath                                                  : loaded 2 times (x 69B)
Class com.google.common.collect.AbstractIterator                                      : loaded 2 times (x 80B)
Class org.gradle.internal.classloader.ClassLoaderSpec                                 : loaded 2 times (x 69B)
Class com.google.common.base.NullnessCasts                                            : loaded 2 times (x 69B)
Class org.objectweb.asm.Frame                                                         : loaded 2 times (x 71B)
Class com.google.common.cache.LocalCache$LocalManualCache                             : loaded 2 times (x 97B)
Class com.google.common.collect.AbstractMapEntry                                      : loaded 2 times (x 79B)
Class com.google.common.base.CharMatcher$Negated                                      : loaded 2 times (x 111B)
Class com.google.common.cache.CacheLoader$1                                           : loaded 2 times (x 73B)
Class com.google.common.util.concurrent.AbstractFuture$TrustedFuture                  : loaded 2 times (x 95B)
Class com.google.common.collect.Sets                                                  : loaded 2 times (x 69B)
Class com.google.common.collect.ImmutableSet$Builder                                  : loaded 2 times (x 83B)
Class com.google.common.base.CharMatcher$ForPredicate                                 : loaded 2 times (x 110B)
Class com.google.common.collect.ImmutableMap$MapViewOfValuesAsSingletonSets           : loaded 2 times (x 123B)
Class com.google.common.base.MoreObjects                                              : loaded 2 times (x 69B)
Class com.google.common.collect.SortedMapDifference                                   : loaded 2 times (x 68B)
Class org.objectweb.asm.SymbolTable                                                   : loaded 2 times (x 70B)
Class [Lorg.objectweb.asm.AnnotationVisitor;                                          : loaded 2 times (x 67B)
Class com.google.common.cache.CacheStats                                              : loaded 2 times (x 69B)
Class org.objectweb.asm.Attribute                                                     : loaded 2 times (x 75B)
Class org.gradle.internal.classloader.VisitableURLClassLoader                         : loaded 2 times (x 115B)
Class com.google.common.cache.LocalCache$LocalLoadingCache                            : loaded 2 times (x 132B)
Class com.google.common.base.Supplier                                                 : loaded 2 times (x 68B)
Class com.google.common.util.concurrent.AbstractFuture$AtomicHelper                   : loaded 2 times (x 76B)
Class com.google.common.collect.ImmutableBiMap                                        : loaded 2 times (x 141B)
Class org.gradle.internal.Cast                                                        : loaded 2 times (x 69B)
Class Build_gradle                                                                    : loaded 2 times (x 70B)
Class org.gradle.api.internal.ClassPathRegistry                                       : loaded 2 times (x 68B)
Class com.google.common.cache.LocalCache$EntryFactory                                 : loaded 2 times (x 81B)
Class com.google.common.util.concurrent.UncheckedExecutionException                   : loaded 2 times (x 80B)
Class com.google.common.collect.ImmutableSet                                          : loaded 2 times (x 143B)
Class org.gradle.internal.classloader.VisitableURLClassLoader$InstrumentingVisitableURLClassLoader: loaded 2 times (x 121B)
Class org.gradle.internal.classloader.ClassLoaderHierarchy                            : loaded 2 times (x 68B)
Class [Lorg.objectweb.asm.Type;                                                       : loaded 2 times (x 67B)
Class com.google.common.base.AbstractIterator$State                                   : loaded 2 times (x 77B)
Class com.google.common.cache.Weigher                                                 : loaded 2 times (x 68B)
Class com.google.common.base.CharMatcher$NamedFastMatcher                             : loaded 2 times (x 110B)
Class org.gradle.internal.InternalTransformer                                         : loaded 2 times (x 68B)
Class org.gradle.internal.service.ServiceLocator                                      : loaded 2 times (x 68B)
Class Settings_gradle$1                                                               : loaded 2 times (x 72B)
Class com.google.common.util.concurrent.SettableFuture                                : loaded 2 times (x 95B)
Class com.google.common.collect.ImmutableMapEntry                                     : loaded 2 times (x 83B)
Class com.google.common.base.CharMatcher$Invisible                                    : loaded 2 times (x 110B)
Class com.google.common.base.CharMatcher$FastMatcher                                  : loaded 2 times (x 109B)
Class org.gradle.internal.classpath.DefaultClassPath$ImmutableUniqueList              : loaded 2 times (x 159B)
Class com.google.common.base.CharMatcher$JavaLetter                                   : loaded 2 times (x 109B)
Class org.gradle.internal.classpath.TransformedClassPath                              : loaded 2 times (x 94B)
Class com.google.common.collect.MapDifference                                         : loaded 2 times (x 68B)
Class com.google.common.collect.Sets$1                                                : loaded 2 times (x 137B)
Class com.google.common.collect.Sets$2                                                : loaded 2 times (x 137B)
Class com.google.common.util.concurrent.AbstractFuture$Trusted                        : loaded 2 times (x 68B)
Class com.google.common.collect.Sets$3                                                : loaded 2 times (x 137B)
Class com.google.common.collect.Sets$4                                                : loaded 2 times (x 137B)
Class Settings_gradle                                                                 : loaded 2 times (x 126B)
Class org.objectweb.asm.MethodWriter                                                  : loaded 2 times (x 104B)
Class com.google.common.collect.Platform                                              : loaded 2 times (x 69B)
Class com.google.common.collect.ImmutableAsList                                       : loaded 2 times (x 169B)
Class com.google.common.util.concurrent.ExecutionError                                : loaded 2 times (x 80B)
Class com.google.common.base.Equivalence$Identity                                     : loaded 2 times (x 80B)
Class com.google.common.base.CharMatcher$AnyOf                                        : loaded 2 times (x 110B)
Class com.google.common.base.CharMatcher$IsEither                                     : loaded 2 times (x 109B)
Class com.google.common.cache.LocalCache                                              : loaded 2 times (x 185B)
Class com.google.common.collect.RegularImmutableList                                  : loaded 2 times (x 172B)
Class com.google.common.util.concurrent.AbstractFuture$UnsafeAtomicHelper$1           : loaded 2 times (x 74B)
Class com.google.common.base.CharMatcher$JavaUpperCase                                : loaded 2 times (x 109B)
Class com.google.common.collect.Multiset                                              : loaded 2 times (x 68B)
Class com.google.common.collect.ImmutableSet$CachingAsList                            : loaded 2 times (x 145B)
Class org.objectweb.asm.MethodVisitor                                                 : loaded 2 times (x 103B)
Class com.google.common.collect.ImmutableMapEntry$NonTerminalImmutableMapEntry        : loaded 2 times (x 83B)
Class com.google.common.collect.AbstractMapBasedMultimap                              : loaded 2 times (x 137B)


---------------  S Y S T E M  ---------------

OS:
 Windows 10 , 64 bit Build 19041 (10.0.19041.4717)
OS uptime: 13 days 14:07 hours

CPU: total 12 (initial active 12) (6 cores per cpu, 2 threads per core) family 6 model 165 stepping 3 microcode 0xcc, cx8, cmov, fxsr, ht, mmx, 3dnowpref, sse, sse2, sse3, ssse3, sse4.1, sse4.2, popcnt, lzcnt, tsc, tscinvbit, avx, avx2, aes, erms, clmul, bmi1, bmi2, adx, fma, vzeroupper, clflush, clflushopt
Processor Information for all 12 processors :
  Max Mhz: 2904, Current Mhz: 2904, Mhz Limit: 2904

Memory: 4k page, system-wide physical 16315M (4770M free)
TotalPageFile size 22872M (AvailPageFile size 7805M)
current process WorkingSet (physical memory assigned to process): 389M, peak: 390M
current process commit charge ("private bytes"): 433M, peak: 437M

vm_info: OpenJDK 64-Bit Server VM (17.0.10+0--11609105) for windows-amd64 JRE (17.0.10+0--11609105), built on Mar 21 2024 19:10:56 by "androidbuild" with MS VC++ 16.10 / 16.11 (VS2019)

END.
