#
# A fatal error has been detected by the Java Runtime Environment:
#
#  EXCEPTION_ACCESS_VIOLATION (0xc0000005) at pc=0x00007ffa3bfef719, pid=4304, tid=16512
#
# JRE version: OpenJDK Runtime Environment (17.0.10) (build 17.0.10+0--11609105)
# Java VM: OpenJDK 64-Bit Server VM (17.0.10+0--11609105, mixed mode, tiered, compressed oops, compressed class ptrs, g1 gc, windows-amd64)
# Problematic frame:
# V  [jvm.dll+0x30f719]
#
# No core dump will be written. Minidumps are not enabled by default on client versions of Windows
#
# If you would like to submit a bug report, please visit:
#   https://bugreport.java.com/bugreport/crash.jsp
#

---------------  S U M M A R Y ------------

Command Line: --add-opens=java.base/java.util=ALL-UNNAMED --add-opens=java.base/java.lang=ALL-UNNAMED --add-opens=java.base/java.lang.invoke=ALL-UNNAMED --add-opens=java.prefs/java.util.prefs=ALL-UNNAMED --add-opens=java.base/java.nio.charset=ALL-UNNAMED --add-opens=java.base/java.net=ALL-UNNAMED --add-opens=java.base/java.util.concurrent.atomic=ALL-UNNAMED -Xmx2048m -Dfile.encoding=UTF-8 -Duser.country=RU -Duser.language=ru -Duser.variant -javaagent:E:\Android\gradle\wrapper\dists\gradle-8.7-bin\bhs2wmbdwecv87pi65oeuq5iu\gradle-8.7\lib\agents\gradle-instrumentation-agent-8.7.jar org.gradle.launcher.daemon.bootstrap.GradleDaemon 8.7

Host: Intel(R) Core(TM) i5-10400F CPU @ 2.90GHz, 12 cores, 15G,  Windows 10 , 64 bit Build 19041 (10.0.19041.4717)
Time: Wed Sep  4 12:15:01 2024  Windows 10 , 64 bit Build 19041 (10.0.19041.4717) elapsed time: 8.103552 seconds (0d 0h 0m 8s)

---------------  T H R E A D  ---------------

Current thread (0x00000224f3641b90):  GCTaskThread "GC Thread#5" [stack: 0x000000ae9b700000,0x000000ae9b800000] [id=16512]

Stack: [0x000000ae9b700000,0x000000ae9b800000],  sp=0x000000ae9b7ff730,  free space=1021k
Native frames: (J=compiled Java code, j=interpreted, Vv=VM code, C=native code)
V  [jvm.dll+0x30f719]
V  [jvm.dll+0x30c50e]
V  [jvm.dll+0x31aaf3]
V  [jvm.dll+0x31ca9e]
V  [jvm.dll+0x31b13d]
V  [jvm.dll+0x31c65a]
V  [jvm.dll+0x2e5fe3]
V  [jvm.dll+0x2e7a4b]
V  [jvm.dll+0x86fecb]
V  [jvm.dll+0x86ff16]
V  [jvm.dll+0x7f0c7a]
V  [jvm.dll+0x687c65]
C  [ucrtbase.dll+0x21bb2]
C  [KERNEL32.DLL+0x17374]
C  [ntdll.dll+0x4cc91]


siginfo: EXCEPTION_ACCESS_VIOLATION (0xc0000005), reading address 0x0000000040000000


Registers:
RAX=0x0000000000000000, RBX=0x000000008a1bdcf5, RCX=0x0000000000000014, RDX=0x0000000000000000
RSP=0x000000ae9b7ff730, RBP=0x0000000000000cef, RSI=0x000000008a1bdcf4, RDI=0x00000224f8fe41c0
R8 =0x000000008a1bdce0, R9 =0x00000000836257f8, R10=0x0000000040000000, R11=0x00007ffa6e6415c3
R12=0x000000ae9b7ff9b0, R13=0x00000224d3e9efa0, R14=0x0000000000000040, R15=0x0000000000000000
RIP=0x00007ffa3bfef719, EFLAGS=0x0000000000010246


Register to memory mapping:

RIP=0x00007ffa3bfef719 jvm.dll
RAX=0x0 is NULL
RBX=0x000000008a1bdcf5 is pointing into object: java.lang.reflect.Method 
{0x000000008a1bdce0} - klass: 'java/lang/reflect/Method'
 - ---- fields (total size 11 words):
 - 'override' 'Z' @12  false
 - volatile 'accessCheckCache' 'Ljava/lang/Object;' @16  NULL (0)
 - private volatile transient 'hasRealParameterData' 'Z' @13  false
 - private volatile transient 'parameters' '[Ljava/lang/reflect/Parameter;' @20  
[error occurred during error reporting (printing register info), id 0xc0000005, EXCEPTION_ACCESS_VIOLATION (0xc0000005) at pc=0x00007ffa3c07990e]

Top of Stack: (sp=0x000000ae9b7ff730)
0x000000ae9b7ff730:   0000000000010000 0000000000410001
0x000000ae9b7ff740:   0000000000000008 0000000000000001
0x000000ae9b7ff750:   00000224e6ceb320 0000000000000001
0x000000ae9b7ff760:   0000000000000040 000000ae9b7ff9b0
0x000000ae9b7ff770:   0000000083664000 00007ffa3bfec50e
0x000000ae9b7ff780:   0000000000000000 00000224f8fe41c0
0x000000ae9b7ff790:   00000224e6ceb320 0000000000000001
0x000000ae9b7ff7a0:   0000000004d0a9b9 000000057598cca5
0x000000ae9b7ff7b0:   000000ae9b7ff9b0 0000000083664000
0x000000ae9b7ff7c0:   0000000083664200 00007ffa3bffaaf3
0x000000ae9b7ff7d0:   0000000083664000 000000ae9b7ff7f0
0x000000ae9b7ff7e0:   000000ae9b7ff800 00000224d3eff250
0x000000ae9b7ff7f0:   0000000083664000 0000000000000040
0x000000ae9b7ff800:   00007ffa3c648bd8 0000000000000000
0x000000ae9b7ff810:   00000224d3eb3d70 00000224f8fe41c0
0x000000ae9b7ff820:   00000224e6ceb340 00007ffa3bffca9e
0x000000ae9b7ff830:   000000000001b320 00000224e6ceb322
0x000000ae9b7ff840:   0000000000000001 0000000000000001
0x000000ae9b7ff850:   00000224d3f33cf0 00007ffa3c36238f
0x000000ae9b7ff860:   0000000000000000 0000000000000000
0x000000ae9b7ff870:   000000ae00000000 00007ffa3c36238f
0x000000ae9b7ff880:   000000ae9b7ff900 00000224f3a0ae40
0x000000ae9b7ff890:   00000224f3a0ae10 00000224ee507940
0x000000ae9b7ff8a0:   00000000000003d8 00000224ee507a90
0x000000ae9b7ff8b0:   00000224ee507d28 00007ffa3bfe42e2
0x000000ae9b7ff8c0:   000000ae9b7ffa08 0000000000000007
0x000000ae9b7ff8d0:   0000000000000033 00000224d3e9ed00
0x000000ae9b7ff8e0:   000000000000000f 00000224d3f479f0
0x000000ae9b7ff8f0:   00000224d3e9efa0 000000ae9b7ffa19
0x000000ae9b7ff900:   000000ae9b7ff9b0 00007ffa3bffb13d
0x000000ae9b7ff910:   000000ae00000036 00000224f3542510
0x000000ae9b7ff920:   000000000001b320 0000000000000036 

Instructions: (pc=0x00007ffa3bfef719)
0x00007ffa3bfef619:   ff 48 8d 53 fe 48 8b cf e8 6a f4 ff ff e9 35 fd
0x00007ffa3bfef629:   ff ff 0f 1f 44 00 00 48 8b 77 10 8b ae 80 00 00
0x00007ffa3bfef639:   00 8b cd 8b 86 00 01 00 00 2b c8 81 e1 ff ff 01
0x00007ffa3bfef649:   00 41 3b ce 0f 86 e9 02 00 00 ff cd 81 e5 ff ff
0x00007ffa3bfef659:   01 00 89 ae 80 00 00 00 e8 ca a8 36 00 90 8b d5
0x00007ffa3bfef669:   8b 86 00 01 00 00 8b cd 48 8b 9e 80 01 00 00 2b
0x00007ffa3bfef679:   c8 81 e1 ff ff 01 00 81 f9 ff ff 01 00 48 8b 1c
0x00007ffa3bfef689:   eb 41 0f 44 cf 85 c9 75 3d 90 89 6c 24 50 48 8b
0x00007ffa3bfef699:   86 00 01 00 00 48 8b c8 48 c1 e9 20 ff c1 89 4c
0x00007ffa3bfef6a9:   24 54 3b e8 0f 85 77 02 00 00 48 c1 e1 20 48 0b
0x00007ffa3bfef6b9:   ca f0 48 0f b1 8e 00 01 00 00 0f 85 61 02 00 00
0x00007ffa3bfef6c9:   8b 86 00 01 00 00 f6 c3 01 0f 84 2f 01 00 00 8b
0x00007ffa3bfef6d9:   0d 1a 7c 81 00 48 8d 73 ff 48 8b 47 08 44 8b 16
0x00007ffa3bfef6e9:   49 d3 e2 4c 03 15 fd 7b 81 00 8b 88 90 05 00 00
0x00007ffa3bfef6f9:   49 8b d2 48 8b 80 80 05 00 00 48 d3 ea 0f b7 14
0x00007ffa3bfef709:   50 0f b7 c2 66 c1 e8 08 84 c0 0f 88 17 ff ff ff
0x00007ffa3bfef719:   4d 8b 02 41 0f b6 c0 24 03 3c 03 75 1e 44 38 3d
0x00007ffa3bfef729:   75 41 88 00 74 0f 41 0f b6 c0 24 07 3c 05 75 05
0x00007ffa3bfef739:   4d 8b c7 eb 17 49 83 e0 fc eb 11 4d 8b c8 48 8b
0x00007ffa3bfef749:   cf 4d 8b c2 e8 2e ef ff ff 4c 8b c0 8b 0d 9d 7b
0x00007ffa3bfef759:   81 00 49 8b d0 48 2b 15 8b 7b 81 00 48 d3 ea 89
0x00007ffa3bfef769:   16 49 8b d0 8b 0d ad 49 88 00 48 33 d6 48 d3 ea
0x00007ffa3bfef779:   48 85 d2 0f 84 ae fe ff ff 48 8b 47 08 48 8b d6
0x00007ffa3bfef789:   8b 88 c0 01 00 00 48 8b 80 b0 01 00 00 48 d3 ea
0x00007ffa3bfef799:   48 8b 0c d0 8b 81 98 00 00 00 d1 e8 a8 01 0f 85
0x00007ffa3bfef7a9:   83 fe ff ff 48 8b 47 08 8b 88 90 05 00 00 48 8b
0x00007ffa3bfef7b9:   80 80 05 00 00 49 d3 e8 46 38 3c 40 0f 84 65 fe
0x00007ffa3bfef7c9:   ff ff 48 8b 47 60 48 c1 ee 09 48 8b 58 40 48 8b
0x00007ffa3bfef7d9:   48 38 48 03 de 48 2b d9 48 39 9f b0 01 00 00 0f
0x00007ffa3bfef7e9:   84 42 fe ff ff 48 8d 14 0b 48 8d 4f 18 e8 a5 40
0x00007ffa3bfef7f9:   00 00 48 89 9f b0 01 00 00 e9 29 fe ff ff f6 c3
0x00007ffa3bfef809:   03 0f 85 09 01 00 00 48 8b 47 08 4c 8b 13 49 8b 


Stack slot to memory mapping:
stack at sp + 0 slots: 0x0000000000010000 is an unknown value
stack at sp + 1 slots: 0x0000000000410001 is an unknown value
stack at sp + 2 slots: 0x0000000000000008 is an unknown value
stack at sp + 3 slots: 0x0000000000000001 is an unknown value
stack at sp + 4 slots: 0x00000224e6ceb320 points into unknown readable memory: 0xffffffffffffffff | ff ff ff ff ff ff ff ff
stack at sp + 5 slots: 0x0000000000000001 is an unknown value
stack at sp + 6 slots: 0x0000000000000040 is an unknown value
stack at sp + 7 slots: 0x000000ae9b7ff9b0 points into unknown readable memory: 0x00007ffa3c648dc0 | c0 8d 64 3c fa 7f 00 00


---------------  P R O C E S S  ---------------

Threads class SMR info:
_java_thread_list=0x00000224f7a04070, length=73, elements={
0x00000224d3ea0b60, 0x00000224ee30e460, 0x00000224ee30f1f0, 0x00000224ee33d5f0,
0x00000224ee33fed0, 0x00000224ee3407a0, 0x00000224ee341070, 0x00000224ee341d20,
0x00000224ee3426e0, 0x00000224ee342ff0, 0x00000224ee4f5e70, 0x00000224ee635da0,
0x00000224ee5e95f0, 0x00000224ee61bd10, 0x00000224f46d0360, 0x00000224f4b65420,
0x00000224f5029020, 0x00000224f45905a0, 0x00000224f3af7210, 0x00000224f4d4bc30,
0x00000224f416d350, 0x00000224f3499910, 0x00000224f3499e20, 0x00000224f349b770,
0x00000224f349ad50, 0x00000224f349c190, 0x00000224f349b260, 0x00000224f4d442e0,
0x00000224f4d3f6f0, 0x00000224f4d40110, 0x00000224f4d40b30, 0x00000224f4d42ea0,
0x00000224f4d3ecd0, 0x00000224f4d3fc00, 0x00000224f4d43dd0, 0x00000224f4d3e2b0,
0x00000224f4d42480, 0x00000224f4d447f0, 0x00000224f4d3d380, 0x00000224f4d3dda0,
0x00000224f4d3e7c0, 0x00000224f349c6a0, 0x00000224f349cbb0, 0x00000224f7190840,
0x00000224f718f910, 0x00000224f718fe20, 0x00000224f7190330, 0x00000224f718a300,
0x00000224f718c160, 0x00000224f71893d0, 0x00000224f718bc50, 0x00000224f718dfc0,
0x00000224f718c670, 0x00000224f71898e0, 0x00000224f718cb80, 0x00000224f718b230,
0x00000224f7190d50, 0x00000224f718d5a0, 0x00000224f718dab0, 0x00000224f718e9e0,
0x00000224f9c1d2f0, 0x00000224f9c1e220, 0x00000224f9c1d800, 0x00000224f349d0c0,
0x00000224f349a840, 0x00000224f718d090, 0x00000224f54f58d0, 0x00000224f54f9fb0,
0x00000224f54f9590, 0x00000224f54f62f0, 0x00000224f54f7c40, 0x00000224f54fb900,
0x00000224f54f6d10
}

Java Threads: ( => current thread )
  0x00000224d3ea0b60 JavaThread "main" [_thread_blocked, id=11812, stack(0x000000ae99e00000,0x000000ae99f00000)]
  0x00000224ee30e460 JavaThread "Reference Handler" daemon [_thread_blocked, id=744, stack(0x000000ae9a500000,0x000000ae9a600000)]
  0x00000224ee30f1f0 JavaThread "Finalizer" daemon [_thread_blocked, id=10064, stack(0x000000ae9a600000,0x000000ae9a700000)]
  0x00000224ee33d5f0 JavaThread "Signal Dispatcher" daemon [_thread_blocked, id=5904, stack(0x000000ae9a700000,0x000000ae9a800000)]
  0x00000224ee33fed0 JavaThread "Attach Listener" daemon [_thread_blocked, id=764, stack(0x000000ae9a800000,0x000000ae9a900000)]
  0x00000224ee3407a0 JavaThread "Service Thread" daemon [_thread_blocked, id=4760, stack(0x000000ae9a900000,0x000000ae9aa00000)]
  0x00000224ee341070 JavaThread "Monitor Deflation Thread" daemon [_thread_blocked, id=9672, stack(0x000000ae9aa00000,0x000000ae9ab00000)]
  0x00000224ee341d20 JavaThread "C2 CompilerThread0" daemon [_thread_blocked, id=13108, stack(0x000000ae9ab00000,0x000000ae9ac00000)]
  0x00000224ee3426e0 JavaThread "C1 CompilerThread0" daemon [_thread_blocked, id=16652, stack(0x000000ae9ac00000,0x000000ae9ad00000)]
  0x00000224ee342ff0 JavaThread "Sweeper thread" daemon [_thread_blocked, id=13576, stack(0x000000ae9ad00000,0x000000ae9ae00000)]
  0x00000224ee4f5e70 JavaThread "Common-Cleaner" daemon [_thread_blocked, id=11156, stack(0x000000ae9ae00000,0x000000ae9af00000)]
  0x00000224ee635da0 JavaThread "Notification Thread" daemon [_thread_blocked, id=6764, stack(0x000000ae9af00000,0x000000ae9b000000)]
  0x00000224ee5e95f0 JavaThread "C2 CompilerThread1" daemon [_thread_blocked, id=14804, stack(0x000000ae9b100000,0x000000ae9b200000)]
  0x00000224ee61bd10 JavaThread "C2 CompilerThread2" daemon [_thread_in_native, id=4572, stack(0x000000ae9b200000,0x000000ae9b300000)]
  0x00000224f46d0360 JavaThread "Daemon health stats" [_thread_blocked, id=17196, stack(0x000000ae9b800000,0x000000ae9b900000)]
  0x00000224f4b65420 JavaThread "Incoming local TCP Connector on port 54152" [_thread_in_native, id=2416, stack(0x000000ae9b900000,0x000000ae9ba00000)]
  0x00000224f5029020 JavaThread "Daemon periodic checks" [_thread_blocked, id=15284, stack(0x000000ae9ba00000,0x000000ae9bb00000)]
  0x00000224f45905a0 JavaThread "Daemon" [_thread_blocked, id=16404, stack(0x000000ae9bb00000,0x000000ae9bc00000)]
  0x00000224f3af7210 JavaThread "Handler for socket connection from /127.0.0.1:54152 to /127.0.0.1:54153" [_thread_in_native, id=4824, stack(0x000000ae9bc00000,0x000000ae9bd00000)]
  0x00000224f4d4bc30 JavaThread "Cancel handler" [_thread_blocked, id=5600, stack(0x000000ae9bd00000,0x000000ae9be00000)]
  0x00000224f416d350 JavaThread "Daemon worker" [_thread_blocked, id=7708, stack(0x000000ae9be00000,0x000000ae9bf00000)]
  0x00000224f3499910 JavaThread "Asynchronous log dispatcher for DefaultDaemonConnection: socket connection from /127.0.0.1:54152 to /127.0.0.1:54153" [_thread_blocked, id=12944, stack(0x000000ae9bf00000,0x000000ae9c000000)]
  0x00000224f3499e20 JavaThread "Stdin handler" [_thread_blocked, id=11220, stack(0x000000ae9c000000,0x000000ae9c100000)]
  0x00000224f349b770 JavaThread "Daemon client event forwarder" [_thread_blocked, id=10728, stack(0x000000ae9c100000,0x000000ae9c200000)]
  0x00000224f349ad50 JavaThread "Cache worker for journal cache (E:\Android\gradle\caches\journal-1)" [_thread_blocked, id=15176, stack(0x000000ae9c800000,0x000000ae9c900000)]
  0x00000224f349c190 JavaThread "File lock request listener" [_thread_in_native, id=15636, stack(0x000000ae9c900000,0x000000ae9ca00000)]
  0x00000224f349b260 JavaThread "Cache worker for file hash cache (E:\Android\gradle\caches\8.7\fileHashes)" [_thread_blocked, id=3272, stack(0x000000ae9ca00000,0x000000ae9cb00000)]
  0x00000224f4d442e0 JavaThread "Cache worker for file hash cache (E:\Chernyshevskiy_ProfSoft_2024\TogetherApp\.gradle\8.7\fileHashes)" [_thread_blocked, id=3968, stack(0x000000ae9cb00000,0x000000ae9cc00000)]
  0x00000224f4d3f6f0 JavaThread "File watcher server" daemon [_thread_blocked, id=7344, stack(0x000000ae9cc00000,0x000000ae9cd00000)]
  0x00000224f4d40110 JavaThread "File watcher consumer" daemon [_thread_blocked, id=16312, stack(0x000000ae9cd00000,0x000000ae9ce00000)]
  0x00000224f4d40b30 JavaThread "Cache worker for checksums cache (E:\Chernyshevskiy_ProfSoft_2024\TogetherApp\.gradle\8.7\checksums)" [_thread_blocked, id=14632, stack(0x000000ae9ce00000,0x000000ae9cf00000)]
  0x00000224f4d42ea0 JavaThread "Cache worker for cache directory md-supplier (E:\Android\gradle\caches\8.7\md-supplier)" [_thread_blocked, id=16140, stack(0x000000ae9cf00000,0x000000ae9d000000)]
  0x00000224f4d3ecd0 JavaThread "Cache worker for cache directory md-rule (E:\Android\gradle\caches\8.7\md-rule)" [_thread_blocked, id=15680, stack(0x000000ae9d000000,0x000000ae9d100000)]
  0x00000224f4d3fc00 JavaThread "Cache worker for file content cache (E:\Android\gradle\caches\8.7\fileContent)" [_thread_blocked, id=8004, stack(0x000000ae9d100000,0x000000ae9d200000)]
  0x00000224f4d43dd0 JavaThread "Cache worker for Build Output Cleanup Cache (E:\Chernyshevskiy_ProfSoft_2024\TogetherApp\.gradle\buildOutputCleanup)" [_thread_blocked, id=6744, stack(0x000000ae9d300000,0x000000ae9d400000)]
  0x00000224f4d3e2b0 JavaThread "Unconstrained build operations" [_thread_blocked, id=5352, stack(0x000000ae9d400000,0x000000ae9d500000)]
  0x00000224f4d42480 JavaThread "Unconstrained build operations Thread 2" [_thread_blocked, id=13960, stack(0x000000ae9d500000,0x000000ae9d600000)]
  0x00000224f4d447f0 JavaThread "Unconstrained build operations Thread 3" [_thread_blocked, id=8932, stack(0x000000ae9d600000,0x000000ae9d700000)]
  0x00000224f4d3d380 JavaThread "Unconstrained build operations Thread 4" [_thread_blocked, id=15928, stack(0x000000ae9d700000,0x000000ae9d800000)]
  0x00000224f4d3dda0 JavaThread "Unconstrained build operations Thread 5" [_thread_blocked, id=5944, stack(0x000000ae9d800000,0x000000ae9d900000)]
  0x00000224f4d3e7c0 JavaThread "Unconstrained build operations Thread 6" [_thread_blocked, id=16880, stack(0x000000ae9d900000,0x000000ae9da00000)]
  0x00000224f349c6a0 JavaThread "Unconstrained build operations Thread 7" [_thread_blocked, id=8288, stack(0x000000ae9da00000,0x000000ae9db00000)]
  0x00000224f349cbb0 JavaThread "Unconstrained build operations Thread 8" [_thread_blocked, id=8540, stack(0x000000ae9db00000,0x000000ae9dc00000)]
  0x00000224f7190840 JavaThread "Unconstrained build operations Thread 9" [_thread_blocked, id=13692, stack(0x000000ae9dc00000,0x000000ae9dd00000)]
  0x00000224f718f910 JavaThread "Unconstrained build operations Thread 10" [_thread_blocked, id=5856, stack(0x000000ae9dd00000,0x000000ae9de00000)]
  0x00000224f718fe20 JavaThread "Unconstrained build operations Thread 11" [_thread_blocked, id=15232, stack(0x000000ae9de00000,0x000000ae9df00000)]
  0x00000224f7190330 JavaThread "Unconstrained build operations Thread 12" [_thread_blocked, id=10328, stack(0x000000ae9df00000,0x000000ae9e000000)]
  0x00000224f718a300 JavaThread "Unconstrained build operations Thread 13" [_thread_blocked, id=3520, stack(0x000000ae9e000000,0x000000ae9e100000)]
  0x00000224f718c160 JavaThread "Unconstrained build operations Thread 14" [_thread_blocked, id=11356, stack(0x000000ae9e100000,0x000000ae9e200000)]
  0x00000224f71893d0 JavaThread "Unconstrained build operations Thread 15" [_thread_blocked, id=11568, stack(0x000000ae9e200000,0x000000ae9e300000)]
  0x00000224f718bc50 JavaThread "Unconstrained build operations Thread 16" [_thread_blocked, id=13424, stack(0x000000ae9e300000,0x000000ae9e400000)]
  0x00000224f718dfc0 JavaThread "Unconstrained build operations Thread 17" [_thread_blocked, id=2368, stack(0x000000ae9e400000,0x000000ae9e500000)]
  0x00000224f718c670 JavaThread "Unconstrained build operations Thread 18" [_thread_blocked, id=2044, stack(0x000000ae9e500000,0x000000ae9e600000)]
  0x00000224f71898e0 JavaThread "Unconstrained build operations Thread 19" [_thread_blocked, id=15984, stack(0x000000ae9e600000,0x000000ae9e700000)]
  0x00000224f718cb80 JavaThread "Unconstrained build operations Thread 20" [_thread_blocked, id=14284, stack(0x000000ae9e700000,0x000000ae9e800000)]
  0x00000224f718b230 JavaThread "Unconstrained build operations Thread 21" [_thread_blocked, id=17356, stack(0x000000ae9e800000,0x000000ae9e900000)]
  0x00000224f7190d50 JavaThread "Unconstrained build operations Thread 22" [_thread_blocked, id=2988, stack(0x000000ae9e900000,0x000000ae9ea00000)]
  0x00000224f718d5a0 JavaThread "build event listener" [_thread_blocked, id=10072, stack(0x000000ae9ea00000,0x000000ae9eb00000)]
  0x00000224f718dab0 JavaThread "Memory manager" [_thread_blocked, id=7640, stack(0x000000ae9eb00000,0x000000ae9ec00000)]
  0x00000224f718e9e0 JavaThread "build event listener" [_thread_blocked, id=12692, stack(0x000000ae9ec00000,0x000000ae9ed00000)]
  0x00000224f9c1d2f0 JavaThread "included builds" [_thread_blocked, id=15328, stack(0x000000ae9ed00000,0x000000ae9ee00000)]
  0x00000224f9c1e220 JavaThread "Execution worker" [_thread_blocked, id=12796, stack(0x000000ae9ee00000,0x000000ae9ef00000)]
  0x00000224f9c1d800 JavaThread "Execution worker Thread 2" [_thread_blocked, id=15184, stack(0x000000ae9ef00000,0x000000ae9f000000)]
  0x00000224f349d0c0 JavaThread "Execution worker Thread 3" [_thread_blocked, id=9948, stack(0x000000ae9f000000,0x000000ae9f100000)]
  0x00000224f349a840 JavaThread "Execution worker Thread 4" [_thread_blocked, id=15704, stack(0x000000ae9f100000,0x000000ae9f200000)]
  0x00000224f718d090 JavaThread "Execution worker Thread 5" [_thread_blocked, id=7760, stack(0x000000ae9f200000,0x000000ae9f300000)]
  0x00000224f54f58d0 JavaThread "Execution worker Thread 6" [_thread_blocked, id=15844, stack(0x000000ae9f300000,0x000000ae9f400000)]
  0x00000224f54f9fb0 JavaThread "Execution worker Thread 7" [_thread_blocked, id=12928, stack(0x000000ae9f400000,0x000000ae9f500000)]
  0x00000224f54f9590 JavaThread "Execution worker Thread 8" [_thread_blocked, id=13988, stack(0x000000ae9f500000,0x000000ae9f600000)]
  0x00000224f54f62f0 JavaThread "Execution worker Thread 9" [_thread_blocked, id=2164, stack(0x000000ae9f600000,0x000000ae9f700000)]
  0x00000224f54f7c40 JavaThread "Execution worker Thread 10" [_thread_blocked, id=3688, stack(0x000000ae9f700000,0x000000ae9f800000)]
  0x00000224f54fb900 JavaThread "Execution worker Thread 11" [_thread_blocked, id=7200, stack(0x000000ae9f800000,0x000000ae9f900000)]
  0x00000224f54f6d10 JavaThread "Cache worker for execution history cache (E:\Chernyshevskiy_ProfSoft_2024\TogetherApp\.gradle\8.7\executionHistory)" [_thread_blocked, id=15828, stack(0x000000ae9f900000,0x000000ae9fa00000)]

Other Threads:
  0x00000224ee307820 VMThread "VM Thread" [stack: 0x000000ae9a400000,0x000000ae9a500000] [id=15840]
  0x00000224d3ea17d0 WatcherThread [stack: 0x000000ae9b000000,0x000000ae9b100000] [id=1888]
  0x00000224d3efed20 GCTaskThread "GC Thread#0" [stack: 0x000000ae99f00000,0x000000ae9a000000] [id=9520]
  0x00000224f3642110 GCTaskThread "GC Thread#1" [stack: 0x000000ae9b300000,0x000000ae9b400000] [id=16036]
  0x00000224f3641e50 GCTaskThread "GC Thread#2" [stack: 0x000000ae9b400000,0x000000ae9b500000] [id=9660]
  0x00000224f3642c10 GCTaskThread "GC Thread#3" [stack: 0x000000ae9b500000,0x000000ae9b600000] [id=6952]
  0x00000224f3642950 GCTaskThread "GC Thread#4" [stack: 0x000000ae9b600000,0x000000ae9b700000] [id=1964]
=>0x00000224f3641b90 GCTaskThread "GC Thread#5" [stack: 0x000000ae9b700000,0x000000ae9b800000] [id=16512]
  0x00000224f3642ed0 GCTaskThread "GC Thread#6" [stack: 0x000000ae9c200000,0x000000ae9c300000] [id=8772]
  0x00000224f3643190 GCTaskThread "GC Thread#7" [stack: 0x000000ae9c300000,0x000000ae9c400000] [id=3176]
  0x00000224f3643450 GCTaskThread "GC Thread#8" [stack: 0x000000ae9c400000,0x000000ae9c500000] [id=7728]
  0x00000224f36418d0 GCTaskThread "GC Thread#9" [stack: 0x000000ae9c500000,0x000000ae9c600000] [id=5788]
  0x00000224d3f10b90 ConcurrentGCThread "G1 Main Marker" [stack: 0x000000ae9a000000,0x000000ae9a100000] [id=15700]
  0x00000224d3f12c70 ConcurrentGCThread "G1 Conc#0" [stack: 0x000000ae9a100000,0x000000ae9a200000] [id=10396]
  0x00000224f40a8600 ConcurrentGCThread "G1 Conc#1" [stack: 0x000000ae9c600000,0x000000ae9c700000] [id=16884]
  0x00000224f40a8080 ConcurrentGCThread "G1 Conc#2" [stack: 0x000000ae9c700000,0x000000ae9c800000] [id=13816]
  0x00000224d3f5ec60 ConcurrentGCThread "G1 Refine#0" [stack: 0x000000ae9a200000,0x000000ae9a300000] [id=9356]
  0x00000224f82c7820 ConcurrentGCThread "G1 Refine#1" [stack: 0x000000ae9d200000,0x000000ae9d300000] [id=6272]
  0x00000224ed9ce740 ConcurrentGCThread "G1 Service" [stack: 0x000000ae9a300000,0x000000ae9a400000] [id=8536]

Threads with active compile tasks:
C2 CompilerThread0     8122 11535       4       org.gradle.internal.event.DefaultListenerManager$EventBroadcast$ListenerDispatch::dispatch (9 bytes)
C1 CompilerThread0     8122 11664   !   2       org.gradle.cache.internal.LockOnDemandCrossProcessCacheAccess::incrementLockCount (193 bytes)
C2 CompilerThread1     8122 11635       4       org.gradle.internal.snapshot.MediumChildMap::withNode (67 bytes)
C2 CompilerThread2     8122 11486       4       org.gradle.internal.instantiation.generator.AbstractClassGenerator::inspectType (560 bytes)

VM state: at safepoint (normal execution)

VM Mutex/Monitor currently owned by a thread:  ([mutex/lock_event])
[0x00000224d3e8e1d0] Threads_lock - owner thread: 0x00000224ee307820
[0x00000224d3e8e2f0] Heap_lock - owner thread: 0x00000224f4d442e0

Heap address: 0x0000000080000000, size: 2048 MB, Compressed Oops mode: 32-bit

CDS archive(s) not mapped
Compressed class space mapped at: 0x0000000100000000-0x0000000140000000, reserved size: 1073741824
Narrow klass base: 0x0000000000000000, Narrow klass shift: 3, Narrow klass range: 0x140000000

GC Precious Log:
 CPUs: 12 total, 12 available
 Memory: 16315M
 Large Page Support: Disabled
 NUMA Support: Disabled
 Compressed Oops: Enabled (32-bit)
 Heap Region Size: 1M
 Heap Min Capacity: 8M
 Heap Initial Capacity: 256M
 Heap Max Capacity: 2G
 Pre-touch: Disabled
 Parallel Workers: 10
 Concurrent Workers: 3
 Concurrent Refinement Workers: 10
 Periodic GC: Disabled

Heap:
 garbage-first heap   total 293888K, used 226573K [0x0000000080000000, 0x0000000100000000)
  region size 1024K, 130 young (133120K), 9 survivors (9216K)
 Metaspace       used 105366K, committed 106176K, reserved 1179648K
  class space    used 14873K, committed 15232K, reserved 1048576K

Heap Regions: E=young(eden), S=young(survivor), O=old, HS=humongous(starts), HC=humongous(continues), CS=collection set, F=free, OA=open archive, CA=closed archive, TAMS=top-at-mark-start (previous, next)
|   0|0x0000000080000000, 0x0000000080100000, 0x0000000080100000|100%|HS|  |TAMS 0x0000000080100000, 0x0000000080100000| Complete 
|   1|0x0000000080100000, 0x0000000080200000, 0x0000000080200000|100%|HC|  |TAMS 0x0000000080200000, 0x0000000080200000| Complete 
|   2|0x0000000080200000, 0x0000000080300000, 0x0000000080300000|100%|HC|  |TAMS 0x0000000080300000, 0x0000000080300000| Complete 
|   3|0x0000000080300000, 0x0000000080400000, 0x0000000080400000|100%|HC|  |TAMS 0x0000000080400000, 0x0000000080400000| Complete 
|   4|0x0000000080400000, 0x0000000080500000, 0x0000000080500000|100%| O|  |TAMS 0x0000000080500000, 0x0000000080500000| Untracked 
|   5|0x0000000080500000, 0x0000000080600000, 0x0000000080600000|100%| O|  |TAMS 0x0000000080600000, 0x0000000080600000| Untracked 
|   6|0x0000000080600000, 0x0000000080700000, 0x0000000080700000|100%| O|  |TAMS 0x0000000080700000, 0x0000000080700000| Untracked 
|   7|0x0000000080700000, 0x0000000080800000, 0x0000000080800000|100%| O|  |TAMS 0x0000000080800000, 0x0000000080800000| Untracked 
|   8|0x0000000080800000, 0x0000000080900000, 0x0000000080900000|100%| O|  |TAMS 0x0000000080900000, 0x0000000080900000| Untracked 
|   9|0x0000000080900000, 0x0000000080a00000, 0x0000000080a00000|100%| O|  |TAMS 0x0000000080a00000, 0x0000000080a00000| Untracked 
|  10|0x0000000080a00000, 0x0000000080b00000, 0x0000000080b00000|100%| O|  |TAMS 0x0000000080b00000, 0x0000000080b00000| Untracked 
|  11|0x0000000080b00000, 0x0000000080c00000, 0x0000000080c00000|100%| O|  |TAMS 0x0000000080c00000, 0x0000000080c00000| Untracked 
|  12|0x0000000080c00000, 0x0000000080d00000, 0x0000000080d00000|100%| O|  |TAMS 0x0000000080d00000, 0x0000000080d00000| Untracked 
|  13|0x0000000080d00000, 0x0000000080e00000, 0x0000000080e00000|100%| O|  |TAMS 0x0000000080e00000, 0x0000000080e00000| Untracked 
|  14|0x0000000080e00000, 0x0000000080f00000, 0x0000000080f00000|100%| O|  |TAMS 0x0000000080f00000, 0x0000000080f00000| Untracked 
|  15|0x0000000080f00000, 0x0000000081000000, 0x0000000081000000|100%| O|  |TAMS 0x0000000081000000, 0x0000000081000000| Untracked 
|  16|0x0000000081000000, 0x0000000081100000, 0x0000000081100000|100%| O|  |TAMS 0x0000000081100000, 0x0000000081100000| Untracked 
|  17|0x0000000081100000, 0x0000000081200000, 0x0000000081200000|100%| O|  |TAMS 0x0000000081200000, 0x0000000081200000| Untracked 
|  18|0x0000000081200000, 0x0000000081300000, 0x0000000081300000|100%| O|  |TAMS 0x0000000081300000, 0x0000000081300000| Untracked 
|  19|0x0000000081300000, 0x0000000081400000, 0x0000000081400000|100%| O|  |TAMS 0x0000000081400000, 0x0000000081400000| Untracked 
|  20|0x0000000081400000, 0x0000000081500000, 0x0000000081500000|100%| O|  |TAMS 0x0000000081500000, 0x0000000081500000| Untracked 
|  21|0x0000000081500000, 0x0000000081600000, 0x0000000081600000|100%| O|  |TAMS 0x0000000081600000, 0x0000000081600000| Untracked 
|  22|0x0000000081600000, 0x0000000081700000, 0x0000000081700000|100%| O|  |TAMS 0x0000000081700000, 0x0000000081700000| Untracked 
|  23|0x0000000081700000, 0x0000000081800000, 0x0000000081800000|100%| O|  |TAMS 0x0000000081800000, 0x0000000081800000| Untracked 
|  24|0x0000000081800000, 0x0000000081900000, 0x0000000081900000|100%| O|  |TAMS 0x0000000081900000, 0x0000000081900000| Untracked 
|  25|0x0000000081900000, 0x0000000081a00000, 0x0000000081a00000|100%| O|  |TAMS 0x0000000081a00000, 0x0000000081a00000| Untracked 
|  26|0x0000000081a00000, 0x0000000081b00000, 0x0000000081b00000|100%| O|  |TAMS 0x0000000081b00000, 0x0000000081b00000| Untracked 
|  27|0x0000000081b00000, 0x0000000081c00000, 0x0000000081c00000|100%| O|  |TAMS 0x0000000081c00000, 0x0000000081c00000| Untracked 
|  28|0x0000000081c00000, 0x0000000081d00000, 0x0000000081d00000|100%| O|  |TAMS 0x0000000081d00000, 0x0000000081d00000| Untracked 
|  29|0x0000000081d00000, 0x0000000081e00000, 0x0000000081e00000|100%| O|  |TAMS 0x0000000081e00000, 0x0000000081e00000| Untracked 
|  30|0x0000000081e00000, 0x0000000081f00000, 0x0000000081f00000|100%| O|  |TAMS 0x0000000081f00000, 0x0000000081f00000| Untracked 
|  31|0x0000000081f00000, 0x0000000082000000, 0x0000000082000000|100%| O|  |TAMS 0x0000000082000000, 0x0000000082000000| Untracked 
|  32|0x0000000082000000, 0x0000000082100000, 0x0000000082100000|100%| O|  |TAMS 0x0000000082100000, 0x0000000082100000| Untracked 
|  33|0x0000000082100000, 0x0000000082200000, 0x0000000082200000|100%|HS|  |TAMS 0x0000000082200000, 0x0000000082200000| Complete 
|  34|0x0000000082200000, 0x0000000082300000, 0x0000000082300000|100%|HS|  |TAMS 0x0000000082300000, 0x0000000082300000| Complete 
|  35|0x0000000082300000, 0x0000000082400000, 0x0000000082400000|100%|HS|  |TAMS 0x0000000082400000, 0x0000000082400000| Complete 
|  36|0x0000000082400000, 0x0000000082500000, 0x0000000082500000|100%|HC|  |TAMS 0x0000000082500000, 0x0000000082500000| Complete 
|  37|0x0000000082500000, 0x0000000082600000, 0x0000000082600000|100%|HS|  |TAMS 0x0000000082600000, 0x0000000082600000| Complete 
|  38|0x0000000082600000, 0x0000000082700000, 0x0000000082700000|100%|HC|  |TAMS 0x0000000082700000, 0x0000000082700000| Complete 
|  39|0x0000000082700000, 0x0000000082800000, 0x0000000082800000|100%|HS|  |TAMS 0x0000000082800000, 0x0000000082800000| Complete 
|  40|0x0000000082800000, 0x0000000082900000, 0x0000000082900000|100%|HS|  |TAMS 0x0000000082900000, 0x0000000082900000| Complete 
|  41|0x0000000082900000, 0x0000000082a00000, 0x0000000082a00000|100%|HC|  |TAMS 0x0000000082a00000, 0x0000000082a00000| Complete 
|  42|0x0000000082a00000, 0x0000000082b00000, 0x0000000082b00000|100%|HC|  |TAMS 0x0000000082b00000, 0x0000000082b00000| Complete 
|  43|0x0000000082b00000, 0x0000000082c00000, 0x0000000082c00000|100%|HC|  |TAMS 0x0000000082c00000, 0x0000000082c00000| Complete 
|  44|0x0000000082c00000, 0x0000000082d00000, 0x0000000082d00000|100%|HS|  |TAMS 0x0000000082d00000, 0x0000000082d00000| Complete 
|  45|0x0000000082d00000, 0x0000000082e00000, 0x0000000082e00000|100%| O|  |TAMS 0x0000000082e00000, 0x0000000082e00000| Untracked 
|  46|0x0000000082e00000, 0x0000000082f00000, 0x0000000082f00000|100%| O|  |TAMS 0x0000000082f00000, 0x0000000082f00000| Untracked 
|  47|0x0000000082f00000, 0x0000000083000000, 0x0000000083000000|100%| O|  |TAMS 0x0000000083000000, 0x0000000083000000| Untracked 
|  48|0x0000000083000000, 0x0000000083100000, 0x0000000083100000|100%| O|  |TAMS 0x0000000083100000, 0x0000000083100000| Untracked 
|  49|0x0000000083100000, 0x0000000083200000, 0x0000000083200000|100%| O|  |TAMS 0x0000000083200000, 0x0000000083200000| Untracked 
|  50|0x0000000083200000, 0x0000000083300000, 0x0000000083300000|100%| O|  |TAMS 0x0000000083200000, 0x0000000083300000| Untracked 
|  51|0x0000000083300000, 0x0000000083400000, 0x0000000083400000|100%| O|  |TAMS 0x0000000083400000, 0x0000000083400000| Untracked 
|  52|0x0000000083400000, 0x0000000083500000, 0x0000000083500000|100%| O|  |TAMS 0x0000000083500000, 0x0000000083500000| Untracked 
|  53|0x0000000083500000, 0x0000000083600000, 0x0000000083600000|100%| O|  |TAMS 0x0000000083600000, 0x0000000083600000| Untracked 
|  54|0x0000000083600000, 0x0000000083700000, 0x0000000083700000|100%| O|  |TAMS 0x0000000083600000, 0x0000000083700000| Untracked 
|  55|0x0000000083700000, 0x0000000083800000, 0x0000000083800000|100%| O|  |TAMS 0x0000000083800000, 0x0000000083800000| Untracked 
|  56|0x0000000083800000, 0x0000000083800000, 0x0000000083900000|  0%| F|  |TAMS 0x0000000083800000, 0x0000000083800000| Untracked 
|  57|0x0000000083900000, 0x0000000083a00000, 0x0000000083a00000|100%| O|  |TAMS 0x0000000083a00000, 0x0000000083a00000| Untracked 
|  58|0x0000000083a00000, 0x0000000083b00000, 0x0000000083b00000|100%| O|  |TAMS 0x0000000083b00000, 0x0000000083b00000| Untracked 
|  59|0x0000000083b00000, 0x0000000083c00000, 0x0000000083c00000|100%| O|  |TAMS 0x0000000083c00000, 0x0000000083c00000| Untracked 
|  60|0x0000000083c00000, 0x0000000083d00000, 0x0000000083d00000|100%| O|  |TAMS 0x0000000083d00000, 0x0000000083d00000| Untracked 
|  61|0x0000000083d00000, 0x0000000083e00000, 0x0000000083e00000|100%|HS|  |TAMS 0x0000000083e00000, 0x0000000083e00000| Complete 
|  62|0x0000000083e00000, 0x0000000083f00000, 0x0000000083f00000|100%|HS|  |TAMS 0x0000000083f00000, 0x0000000083f00000| Complete 
|  63|0x0000000083f00000, 0x0000000084000000, 0x0000000084000000|100%| O|  |TAMS 0x0000000084000000, 0x0000000084000000| Untracked 
|  64|0x0000000084000000, 0x0000000084100000, 0x0000000084100000|100%| O|  |TAMS 0x0000000084100000, 0x0000000084100000| Untracked 
|  65|0x0000000084100000, 0x0000000084200000, 0x0000000084200000|100%| O|  |TAMS 0x0000000084200000, 0x0000000084200000| Untracked 
|  66|0x0000000084200000, 0x0000000084300000, 0x0000000084300000|100%| O|  |TAMS 0x0000000084300000, 0x0000000084300000| Untracked 
|  67|0x0000000084300000, 0x0000000084400000, 0x0000000084400000|100%| O|  |TAMS 0x0000000084400000, 0x0000000084400000| Untracked 
|  68|0x0000000084400000, 0x0000000084500000, 0x0000000084500000|100%| O|  |TAMS 0x0000000084500000, 0x0000000084500000| Untracked 
|  69|0x0000000084500000, 0x0000000084600000, 0x0000000084600000|100%| O|  |TAMS 0x0000000084600000, 0x0000000084600000| Untracked 
|  70|0x0000000084600000, 0x0000000084700000, 0x0000000084700000|100%| O|  |TAMS 0x0000000084700000, 0x0000000084700000| Untracked 
|  71|0x0000000084700000, 0x0000000084800000, 0x0000000084800000|100%|HS|  |TAMS 0x0000000084800000, 0x0000000084800000| Complete 
|  72|0x0000000084800000, 0x0000000084900000, 0x0000000084900000|100%|HS|  |TAMS 0x0000000084900000, 0x0000000084900000| Complete 
|  73|0x0000000084900000, 0x0000000084a00000, 0x0000000084a00000|100%|HC|  |TAMS 0x0000000084a00000, 0x0000000084a00000| Complete 
|  74|0x0000000084a00000, 0x0000000084b00000, 0x0000000084b00000|100%|HC|  |TAMS 0x0000000084b00000, 0x0000000084b00000| Complete 
|  75|0x0000000084b00000, 0x0000000084c00000, 0x0000000084c00000|100%|HC|  |TAMS 0x0000000084c00000, 0x0000000084c00000| Complete 
|  76|0x0000000084c00000, 0x0000000084d00000, 0x0000000084d00000|100%| O|  |TAMS 0x0000000084d00000, 0x0000000084d00000| Untracked 
|  77|0x0000000084d00000, 0x0000000084e00000, 0x0000000084e00000|100%| O|  |TAMS 0x0000000084e00000, 0x0000000084e00000| Untracked 
|  78|0x0000000084e00000, 0x0000000084f00000, 0x0000000084f00000|100%| O|  |TAMS 0x0000000084f00000, 0x0000000084f00000| Untracked 
|  79|0x0000000084f00000, 0x0000000085000000, 0x0000000085000000|100%| O|  |TAMS 0x0000000085000000, 0x0000000085000000| Untracked 
|  80|0x0000000085000000, 0x0000000085100000, 0x0000000085100000|100%| O|  |TAMS 0x0000000085100000, 0x0000000085100000| Untracked 
|  81|0x0000000085100000, 0x0000000085200000, 0x0000000085200000|100%| O|  |TAMS 0x0000000085200000, 0x0000000085200000| Untracked 
|  82|0x0000000085200000, 0x0000000085200000, 0x0000000085300000|  0%| F|  |TAMS 0x0000000085200000, 0x0000000085200000| Untracked 
|  83|0x0000000085300000, 0x0000000085400000, 0x0000000085400000|100%| O|  |TAMS 0x0000000085400000, 0x0000000085400000| Untracked 
|  84|0x0000000085400000, 0x0000000085500000, 0x0000000085500000|100%| O|  |TAMS 0x0000000085500000, 0x0000000085500000| Untracked 
|  85|0x0000000085500000, 0x0000000085600000, 0x0000000085600000|100%| O|  |TAMS 0x0000000085600000, 0x0000000085600000| Untracked 
|  86|0x0000000085600000, 0x0000000085700000, 0x0000000085700000|100%| O|  |TAMS 0x0000000085700000, 0x0000000085700000| Untracked 
|  87|0x0000000085700000, 0x0000000085800000, 0x0000000085800000|100%| O|  |TAMS 0x0000000085800000, 0x0000000085800000| Untracked 
|  88|0x0000000085800000, 0x0000000085900000, 0x0000000085900000|100%| O|  |TAMS 0x0000000085900000, 0x0000000085900000| Untracked 
|  89|0x0000000085900000, 0x0000000085a00000, 0x0000000085a00000|100%| O|  |TAMS 0x0000000085914400, 0x0000000085a00000| Untracked 
|  90|0x0000000085a00000, 0x0000000085b00000, 0x0000000085b00000|100%| O|  |TAMS 0x0000000085a00000, 0x0000000085b00000| Untracked 
|  91|0x0000000085b00000, 0x0000000085c00000, 0x0000000085c00000|100%| O|  |TAMS 0x0000000085b00000, 0x0000000085c00000| Untracked 
|  92|0x0000000085c00000, 0x0000000085d00000, 0x0000000085d00000|100%| O|  |TAMS 0x0000000085c00000, 0x0000000085d00000| Untracked 
|  93|0x0000000085d00000, 0x0000000085e00000, 0x0000000085e00000|100%| O|  |TAMS 0x0000000085d00000, 0x0000000085e00000| Untracked 
|  94|0x0000000085e00000, 0x0000000085f00000, 0x0000000085f00000|100%| O|  |TAMS 0x0000000085e00000, 0x0000000085f00000| Untracked 
|  95|0x0000000085f00000, 0x0000000086000000, 0x0000000086000000|100%| O|  |TAMS 0x0000000085f00000, 0x0000000086000000| Untracked 
|  96|0x0000000086000000, 0x0000000086100000, 0x0000000086100000|100%| O|  |TAMS 0x0000000086000000, 0x0000000086100000| Untracked 
|  97|0x0000000086100000, 0x0000000086200000, 0x0000000086200000|100%| O|  |TAMS 0x0000000086100000, 0x0000000086200000| Untracked 
|  98|0x0000000086200000, 0x0000000086300000, 0x0000000086300000|100%| O|  |TAMS 0x0000000086200000, 0x0000000086300000| Untracked 
|  99|0x0000000086300000, 0x0000000086400000, 0x0000000086400000|100%| O|  |TAMS 0x0000000086300000, 0x0000000086400000| Untracked 
| 100|0x0000000086400000, 0x0000000086473e00, 0x0000000086500000| 45%| O|  |TAMS 0x0000000086400000, 0x0000000086473e00| Untracked 
| 101|0x0000000086500000, 0x0000000086500000, 0x0000000086600000|  0%| F|  |TAMS 0x0000000086500000, 0x0000000086500000| Untracked 
| 102|0x0000000086600000, 0x0000000086600000, 0x0000000086700000|  0%| F|  |TAMS 0x0000000086600000, 0x0000000086600000| Untracked 
| 103|0x0000000086700000, 0x0000000086700000, 0x0000000086800000|  0%| F|  |TAMS 0x0000000086700000, 0x0000000086700000| Untracked 
| 104|0x0000000086800000, 0x0000000086800000, 0x0000000086900000|  0%| F|  |TAMS 0x0000000086800000, 0x0000000086800000| Untracked 
| 105|0x0000000086900000, 0x0000000086900000, 0x0000000086a00000|  0%| F|  |TAMS 0x0000000086900000, 0x0000000086900000| Untracked 
| 106|0x0000000086a00000, 0x0000000086a00000, 0x0000000086b00000|  0%| F|  |TAMS 0x0000000086a00000, 0x0000000086a00000| Untracked 
| 107|0x0000000086b00000, 0x0000000086b00000, 0x0000000086c00000|  0%| F|  |TAMS 0x0000000086b00000, 0x0000000086b00000| Untracked 
| 108|0x0000000086c00000, 0x0000000086c00000, 0x0000000086d00000|  0%| F|  |TAMS 0x0000000086c00000, 0x0000000086c00000| Untracked 
| 109|0x0000000086d00000, 0x0000000086d00000, 0x0000000086e00000|  0%| F|  |TAMS 0x0000000086d00000, 0x0000000086d00000| Untracked 
| 110|0x0000000086e00000, 0x0000000086e00000, 0x0000000086f00000|  0%| F|  |TAMS 0x0000000086e00000, 0x0000000086e00000| Untracked 
| 111|0x0000000086f00000, 0x0000000086f00000, 0x0000000087000000|  0%| F|  |TAMS 0x0000000086f00000, 0x0000000086f00000| Untracked 
| 112|0x0000000087000000, 0x0000000087000000, 0x0000000087100000|  0%| F|  |TAMS 0x0000000087000000, 0x0000000087000000| Untracked 
| 113|0x0000000087100000, 0x0000000087100000, 0x0000000087200000|  0%| F|  |TAMS 0x0000000087100000, 0x0000000087100000| Untracked 
| 114|0x0000000087200000, 0x0000000087200000, 0x0000000087300000|  0%| F|  |TAMS 0x0000000087200000, 0x0000000087200000| Untracked 
| 115|0x0000000087300000, 0x0000000087300000, 0x0000000087400000|  0%| F|  |TAMS 0x0000000087300000, 0x0000000087300000| Untracked 
| 116|0x0000000087400000, 0x0000000087400000, 0x0000000087500000|  0%| F|  |TAMS 0x0000000087400000, 0x0000000087400000| Untracked 
| 117|0x0000000087500000, 0x0000000087500000, 0x0000000087600000|  0%| F|  |TAMS 0x0000000087500000, 0x0000000087500000| Untracked 
| 118|0x0000000087600000, 0x0000000087600000, 0x0000000087700000|  0%| F|  |TAMS 0x0000000087600000, 0x0000000087600000| Untracked 
| 119|0x0000000087700000, 0x0000000087700000, 0x0000000087800000|  0%| F|  |TAMS 0x0000000087700000, 0x0000000087700000| Untracked 
| 120|0x0000000087800000, 0x0000000087800000, 0x0000000087900000|  0%| F|  |TAMS 0x0000000087800000, 0x0000000087800000| Untracked 
| 121|0x0000000087900000, 0x0000000087900000, 0x0000000087a00000|  0%| F|  |TAMS 0x0000000087900000, 0x0000000087900000| Untracked 
| 122|0x0000000087a00000, 0x0000000087a00000, 0x0000000087b00000|  0%| F|  |TAMS 0x0000000087a00000, 0x0000000087a00000| Untracked 
| 123|0x0000000087b00000, 0x0000000087b00000, 0x0000000087c00000|  0%| F|  |TAMS 0x0000000087b00000, 0x0000000087b00000| Untracked 
| 124|0x0000000087c00000, 0x0000000087c00000, 0x0000000087d00000|  0%| F|  |TAMS 0x0000000087c00000, 0x0000000087c00000| Untracked 
| 125|0x0000000087d00000, 0x0000000087d00000, 0x0000000087e00000|  0%| F|  |TAMS 0x0000000087d00000, 0x0000000087d00000| Untracked 
| 126|0x0000000087e00000, 0x0000000087e00000, 0x0000000087f00000|  0%| F|  |TAMS 0x0000000087e00000, 0x0000000087e00000| Untracked 
| 127|0x0000000087f00000, 0x0000000087f00000, 0x0000000088000000|  0%| F|  |TAMS 0x0000000087f00000, 0x0000000087f00000| Untracked 
| 128|0x0000000088000000, 0x0000000088000000, 0x0000000088100000|  0%| F|  |TAMS 0x0000000088000000, 0x0000000088000000| Untracked 
| 129|0x0000000088100000, 0x0000000088100000, 0x0000000088200000|  0%| F|  |TAMS 0x0000000088100000, 0x0000000088100000| Untracked 
| 130|0x0000000088200000, 0x0000000088200000, 0x0000000088300000|  0%| F|  |TAMS 0x0000000088200000, 0x0000000088200000| Untracked 
| 131|0x0000000088300000, 0x0000000088300000, 0x0000000088400000|  0%| F|  |TAMS 0x0000000088300000, 0x0000000088300000| Untracked 
| 132|0x0000000088400000, 0x0000000088400000, 0x0000000088500000|  0%| F|  |TAMS 0x0000000088400000, 0x0000000088400000| Untracked 
| 133|0x0000000088500000, 0x0000000088500000, 0x0000000088600000|  0%| F|  |TAMS 0x0000000088500000, 0x0000000088500000| Untracked 
| 134|0x0000000088600000, 0x0000000088600000, 0x0000000088700000|  0%| F|  |TAMS 0x0000000088600000, 0x0000000088600000| Untracked 
| 135|0x0000000088700000, 0x0000000088700000, 0x0000000088800000|  0%| F|  |TAMS 0x0000000088700000, 0x0000000088700000| Untracked 
| 136|0x0000000088800000, 0x0000000088800000, 0x0000000088900000|  0%| F|  |TAMS 0x0000000088800000, 0x0000000088800000| Untracked 
| 137|0x0000000088900000, 0x0000000088900000, 0x0000000088a00000|  0%| F|  |TAMS 0x0000000088900000, 0x0000000088900000| Untracked 
| 138|0x0000000088a00000, 0x0000000088a00000, 0x0000000088b00000|  0%| F|  |TAMS 0x0000000088a00000, 0x0000000088a00000| Untracked 
| 139|0x0000000088b00000, 0x0000000088b00000, 0x0000000088c00000|  0%| F|  |TAMS 0x0000000088b00000, 0x0000000088b00000| Untracked 
| 140|0x0000000088c00000, 0x0000000088c00000, 0x0000000088d00000|  0%| F|  |TAMS 0x0000000088c00000, 0x0000000088c00000| Untracked 
| 141|0x0000000088d00000, 0x0000000088d00000, 0x0000000088e00000|  0%| F|  |TAMS 0x0000000088d00000, 0x0000000088d00000| Untracked 
| 142|0x0000000088e00000, 0x0000000088e00000, 0x0000000088f00000|  0%| F|  |TAMS 0x0000000088e00000, 0x0000000088e00000| Untracked 
| 143|0x0000000088f00000, 0x0000000088f00000, 0x0000000089000000|  0%| F|  |TAMS 0x0000000088f00000, 0x0000000088f00000| Untracked 
| 144|0x0000000089000000, 0x0000000089000000, 0x0000000089100000|  0%| F|  |TAMS 0x0000000089000000, 0x0000000089000000| Untracked 
| 145|0x0000000089100000, 0x0000000089100000, 0x0000000089200000|  0%| F|  |TAMS 0x0000000089100000, 0x0000000089100000| Untracked 
| 146|0x0000000089200000, 0x0000000089200000, 0x0000000089300000|  0%| F|  |TAMS 0x0000000089200000, 0x0000000089200000| Untracked 
| 147|0x0000000089300000, 0x0000000089300000, 0x0000000089400000|  0%| F|  |TAMS 0x0000000089300000, 0x0000000089300000| Untracked 
| 148|0x0000000089400000, 0x0000000089400000, 0x0000000089500000|  0%| F|  |TAMS 0x0000000089400000, 0x0000000089400000| Untracked 
| 149|0x0000000089500000, 0x0000000089500000, 0x0000000089600000|  0%| F|  |TAMS 0x0000000089500000, 0x0000000089500000| Untracked 
| 150|0x0000000089600000, 0x0000000089600000, 0x0000000089700000|  0%| F|  |TAMS 0x0000000089600000, 0x0000000089600000| Untracked 
| 151|0x0000000089700000, 0x0000000089700000, 0x0000000089800000|  0%| F|  |TAMS 0x0000000089700000, 0x0000000089700000| Untracked 
| 152|0x0000000089800000, 0x0000000089800000, 0x0000000089900000|  0%| F|  |TAMS 0x0000000089800000, 0x0000000089800000| Untracked 
| 153|0x0000000089900000, 0x0000000089900000, 0x0000000089a00000|  0%| F|  |TAMS 0x0000000089900000, 0x0000000089900000| Untracked 
| 154|0x0000000089a00000, 0x0000000089a00000, 0x0000000089b00000|  0%| F|  |TAMS 0x0000000089a00000, 0x0000000089a00000| Untracked 
| 155|0x0000000089b00000, 0x0000000089b8fd10, 0x0000000089c00000| 56%| S|  |TAMS 0x0000000089b00000, 0x0000000089b00000| Complete 
| 156|0x0000000089c00000, 0x0000000089d00000, 0x0000000089d00000|100%| S|  |TAMS 0x0000000089c00000, 0x0000000089c00000| Complete 
| 157|0x0000000089d00000, 0x0000000089e00000, 0x0000000089e00000|100%| S|  |TAMS 0x0000000089d00000, 0x0000000089d00000| Complete 
| 158|0x0000000089e00000, 0x0000000089f00000, 0x0000000089f00000|100%| S|  |TAMS 0x0000000089e00000, 0x0000000089e00000| Complete 
| 159|0x0000000089f00000, 0x000000008a000000, 0x000000008a000000|100%| S|  |TAMS 0x0000000089f00000, 0x0000000089f00000| Complete 
| 160|0x000000008a000000, 0x000000008a100000, 0x000000008a100000|100%| S|  |TAMS 0x000000008a000000, 0x000000008a000000| Complete 
| 161|0x000000008a100000, 0x000000008a200000, 0x000000008a200000|100%| S|  |TAMS 0x000000008a100000, 0x000000008a100000| Complete 
| 162|0x000000008a200000, 0x000000008a300000, 0x000000008a300000|100%| S|  |TAMS 0x000000008a200000, 0x000000008a200000| Complete 
| 163|0x000000008a300000, 0x000000008a400000, 0x000000008a400000|100%| S|  |TAMS 0x000000008a300000, 0x000000008a300000| Complete 
| 164|0x000000008a400000, 0x000000008a500000, 0x000000008a500000|100%| E|CS|TAMS 0x000000008a400000, 0x000000008a500000| Complete 
| 165|0x000000008a500000, 0x000000008a600000, 0x000000008a600000|100%| E|CS|TAMS 0x000000008a500000, 0x000000008a600000| Complete 
| 166|0x000000008a600000, 0x000000008a700000, 0x000000008a700000|100%| E|CS|TAMS 0x000000008a600000, 0x000000008a700000| Complete 
| 167|0x000000008a700000, 0x000000008a800000, 0x000000008a800000|100%| E|CS|TAMS 0x000000008a700000, 0x000000008a800000| Complete 
| 168|0x000000008a800000, 0x000000008a900000, 0x000000008a900000|100%| E|CS|TAMS 0x000000008a800000, 0x000000008a900000| Complete 
| 169|0x000000008a900000, 0x000000008aa00000, 0x000000008aa00000|100%| E|CS|TAMS 0x000000008a900000, 0x000000008aa00000| Complete 
| 170|0x000000008aa00000, 0x000000008ab00000, 0x000000008ab00000|100%| E|CS|TAMS 0x000000008aa00000, 0x000000008ab00000| Complete 
| 171|0x000000008ab00000, 0x000000008ac00000, 0x000000008ac00000|100%| E|CS|TAMS 0x000000008ab00000, 0x000000008ac00000| Complete 
| 172|0x000000008ac00000, 0x000000008ad00000, 0x000000008ad00000|100%| E|CS|TAMS 0x000000008ac00000, 0x000000008ad00000| Complete 
| 173|0x000000008ad00000, 0x000000008ae00000, 0x000000008ae00000|100%| E|CS|TAMS 0x000000008ad00000, 0x000000008ae00000| Complete 
| 174|0x000000008ae00000, 0x000000008af00000, 0x000000008af00000|100%| E|CS|TAMS 0x000000008ae00000, 0x000000008af00000| Complete 
| 175|0x000000008af00000, 0x000000008b000000, 0x000000008b000000|100%| E|CS|TAMS 0x000000008af00000, 0x000000008b000000| Complete 
| 176|0x000000008b000000, 0x000000008b100000, 0x000000008b100000|100%| E|CS|TAMS 0x000000008b000000, 0x000000008b100000| Complete 
| 177|0x000000008b100000, 0x000000008b200000, 0x000000008b200000|100%| E|CS|TAMS 0x000000008b100000, 0x000000008b200000| Complete 
| 178|0x000000008b200000, 0x000000008b300000, 0x000000008b300000|100%| E|CS|TAMS 0x000000008b200000, 0x000000008b300000| Complete 
| 179|0x000000008b300000, 0x000000008b400000, 0x000000008b400000|100%| E|CS|TAMS 0x000000008b300000, 0x000000008b400000| Complete 
| 180|0x000000008b400000, 0x000000008b500000, 0x000000008b500000|100%| E|CS|TAMS 0x000000008b400000, 0x000000008b500000| Complete 
| 181|0x000000008b500000, 0x000000008b600000, 0x000000008b600000|100%| E|CS|TAMS 0x000000008b500000, 0x000000008b600000| Complete 
| 182|0x000000008b600000, 0x000000008b700000, 0x000000008b700000|100%| E|CS|TAMS 0x000000008b600000, 0x000000008b700000| Complete 
| 183|0x000000008b700000, 0x000000008b800000, 0x000000008b800000|100%| E|CS|TAMS 0x000000008b700000, 0x000000008b800000| Complete 
| 184|0x000000008b800000, 0x000000008b900000, 0x000000008b900000|100%| E|CS|TAMS 0x000000008b800000, 0x000000008b900000| Complete 
| 185|0x000000008b900000, 0x000000008ba00000, 0x000000008ba00000|100%| E|CS|TAMS 0x000000008b900000, 0x000000008ba00000| Complete 
| 186|0x000000008ba00000, 0x000000008bb00000, 0x000000008bb00000|100%| E|CS|TAMS 0x000000008ba00000, 0x000000008bb00000| Complete 
| 187|0x000000008bb00000, 0x000000008bc00000, 0x000000008bc00000|100%| E|CS|TAMS 0x000000008bb00000, 0x000000008bc00000| Complete 
| 188|0x000000008bc00000, 0x000000008bd00000, 0x000000008bd00000|100%| E|CS|TAMS 0x000000008bc00000, 0x000000008bd00000| Complete 
| 189|0x000000008bd00000, 0x000000008be00000, 0x000000008be00000|100%| E|CS|TAMS 0x000000008bd00000, 0x000000008be00000| Complete 
| 190|0x000000008be00000, 0x000000008bf00000, 0x000000008bf00000|100%| E|CS|TAMS 0x000000008be00000, 0x000000008bf00000| Complete 
| 191|0x000000008bf00000, 0x000000008c000000, 0x000000008c000000|100%| E|CS|TAMS 0x000000008bf00000, 0x000000008c000000| Complete 
| 192|0x000000008c000000, 0x000000008c100000, 0x000000008c100000|100%| E|CS|TAMS 0x000000008c000000, 0x000000008c100000| Complete 
| 193|0x000000008c100000, 0x000000008c200000, 0x000000008c200000|100%| E|CS|TAMS 0x000000008c100000, 0x000000008c200000| Complete 
| 194|0x000000008c200000, 0x000000008c300000, 0x000000008c300000|100%| E|CS|TAMS 0x000000008c200000, 0x000000008c300000| Complete 
| 195|0x000000008c300000, 0x000000008c400000, 0x000000008c400000|100%| E|CS|TAMS 0x000000008c300000, 0x000000008c400000| Complete 
| 196|0x000000008c400000, 0x000000008c500000, 0x000000008c500000|100%| E|CS|TAMS 0x000000008c400000, 0x000000008c500000| Complete 
| 197|0x000000008c500000, 0x000000008c600000, 0x000000008c600000|100%| E|CS|TAMS 0x000000008c500000, 0x000000008c600000| Complete 
| 198|0x000000008c600000, 0x000000008c700000, 0x000000008c700000|100%| E|CS|TAMS 0x000000008c600000, 0x000000008c700000| Complete 
| 199|0x000000008c700000, 0x000000008c800000, 0x000000008c800000|100%| E|CS|TAMS 0x000000008c700000, 0x000000008c800000| Complete 
| 200|0x000000008c800000, 0x000000008c900000, 0x000000008c900000|100%| E|CS|TAMS 0x000000008c800000, 0x000000008c900000| Complete 
| 201|0x000000008c900000, 0x000000008ca00000, 0x000000008ca00000|100%| E|CS|TAMS 0x000000008c900000, 0x000000008ca00000| Complete 
| 202|0x000000008ca00000, 0x000000008cb00000, 0x000000008cb00000|100%| E|CS|TAMS 0x000000008ca00000, 0x000000008cb00000| Complete 
| 203|0x000000008cb00000, 0x000000008cc00000, 0x000000008cc00000|100%| E|CS|TAMS 0x000000008cb00000, 0x000000008cc00000| Complete 
| 204|0x000000008cc00000, 0x000000008cd00000, 0x000000008cd00000|100%| E|CS|TAMS 0x000000008cc00000, 0x000000008cd00000| Complete 
| 205|0x000000008cd00000, 0x000000008ce00000, 0x000000008ce00000|100%| E|CS|TAMS 0x000000008cd00000, 0x000000008ce00000| Complete 
| 206|0x000000008ce00000, 0x000000008cf00000, 0x000000008cf00000|100%| E|CS|TAMS 0x000000008ce00000, 0x000000008cf00000| Complete 
| 207|0x000000008cf00000, 0x000000008d000000, 0x000000008d000000|100%| E|CS|TAMS 0x000000008cf00000, 0x000000008d000000| Complete 
| 208|0x000000008d000000, 0x000000008d100000, 0x000000008d100000|100%| E|CS|TAMS 0x000000008d000000, 0x000000008d100000| Complete 
| 209|0x000000008d100000, 0x000000008d200000, 0x000000008d200000|100%| E|CS|TAMS 0x000000008d100000, 0x000000008d200000| Complete 
| 210|0x000000008d200000, 0x000000008d300000, 0x000000008d300000|100%| E|CS|TAMS 0x000000008d200000, 0x000000008d300000| Complete 
| 211|0x000000008d300000, 0x000000008d400000, 0x000000008d400000|100%| E|CS|TAMS 0x000000008d300000, 0x000000008d400000| Complete 
| 212|0x000000008d400000, 0x000000008d500000, 0x000000008d500000|100%| E|CS|TAMS 0x000000008d400000, 0x000000008d500000| Complete 
| 213|0x000000008d500000, 0x000000008d600000, 0x000000008d600000|100%| E|CS|TAMS 0x000000008d500000, 0x000000008d600000| Complete 
| 214|0x000000008d600000, 0x000000008d700000, 0x000000008d700000|100%| E|CS|TAMS 0x000000008d600000, 0x000000008d700000| Complete 
| 215|0x000000008d700000, 0x000000008d800000, 0x000000008d800000|100%| E|CS|TAMS 0x000000008d700000, 0x000000008d800000| Complete 
| 216|0x000000008d800000, 0x000000008d900000, 0x000000008d900000|100%| E|CS|TAMS 0x000000008d800000, 0x000000008d900000| Complete 
| 217|0x000000008d900000, 0x000000008da00000, 0x000000008da00000|100%| E|CS|TAMS 0x000000008d900000, 0x000000008da00000| Complete 
| 218|0x000000008da00000, 0x000000008db00000, 0x000000008db00000|100%| E|CS|TAMS 0x000000008da00000, 0x000000008db00000| Complete 
| 219|0x000000008db00000, 0x000000008dc00000, 0x000000008dc00000|100%| E|CS|TAMS 0x000000008db00000, 0x000000008dc00000| Complete 
| 220|0x000000008dc00000, 0x000000008dd00000, 0x000000008dd00000|100%| E|CS|TAMS 0x000000008dc00000, 0x000000008dd00000| Complete 
| 221|0x000000008dd00000, 0x000000008de00000, 0x000000008de00000|100%| E|CS|TAMS 0x000000008dd00000, 0x000000008de00000| Complete 
| 222|0x000000008de00000, 0x000000008df00000, 0x000000008df00000|100%| E|CS|TAMS 0x000000008de00000, 0x000000008df00000| Complete 
| 223|0x000000008df00000, 0x000000008e000000, 0x000000008e000000|100%| E|CS|TAMS 0x000000008df00000, 0x000000008e000000| Complete 
| 224|0x000000008e000000, 0x000000008e100000, 0x000000008e100000|100%| E|CS|TAMS 0x000000008e000000, 0x000000008e100000| Complete 
| 225|0x000000008e100000, 0x000000008e200000, 0x000000008e200000|100%| E|CS|TAMS 0x000000008e100000, 0x000000008e200000| Complete 
| 226|0x000000008e200000, 0x000000008e300000, 0x000000008e300000|100%| E|CS|TAMS 0x000000008e200000, 0x000000008e300000| Complete 
| 227|0x000000008e300000, 0x000000008e400000, 0x000000008e400000|100%| E|CS|TAMS 0x000000008e300000, 0x000000008e400000| Complete 
| 228|0x000000008e400000, 0x000000008e500000, 0x000000008e500000|100%| E|CS|TAMS 0x000000008e400000, 0x000000008e500000| Complete 
| 229|0x000000008e500000, 0x000000008e600000, 0x000000008e600000|100%| E|CS|TAMS 0x000000008e500000, 0x000000008e600000| Complete 
| 230|0x000000008e600000, 0x000000008e700000, 0x000000008e700000|100%| E|CS|TAMS 0x000000008e600000, 0x000000008e700000| Complete 
| 231|0x000000008e700000, 0x000000008e800000, 0x000000008e800000|100%| E|CS|TAMS 0x000000008e700000, 0x000000008e800000| Complete 
| 232|0x000000008e800000, 0x000000008e900000, 0x000000008e900000|100%| E|CS|TAMS 0x000000008e800000, 0x000000008e900000| Complete 
| 233|0x000000008e900000, 0x000000008ea00000, 0x000000008ea00000|100%| E|CS|TAMS 0x000000008e900000, 0x000000008ea00000| Complete 
| 234|0x000000008ea00000, 0x000000008eb00000, 0x000000008eb00000|100%| E|CS|TAMS 0x000000008ea00000, 0x000000008eb00000| Complete 
| 235|0x000000008eb00000, 0x000000008ec00000, 0x000000008ec00000|100%| E|CS|TAMS 0x000000008eb00000, 0x000000008ec00000| Complete 
| 236|0x000000008ec00000, 0x000000008ed00000, 0x000000008ed00000|100%| E|CS|TAMS 0x000000008ec00000, 0x000000008ed00000| Complete 
| 237|0x000000008ed00000, 0x000000008ee00000, 0x000000008ee00000|100%| E|CS|TAMS 0x000000008ed00000, 0x000000008ee00000| Complete 
| 238|0x000000008ee00000, 0x000000008ef00000, 0x000000008ef00000|100%| E|CS|TAMS 0x000000008ee00000, 0x000000008ef00000| Complete 
| 239|0x000000008ef00000, 0x000000008f000000, 0x000000008f000000|100%| E|CS|TAMS 0x000000008ef00000, 0x000000008f000000| Complete 
| 240|0x000000008f000000, 0x000000008f100000, 0x000000008f100000|100%| E|CS|TAMS 0x000000008f000000, 0x000000008f100000| Complete 
| 241|0x000000008f100000, 0x000000008f200000, 0x000000008f200000|100%| E|CS|TAMS 0x000000008f100000, 0x000000008f200000| Complete 
| 242|0x000000008f200000, 0x000000008f300000, 0x000000008f300000|100%| E|CS|TAMS 0x000000008f200000, 0x000000008f300000| Complete 
| 243|0x000000008f300000, 0x000000008f400000, 0x000000008f400000|100%| E|CS|TAMS 0x000000008f300000, 0x000000008f400000| Complete 
| 244|0x000000008f400000, 0x000000008f500000, 0x000000008f500000|100%| E|CS|TAMS 0x000000008f400000, 0x000000008f500000| Complete 
| 245|0x000000008f500000, 0x000000008f600000, 0x000000008f600000|100%| E|CS|TAMS 0x000000008f500000, 0x000000008f600000| Complete 
| 246|0x000000008f600000, 0x000000008f700000, 0x000000008f700000|100%| E|CS|TAMS 0x000000008f600000, 0x000000008f700000| Complete 
| 247|0x000000008f700000, 0x000000008f800000, 0x000000008f800000|100%| E|CS|TAMS 0x000000008f700000, 0x000000008f800000| Complete 
| 248|0x000000008f800000, 0x000000008f900000, 0x000000008f900000|100%| E|CS|TAMS 0x000000008f800000, 0x000000008f900000| Complete 
| 249|0x000000008f900000, 0x000000008fa00000, 0x000000008fa00000|100%| E|CS|TAMS 0x000000008f900000, 0x000000008fa00000| Complete 
| 250|0x000000008fa00000, 0x000000008fb00000, 0x000000008fb00000|100%| E|CS|TAMS 0x000000008fa00000, 0x000000008fb00000| Complete 
| 251|0x000000008fb00000, 0x000000008fc00000, 0x000000008fc00000|100%| E|CS|TAMS 0x000000008fb00000, 0x000000008fc00000| Complete 
| 252|0x000000008fc00000, 0x000000008fd00000, 0x000000008fd00000|100%| E|CS|TAMS 0x000000008fc00000, 0x000000008fd00000| Complete 
| 253|0x000000008fd00000, 0x000000008fe00000, 0x000000008fe00000|100%| E|CS|TAMS 0x000000008fd00000, 0x000000008fe00000| Complete 
| 254|0x000000008fe00000, 0x000000008ff00000, 0x000000008ff00000|100%| E|CS|TAMS 0x000000008fe00000, 0x000000008ff00000| Complete 
| 255|0x000000008ff00000, 0x0000000090000000, 0x0000000090000000|100%| E|CS|TAMS 0x000000008ff00000, 0x0000000090000000| Complete 
| 256|0x0000000090000000, 0x0000000090100000, 0x0000000090100000|100%| E|CS|TAMS 0x0000000090000000, 0x0000000090100000| Complete 
| 257|0x0000000090100000, 0x0000000090200000, 0x0000000090200000|100%| E|CS|TAMS 0x0000000090100000, 0x0000000090200000| Complete 
| 258|0x0000000090200000, 0x0000000090300000, 0x0000000090300000|100%| E|CS|TAMS 0x0000000090200000, 0x0000000090300000| Complete 
| 259|0x0000000090300000, 0x0000000090400000, 0x0000000090400000|100%| E|CS|TAMS 0x0000000090300000, 0x0000000090400000| Complete 
| 260|0x0000000090400000, 0x0000000090500000, 0x0000000090500000|100%| E|CS|TAMS 0x0000000090400000, 0x0000000090500000| Complete 
| 261|0x0000000090500000, 0x0000000090600000, 0x0000000090600000|100%| E|CS|TAMS 0x0000000090500000, 0x0000000090600000| Complete 
| 262|0x0000000090600000, 0x0000000090700000, 0x0000000090700000|100%| E|CS|TAMS 0x0000000090600000, 0x0000000090700000| Complete 
| 263|0x0000000090700000, 0x0000000090800000, 0x0000000090800000|100%| E|CS|TAMS 0x0000000090700000, 0x0000000090800000| Complete 
| 264|0x0000000090800000, 0x0000000090900000, 0x0000000090900000|100%| E|CS|TAMS 0x0000000090800000, 0x0000000090900000| Complete 
| 265|0x0000000090900000, 0x0000000090a00000, 0x0000000090a00000|100%| E|CS|TAMS 0x0000000090900000, 0x0000000090a00000| Complete 
| 266|0x0000000090a00000, 0x0000000090b00000, 0x0000000090b00000|100%| E|CS|TAMS 0x0000000090a00000, 0x0000000090b00000| Complete 
| 267|0x0000000090b00000, 0x0000000090c00000, 0x0000000090c00000|100%| E|CS|TAMS 0x0000000090b00000, 0x0000000090c00000| Complete 
| 268|0x0000000090c00000, 0x0000000090d00000, 0x0000000090d00000|100%| E|CS|TAMS 0x0000000090c00000, 0x0000000090d00000| Complete 
| 269|0x0000000090d00000, 0x0000000090e00000, 0x0000000090e00000|100%| E|CS|TAMS 0x0000000090d00000, 0x0000000090e00000| Complete 
| 270|0x0000000090e00000, 0x0000000090f00000, 0x0000000090f00000|100%| E|CS|TAMS 0x0000000090e00000, 0x0000000090f00000| Complete 
| 271|0x0000000090f00000, 0x0000000091000000, 0x0000000091000000|100%| E|CS|TAMS 0x0000000090f00000, 0x0000000091000000| Complete 
| 272|0x0000000091000000, 0x0000000091100000, 0x0000000091100000|100%| E|CS|TAMS 0x0000000091000000, 0x0000000091100000| Complete 
| 273|0x0000000091100000, 0x0000000091200000, 0x0000000091200000|100%| E|CS|TAMS 0x0000000091100000, 0x0000000091200000| Complete 
| 274|0x0000000091200000, 0x0000000091300000, 0x0000000091300000|100%| E|CS|TAMS 0x0000000091200000, 0x0000000091300000| Complete 
| 275|0x0000000091300000, 0x0000000091400000, 0x0000000091400000|100%| E|CS|TAMS 0x0000000091300000, 0x0000000091400000| Complete 
| 276|0x0000000091400000, 0x0000000091500000, 0x0000000091500000|100%| E|CS|TAMS 0x0000000091400000, 0x0000000091500000| Complete 
| 277|0x0000000091500000, 0x0000000091600000, 0x0000000091600000|100%| E|CS|TAMS 0x0000000091500000, 0x0000000091600000| Complete 
| 278|0x0000000091600000, 0x0000000091700000, 0x0000000091700000|100%| E|CS|TAMS 0x0000000091600000, 0x0000000091700000| Complete 
| 279|0x0000000091700000, 0x0000000091800000, 0x0000000091800000|100%| E|CS|TAMS 0x0000000091700000, 0x0000000091800000| Complete 
| 280|0x0000000091800000, 0x0000000091900000, 0x0000000091900000|100%| E|CS|TAMS 0x0000000091800000, 0x0000000091900000| Complete 
| 281|0x0000000091900000, 0x0000000091a00000, 0x0000000091a00000|100%| E|CS|TAMS 0x0000000091900000, 0x0000000091a00000| Complete 
| 282|0x0000000091a00000, 0x0000000091b00000, 0x0000000091b00000|100%| E|CS|TAMS 0x0000000091a00000, 0x0000000091b00000| Complete 
| 283|0x0000000091b00000, 0x0000000091c00000, 0x0000000091c00000|100%| E|CS|TAMS 0x0000000091b00000, 0x0000000091c00000| Complete 
| 284|0x0000000091c00000, 0x0000000091ccf7e0, 0x0000000091d00000| 81%| E|CS|TAMS 0x0000000091c00000, 0x0000000091ccf7e0| Complete 
| 285|0x0000000091d00000, 0x0000000091e00000, 0x0000000091e00000|100%| E|CS|TAMS 0x0000000091d00000, 0x0000000091e00000| Complete 
| 286|0x0000000091e00000, 0x0000000091f00000, 0x0000000091f00000|100%| E|CS|TAMS 0x0000000091e00000, 0x0000000091f00000| Complete 

Card table byte_map: [0x00000224e6cd0000,0x00000224e70d0000] _byte_map_base: 0x00000224e68d0000

Marking Bits (Prev, Next): (CMBitMap*) 0x00000224d3eff250, (CMBitMap*) 0x00000224d3eff290
 Prev Bits: [0x00000224e74d0000, 0x00000224e94d0000)
 Next Bits: [0x00000224e94d0000, 0x00000224eb4d0000)

Polling page: 0x00000224d1e20000

Metaspace:

Usage:
  Non-class:     88.37 MB used.
      Class:     14.52 MB used.
       Both:    102.90 MB used.

Virtual space:
  Non-class space:      128.00 MB reserved,      88.81 MB ( 69%) committed,  2 nodes.
      Class space:        1.00 GB reserved,      14.88 MB (  1%) committed,  1 nodes.
             Both:        1.12 GB reserved,     103.69 MB (  9%) committed. 

Chunk freelists:
   Non-Class:  7.22 MB
       Class:  1.14 MB
        Both:  8.36 MB

MaxMetaspaceSize: unlimited
CompressedClassSpaceSize: 1.00 GB
Initial GC threshold: 21.00 MB
Current GC threshold: 148.69 MB
CDS: off
MetaspaceReclaimPolicy: balanced
 - commit_granule_bytes: 65536.
 - commit_granule_words: 8192.
 - virtual_space_node_default_size: 8388608.
 - enlarge_chunks_in_place: 1.
 - new_chunks_are_fully_committed: 0.
 - uncommit_free_chunks: 1.
 - use_allocation_guard: 0.
 - handle_deallocations: 1.


Internal statistics:

num_allocs_failed_limit: 6.
num_arena_births: 1178.
num_arena_deaths: 0.
num_vsnodes_births: 3.
num_vsnodes_deaths: 0.
num_space_committed: 1659.
num_space_uncommitted: 0.
num_chunks_returned_to_freelist: 6.
num_chunks_taken_from_freelist: 5362.
num_chunk_merges: 6.
num_chunk_splits: 3426.
num_chunks_enlarged: 2218.
num_inconsistent_stats: 0.

CodeHeap 'non-profiled nmethods': size=120000Kb used=6641Kb max_used=6641Kb free=113358Kb
 bounds [0x00000224dee50000, 0x00000224df4d0000, 0x00000224e6380000]
CodeHeap 'profiled nmethods': size=120000Kb used=19238Kb max_used=19238Kb free=100761Kb
 bounds [0x00000224d7380000, 0x00000224d8650000, 0x00000224de8b0000]
CodeHeap 'non-nmethods': size=5760Kb used=1721Kb max_used=1831Kb free=4038Kb
 bounds [0x00000224de8b0000, 0x00000224deb20000, 0x00000224dee50000]
 total_blobs=10907 nmethods=10093 adapters=724
 compilation: enabled
              stopped_count=0, restarted_count=0
 full_count=0

Compilation events (20 events):
Event: 8.071 Thread 0x00000224ee3426e0 nmethod 11655 0x00000224d8645d10 code [0x00000224d8645ec0, 0x00000224d8646008]
Event: 8.071 Thread 0x00000224ee3426e0 11654       1       org.gradle.api.tasks.util.internal.CachingPatternSpecFactory$CachingSpec::access$300 (5 bytes)
Event: 8.071 Thread 0x00000224ee3426e0 nmethod 11654 0x00000224df4cbb90 code [0x00000224df4cbd20, 0x00000224df4cbdd8]
Event: 8.071 Thread 0x00000224ee3426e0 11656       1       org.gradle.api.file.RelativePath::getSegments (5 bytes)
Event: 8.071 Thread 0x00000224ee3426e0 nmethod 11656 0x00000224df4cbe90 code [0x00000224df4cc020, 0x00000224df4cc0f8]
Event: 8.071 Thread 0x00000224ee3426e0 11657       1       org.gradle.api.file.RelativePath::isFile (5 bytes)
Event: 8.071 Thread 0x00000224ee3426e0 nmethod 11657 0x00000224df4cc190 code [0x00000224df4cc320, 0x00000224df4cc3f8]
Event: 8.071 Thread 0x00000224ee3426e0 11658       3       org.gradle.api.internal.file.pattern.PatternMatcher$Or::test (47 bytes)
Event: 8.072 Thread 0x00000224ee3426e0 nmethod 11658 0x00000224d8646110 code [0x00000224d8646300, 0x00000224d8646918]
Event: 8.072 Thread 0x00000224ee3426e0 11659       3       org.gradle.internal.io.StreamByteBuffer::prepareRead (102 bytes)
Event: 8.072 Thread 0x00000224ee3426e0 nmethod 11659 0x00000224d8646b10 code [0x00000224d8646d20, 0x00000224d8647578]
Event: 8.074 Thread 0x00000224ee3426e0 11660       3       org.gradle.internal.snapshot.CompositeFileSystemSnapshot::of (56 bytes)
Event: 8.074 Thread 0x00000224ee3426e0 nmethod 11660 0x00000224d8647810 code [0x00000224d8647a00, 0x00000224d8647fe8]
Event: 8.074 Thread 0x00000224ee3426e0 11661       3       com.google.common.collect.ImmutableSortedMap$Builder::put (9 bytes)
Event: 8.074 Thread 0x00000224ee3426e0 nmethod 11661 0x00000224d8648190 code [0x00000224d8648320, 0x00000224d8648468]
Event: 8.074 Thread 0x00000224ee3426e0 11662   !   3       org.gradle.cache.internal.InMemoryDecoratedCache::get (44 bytes)
Event: 8.075 Thread 0x00000224ee3426e0 nmethod 11662 0x00000224d8648510 code [0x00000224d8648740, 0x00000224d8649128]
Event: 8.076 Thread 0x00000224ee3426e0 11663       3       org.gradle.internal.io.StreamByteBuffer$StreamByteBufferInputStream::readImpl (150 bytes)
Event: 8.077 Thread 0x00000224ee3426e0 nmethod 11663 0x00000224d8649510 code [0x00000224d8649740, 0x00000224d8649f08]
Event: 8.077 Thread 0x00000224ee3426e0 11664   !   2       org.gradle.cache.internal.LockOnDemandCrossProcessCacheAccess::incrementLockCount (193 bytes)

GC Heap History (20 events):
Event: 4.447 GC heap after
{Heap after GC invocations=27 (full 0):
 garbage-first heap   total 214016K, used 73093K [0x0000000080000000, 0x0000000100000000)
  region size 1024K, 1 young (1024K), 1 survivors (1024K)
 Metaspace       used 68814K, committed 69504K, reserved 1114112K
  class space    used 9407K, committed 9728K, reserved 1048576K
}
Event: 4.775 GC heap before
{Heap before GC invocations=27 (full 0):
 garbage-first heap   total 214016K, used 120197K [0x0000000080000000, 0x0000000100000000)
  region size 1024K, 48 young (49152K), 1 survivors (1024K)
 Metaspace       used 73080K, committed 73664K, reserved 1114112K
  class space    used 9967K, committed 10240K, reserved 1048576K
}
Event: 4.777 GC heap after
{Heap after GC invocations=28 (full 0):
 garbage-first heap   total 214016K, used 75759K [0x0000000080000000, 0x0000000100000000)
  region size 1024K, 4 young (4096K), 4 survivors (4096K)
 Metaspace       used 73080K, committed 73664K, reserved 1114112K
  class space    used 9967K, committed 10240K, reserved 1048576K
}
Event: 5.168 GC heap before
{Heap before GC invocations=29 (full 0):
 garbage-first heap   total 214016K, used 143343K [0x0000000080000000, 0x0000000100000000)
  region size 1024K, 66 young (67584K), 4 survivors (4096K)
 Metaspace       used 78887K, committed 79552K, reserved 1179648K
  class space    used 10791K, committed 11136K, reserved 1048576K
}
Event: 5.171 GC heap after
{Heap after GC invocations=30 (full 0):
 garbage-first heap   total 214016K, used 82970K [0x0000000080000000, 0x0000000100000000)
  region size 1024K, 7 young (7168K), 7 survivors (7168K)
 Metaspace       used 78887K, committed 79552K, reserved 1179648K
  class space    used 10791K, committed 11136K, reserved 1048576K
}
Event: 5.204 GC heap before
{Heap before GC invocations=30 (full 0):
 garbage-first heap   total 214016K, used 86042K [0x0000000080000000, 0x0000000100000000)
  region size 1024K, 10 young (10240K), 7 survivors (7168K)
 Metaspace       used 79078K, committed 79744K, reserved 1179648K
  class space    used 10818K, committed 11136K, reserved 1048576K
}
Event: 5.207 GC heap after
{Heap after GC invocations=31 (full 0):
 garbage-first heap   total 214016K, used 83231K [0x0000000080000000, 0x0000000100000000)
  region size 1024K, 1 young (1024K), 1 survivors (1024K)
 Metaspace       used 79078K, committed 79744K, reserved 1179648K
  class space    used 10818K, committed 11136K, reserved 1048576K
}
Event: 5.515 GC heap before
{Heap before GC invocations=31 (full 0):
 garbage-first heap   total 214016K, used 147743K [0x0000000080000000, 0x0000000100000000)
  region size 1024K, 64 young (65536K), 1 survivors (1024K)
 Metaspace       used 81249K, committed 81920K, reserved 1179648K
  class space    used 11095K, committed 11392K, reserved 1048576K
}
Event: 5.518 GC heap after
{Heap after GC invocations=32 (full 0):
 garbage-first heap   total 214016K, used 87443K [0x0000000080000000, 0x0000000100000000)
  region size 1024K, 6 young (6144K), 6 survivors (6144K)
 Metaspace       used 81249K, committed 81920K, reserved 1179648K
  class space    used 11095K, committed 11392K, reserved 1048576K
}
Event: 5.919 GC heap before
{Heap before GC invocations=33 (full 0):
 garbage-first heap   total 214016K, used 155027K [0x0000000080000000, 0x0000000100000000)
  region size 1024K, 72 young (73728K), 6 survivors (6144K)
 Metaspace       used 85874K, committed 86464K, reserved 1179648K
  class space    used 11933K, committed 12224K, reserved 1048576K
}
Event: 5.922 GC heap after
{Heap after GC invocations=34 (full 0):
 garbage-first heap   total 214016K, used 90135K [0x0000000080000000, 0x0000000100000000)
  region size 1024K, 3 young (3072K), 3 survivors (3072K)
 Metaspace       used 85874K, committed 86464K, reserved 1179648K
  class space    used 11933K, committed 12224K, reserved 1048576K
}
Event: 5.971 GC heap before
{Heap before GC invocations=34 (full 0):
 garbage-first heap   total 214016K, used 97303K [0x0000000080000000, 0x0000000100000000)
  region size 1024K, 10 young (10240K), 3 survivors (3072K)
 Metaspace       used 86415K, committed 87040K, reserved 1179648K
  class space    used 12017K, committed 12352K, reserved 1048576K
}
Event: 5.972 GC heap after
{Heap after GC invocations=35 (full 0):
 garbage-first heap   total 214016K, used 89866K [0x0000000080000000, 0x0000000100000000)
  region size 1024K, 1 young (1024K), 1 survivors (1024K)
 Metaspace       used 86415K, committed 87040K, reserved 1179648K
  class space    used 12017K, committed 12352K, reserved 1048576K
}
Event: 6.413 GC heap before
{Heap before GC invocations=35 (full 0):
 garbage-first heap   total 214016K, used 161546K [0x0000000080000000, 0x0000000100000000)
  region size 1024K, 71 young (72704K), 1 survivors (1024K)
 Metaspace       used 90639K, committed 91328K, reserved 1179648K
  class space    used 12636K, committed 12992K, reserved 1048576K
}
Event: 6.417 GC heap after
{Heap after GC invocations=36 (full 0):
 garbage-first heap   total 293888K, used 94803K [0x0000000080000000, 0x0000000100000000)
  region size 1024K, 6 young (6144K), 6 survivors (6144K)
 Metaspace       used 90639K, committed 91328K, reserved 1179648K
  class space    used 12636K, committed 12992K, reserved 1048576K
}
Event: 7.222 GC heap before
{Heap before GC invocations=37 (full 0):
 garbage-first heap   total 293888K, used 228947K [0x0000000080000000, 0x0000000100000000)
  region size 1024K, 137 young (140288K), 6 survivors (6144K)
 Metaspace       used 96992K, committed 97664K, reserved 1179648K
  class space    used 13638K, committed 13952K, reserved 1048576K
}
Event: 7.227 GC heap after
{Heap after GC invocations=38 (full 0):
 garbage-first heap   total 293888K, used 102070K [0x0000000080000000, 0x0000000100000000)
  region size 1024K, 13 young (13312K), 13 survivors (13312K)
 Metaspace       used 96992K, committed 97664K, reserved 1179648K
  class space    used 13638K, committed 13952K, reserved 1048576K
}
Event: 7.234 GC heap before
{Heap before GC invocations=38 (full 0):
 garbage-first heap   total 293888K, used 102070K [0x0000000080000000, 0x0000000100000000)
  region size 1024K, 14 young (14336K), 13 survivors (13312K)
 Metaspace       used 97095K, committed 97792K, reserved 1179648K
  class space    used 13661K, committed 14016K, reserved 1048576K
}
Event: 7.239 GC heap after
{Heap after GC invocations=39 (full 0):
 garbage-first heap   total 293888K, used 102669K [0x0000000080000000, 0x0000000100000000)
  region size 1024K, 2 young (2048K), 2 survivors (2048K)
 Metaspace       used 97095K, committed 97792K, reserved 1179648K
  class space    used 13661K, committed 14016K, reserved 1048576K
}
Event: 8.077 GC heap before
{Heap before GC invocations=39 (full 0):
 garbage-first heap   total 293888K, used 226573K [0x0000000080000000, 0x0000000100000000)
  region size 1024K, 123 young (125952K), 2 survivors (2048K)
 Metaspace       used 105366K, committed 106176K, reserved 1179648K
  class space    used 14873K, committed 15232K, reserved 1048576K
}

Dll operation events (3 events):
Event: 0.003 Loaded shared library E:\Android\AndroidStudio\jbr\bin\java.dll
Event: 0.087 Loaded shared library E:\Android\AndroidStudio\jbr\bin\zip.dll
Event: 0.215 Loaded shared library E:\Android\AndroidStudio\jbr\bin\verify.dll

Deoptimization events (20 events):
Event: 8.049 Thread 0x00000224f54f6d10 Uncommon trap: trap_request=0xffffffc6 fr.pc=0x00000224df237088 relative=0x0000000000000b68
Event: 8.049 Thread 0x00000224f54f6d10 Uncommon trap: reason=bimorphic_or_optimized_type_check action=maybe_recompile pc=0x00000224df237088 method=java.io.BufferedInputStream.read1([BII)I @ 39 c2
Event: 8.049 Thread 0x00000224f54f6d10 DEOPT PACKING pc=0x00000224df237088 sp=0x000000ae9f9fe310
Event: 8.049 Thread 0x00000224f54f6d10 DEOPT UNPACKING pc=0x00000224de9069a3 sp=0x000000ae9f9fe0b8 mode 2
Event: 8.049 Thread 0x00000224f54f6d10 Uncommon trap: trap_request=0xffffff45 fr.pc=0x00000224df349628 relative=0x0000000000000248
Event: 8.049 Thread 0x00000224f54f6d10 Uncommon trap: reason=unstable_if action=reinterpret pc=0x00000224df349628 method=org.gradle.internal.io.StreamByteBuffer.prepareRead()I @ 20 c2
Event: 8.049 Thread 0x00000224f54f6d10 DEOPT PACKING pc=0x00000224df349628 sp=0x000000ae9f9fe0f0
Event: 8.049 Thread 0x00000224f54f6d10 DEOPT UNPACKING pc=0x00000224de9069a3 sp=0x000000ae9f9fe030 mode 2
Event: 8.052 Thread 0x00000224f54f6d10 Uncommon trap: trap_request=0xffffff45 fr.pc=0x00000224df1b41f4 relative=0x0000000000000054
Event: 8.052 Thread 0x00000224f54f6d10 Uncommon trap: reason=unstable_if action=reinterpret pc=0x00000224df1b41f4 method=org.gradle.internal.io.StreamByteBuffer.prepareRead()I @ 20 c2
Event: 8.052 Thread 0x00000224f54f6d10 DEOPT PACKING pc=0x00000224df1b41f4 sp=0x000000ae9f9fddc0
Event: 8.052 Thread 0x00000224f54f6d10 DEOPT UNPACKING pc=0x00000224de9069a3 sp=0x000000ae9f9fdd78 mode 2
Event: 8.060 Thread 0x00000224f9c1d2f0 Uncommon trap: trap_request=0xffffff45 fr.pc=0x00000224df284e28 relative=0x0000000000000868
Event: 8.060 Thread 0x00000224f9c1d2f0 Uncommon trap: reason=unstable_if action=reinterpret pc=0x00000224df284e28 method=java.lang.ThreadLocal$ThreadLocalMap.set(Ljava/lang/ThreadLocal;Ljava/lang/Object;)V @ 125 c2
Event: 8.060 Thread 0x00000224f9c1d2f0 DEOPT PACKING pc=0x00000224df284e28 sp=0x000000ae9edf89e0
Event: 8.060 Thread 0x00000224f9c1d2f0 DEOPT UNPACKING pc=0x00000224de9069a3 sp=0x000000ae9edf8928 mode 2
Event: 8.065 Thread 0x00000224f9c1d2f0 Uncommon trap: trap_request=0xffffff45 fr.pc=0x00000224df183188 relative=0x00000000000005c8
Event: 8.065 Thread 0x00000224f9c1d2f0 Uncommon trap: reason=unstable_if action=reinterpret pc=0x00000224df183188 method=java.lang.String.regionMatches(ZILjava/lang/String;II)Z @ 1 c2
Event: 8.065 Thread 0x00000224f9c1d2f0 DEOPT PACKING pc=0x00000224df183188 sp=0x000000ae9edf9b00
Event: 8.065 Thread 0x00000224f9c1d2f0 DEOPT UNPACKING pc=0x00000224de9069a3 sp=0x000000ae9edf9aa8 mode 2

Classes unloaded (0 events):
No events

Classes redefined (0 events):
No events

Internal exceptions (20 events):
Event: 7.799 Thread 0x00000224f416d350 Implicit null exception at 0x00000224df46ca10 to 0x00000224df46cae4
Event: 7.811 Thread 0x00000224f416d350 Implicit null exception at 0x00000224df46d112 to 0x00000224df46d1f6
Event: 7.912 Thread 0x00000224f416d350 Implicit null exception at 0x00000224df48aee9 to 0x00000224df48b65c
Event: 7.912 Thread 0x00000224f416d350 Implicit null exception at 0x00000224df489956 to 0x00000224df48a34c
Event: 7.959 Thread 0x00000224f416d350 Exception <a 'java/lang/NoSuchMethodError'{0x000000008b7c5200}: 'void java.lang.invoke.DirectMethodHandle$Holder.invokeSpecial(java.lang.Object, java.lang.Object, java.lang.Object, java.lang.Object, int, java.lang.Object, java.lang.Object)'> (0x000000008b7c5200) 
thrown [s\src\hotspot\share\interpreter\linkResolver.cpp, line 771]
Event: 7.970 Thread 0x00000224f416d350 Implicit null exception at 0x00000224df494849 to 0x00000224df49cf64
Event: 8.013 Thread 0x00000224f349b770 Exception <a 'java/lang/NoSuchMethodError'{0x000000008acaa920}: static Lorg/gradle/internal/build/event/types/DefaultTaskStartedProgressEvent;.<clinit>()V> (0x000000008acaa920) 
thrown [s\src\hotspot\share\prims\jni.cpp, line 1108]
Event: 8.014 Thread 0x00000224f349b770 Exception <a 'java/lang/NoSuchMethodError'{0x000000008acb6e98}: static Lorg/gradle/internal/build/event/types/DefaultTaskDescriptor;.<clinit>()V> (0x000000008acb6e98) 
thrown [s\src\hotspot\share\prims\jni.cpp, line 1108]
Event: 8.016 Thread 0x00000224f349b770 Exception <a 'java/lang/NoSuchMethodError'{0x000000008abae200}: static Lorg/gradle/internal/build/event/types/DefaultTaskFinishedProgressEvent;.<clinit>()V> (0x000000008abae200) 
thrown [s\src\hotspot\share\prims\jni.cpp, line 1108]
Event: 8.017 Thread 0x00000224f349b770 Exception <a 'java/lang/NoSuchMethodError'{0x000000008abc3d50}: static Lorg/gradle/internal/build/event/types/DefaultTaskSuccessResult;.<clinit>()V> (0x000000008abc3d50) 
thrown [s\src\hotspot\share\prims\jni.cpp, line 1108]
Event: 8.017 Thread 0x00000224f349b770 Exception <a 'java/lang/NoSuchMethodError'{0x000000008abc5458}: static Lorg/gradle/internal/build/event/types/AbstractTaskResult;.<clinit>()V> (0x000000008abc5458) 
thrown [s\src\hotspot\share\prims\jni.cpp, line 1108]
Event: 8.024 Thread 0x00000224f9c1d2f0 Exception <a 'java/lang/NoSuchMethodError'{0x000000008ace6390}: 'void java.lang.invoke.DirectMethodHandle$Holder.invokeInterface(java.lang.Object, java.lang.Object, java.lang.Object, java.lang.Object)'> (0x000000008ace6390) 
thrown [s\src\hotspot\share\interpreter\linkResolver.cpp, line 771]
Event: 8.027 Thread 0x00000224f718d5a0 Exception <a 'java/lang/NoSuchMethodError'{0x000000008ab88800}: static Lcom/android/buildanalyzer/common/AndroidGradlePluginAttributionData$BuildInfo;.<clinit>()V> (0x000000008ab88800) 
thrown [s\src\hotspot\share\prims\jni.cpp, line 1108]
Event: 8.029 Thread 0x00000224f718d5a0 Exception <a 'java/lang/NoSuchMethodError'{0x000000008ab9fd38}: static Lcom/android/buildanalyzer/common/AndroidGradlePluginAttributionData$JavaInfo;.<clinit>()V> (0x000000008ab9fd38) 
thrown [s\src\hotspot\share\prims\jni.cpp, line 1108]
Event: 8.030 Thread 0x00000224f718d5a0 Exception <a 'java/lang/NoSuchMethodError'{0x000000008a812f48}: static [Ljava/lang/String;.<clinit>()V> (0x000000008a812f48) 
thrown [s\src\hotspot\share\prims\jni.cpp, line 1108]
Event: 8.031 Thread 0x00000224f718d5a0 Exception <a 'java/lang/NoSuchMethodError'{0x000000008a81f6e8}: static Lcom/android/buildanalyzer/common/AndroidGradlePluginAttributionData$TaskInfo;.<clinit>()V> (0x000000008a81f6e8) 
thrown [s\src\hotspot\share\prims\jni.cpp, line 1108]
Event: 8.032 Thread 0x00000224f718d5a0 Exception <a 'java/lang/NoSuchMethodError'{0x000000008a82ca50}: static Lcom/android/buildanalyzer/common/AndroidGradlePluginAttributionData$TaskCategoryInfo;.<clinit>()V> (0x000000008a82ca50) 
thrown [s\src\hotspot\share\prims\jni.cpp, line 1108]
Event: 8.033 Thread 0x00000224f9c1d2f0 Exception <a 'sun/nio/fs/WindowsException'{0x000000008a96a1c8}> (0x000000008a96a1c8) 
thrown [s\src\hotspot\share\prims\jni.cpp, line 517]
Event: 8.044 Thread 0x00000224f349b770 Exception <a 'java/lang/NoSuchMethodError'{0x000000008a659168}: static Lorg/gradle/internal/build/event/types/DefaultTaskSkippedResult;.<clinit>()V> (0x000000008a659168) 
thrown [s\src\hotspot\share\prims\jni.cpp, line 1108]
Event: 8.058 Thread 0x00000224f9c1d2f0 Exception <a 'java/lang/NoSuchMethodError'{0x000000008a67ee10}: 'int java.lang.invoke.DirectMethodHandle$Holder.invokeSpecial(java.lang.Object, java.lang.Object, java.lang.Object, java.lang.Object, java.lang.Object)'> (0x000000008a67ee10) 
thrown [s\src\hotspot\share\interpreter\linkResolver.cpp, line 771]

VM Operations (20 events):
Event: 7.930 Executing VM operation: HandshakeAllThreads done
Event: 7.951 Executing VM operation: ICBufferFull
Event: 7.951 Executing VM operation: ICBufferFull done
Event: 7.972 Executing VM operation: HandshakeAllThreads
Event: 7.972 Executing VM operation: HandshakeAllThreads done
Event: 7.985 Executing VM operation: HandshakeAllThreads
Event: 7.985 Executing VM operation: HandshakeAllThreads done
Event: 8.022 Executing VM operation: HandshakeAllThreads
Event: 8.022 Executing VM operation: HandshakeAllThreads done
Event: 8.034 Executing VM operation: HandshakeAllThreads
Event: 8.034 Executing VM operation: HandshakeAllThreads done
Event: 8.035 Executing VM operation: HandshakeAllThreads
Event: 8.035 Executing VM operation: HandshakeAllThreads done
Event: 8.057 Executing VM operation: HandshakeAllThreads
Event: 8.057 Executing VM operation: HandshakeAllThreads done
Event: 8.060 Executing VM operation: ICBufferFull
Event: 8.060 Executing VM operation: ICBufferFull done
Event: 8.063 Executing VM operation: HandshakeAllThreads
Event: 8.064 Executing VM operation: HandshakeAllThreads done
Event: 8.077 Executing VM operation: G1CollectForAllocation

Events (20 events):
Event: 7.979 Thread 0x00000224f349d0c0 Thread added: 0x00000224f349d0c0
Event: 7.979 Thread 0x00000224f349a840 Thread added: 0x00000224f349a840
Event: 7.979 Thread 0x00000224f718d090 Thread added: 0x00000224f718d090
Event: 7.979 Thread 0x00000224f54f58d0 Thread added: 0x00000224f54f58d0
Event: 7.979 Thread 0x00000224f54f9fb0 Thread added: 0x00000224f54f9fb0
Event: 7.979 Thread 0x00000224f54f9590 Thread added: 0x00000224f54f9590
Event: 7.979 Thread 0x00000224f54f62f0 Thread added: 0x00000224f54f62f0
Event: 7.979 Thread 0x00000224f54f7c40 Thread added: 0x00000224f54f7c40
Event: 7.979 Thread 0x00000224f54fb900 Thread added: 0x00000224f54fb900
Event: 8.005 Thread 0x00000224f54f6d10 Thread added: 0x00000224f54f6d10
Event: 8.053 loading class java/util/stream/ReferencePipeline$4
Event: 8.053 loading class java/util/stream/ReferencePipeline$4 done
Event: 8.053 loading class java/util/function/IntBinaryOperator
Event: 8.053 loading class java/util/function/IntBinaryOperator done
Event: 8.053 loading class java/util/stream/ReduceOps$6
Event: 8.053 loading class java/util/stream/ReduceOps$6 done
Event: 8.053 loading class java/util/stream/ReduceOps$5ReducingSink
Event: 8.053 loading class java/util/stream/ReduceOps$5ReducingSink done
Event: 8.053 loading class java/util/stream/ReferencePipeline$4$1
Event: 8.053 loading class java/util/stream/ReferencePipeline$4$1 done


Dynamic libraries:
0x00007ff7f19a0000 - 0x00007ff7f19aa000 	E:\Android\AndroidStudio\jbr\bin\java.exe
0x00007ffa82dd0000 - 0x00007ffa82fc8000 	C:\WINDOWS\SYSTEM32\ntdll.dll
0x00007ffa812c0000 - 0x00007ffa81381000 	C:\WINDOWS\System32\KERNEL32.DLL
0x00007ffa806c0000 - 0x00007ffa809bd000 	C:\WINDOWS\System32\KERNELBASE.dll
0x00007ffa80b70000 - 0x00007ffa80c70000 	C:\WINDOWS\System32\ucrtbase.dll
0x00007ffa559d0000 - 0x00007ffa559e7000 	E:\Android\AndroidStudio\jbr\bin\jli.dll
0x00007ffa6e640000 - 0x00007ffa6e65b000 	E:\Android\AndroidStudio\jbr\bin\VCRUNTIME140.dll
0x00007ffa82a30000 - 0x00007ffa82bcd000 	C:\WINDOWS\System32\USER32.dll
0x00007ffa805e0000 - 0x00007ffa80602000 	C:\WINDOWS\System32\win32u.dll
0x00007ffa6db90000 - 0x00007ffa6de2a000 	C:\WINDOWS\WinSxS\amd64_microsoft.windows.common-controls_6595b64144ccf1df_6.0.19041.4355_none_60b8b9eb71f62e16\COMCTL32.dll
0x00007ffa81390000 - 0x00007ffa813bb000 	C:\WINDOWS\System32\GDI32.dll
0x00007ffa82580000 - 0x00007ffa8261e000 	C:\WINDOWS\System32\msvcrt.dll
0x00007ffa809c0000 - 0x00007ffa80ad7000 	C:\WINDOWS\System32\gdi32full.dll
0x00007ffa80ce0000 - 0x00007ffa80d7d000 	C:\WINDOWS\System32\msvcp_win.dll
0x00007ffa81290000 - 0x00007ffa812bf000 	C:\WINDOWS\System32\IMM32.DLL
0x00007ffa725e0000 - 0x00007ffa725ec000 	E:\Android\AndroidStudio\jbr\bin\vcruntime140_1.dll
0x00007ffa4dd20000 - 0x00007ffa4ddad000 	E:\Android\AndroidStudio\jbr\bin\msvcp140.dll
0x00007ffa3bce0000 - 0x00007ffa3c963000 	E:\Android\AndroidStudio\jbr\bin\server\jvm.dll
0x00007ffa81470000 - 0x00007ffa81520000 	C:\WINDOWS\System32\ADVAPI32.dll
0x00007ffa82bd0000 - 0x00007ffa82c70000 	C:\WINDOWS\System32\sechost.dll
0x00007ffa81600000 - 0x00007ffa81723000 	C:\WINDOWS\System32\RPCRT4.dll
0x00007ffa80d80000 - 0x00007ffa80da7000 	C:\WINDOWS\System32\bcrypt.dll
0x00007ffa7fb00000 - 0x00007ffa7fb4b000 	C:\WINDOWS\SYSTEM32\POWRPROF.dll
0x00007ffa7bb90000 - 0x00007ffa7bb99000 	C:\WINDOWS\SYSTEM32\WSOCK32.dll
0x00007ffa77e50000 - 0x00007ffa77e77000 	C:\WINDOWS\SYSTEM32\WINMM.dll
0x00007ffa7adc0000 - 0x00007ffa7adca000 	C:\WINDOWS\SYSTEM32\VERSION.dll
0x00007ffa818c0000 - 0x00007ffa8192b000 	C:\WINDOWS\System32\WS2_32.dll
0x00007ffa7fae0000 - 0x00007ffa7faf2000 	C:\WINDOWS\SYSTEM32\UMPDC.dll
0x00007ffa7e320000 - 0x00007ffa7e332000 	C:\WINDOWS\SYSTEM32\kernel.appcore.dll
0x00007ffa79930000 - 0x00007ffa7993a000 	E:\Android\AndroidStudio\jbr\bin\jimage.dll
0x00007ffa7a6c0000 - 0x00007ffa7a8a4000 	C:\WINDOWS\SYSTEM32\DBGHELP.DLL
0x00007ffa7a640000 - 0x00007ffa7a674000 	C:\WINDOWS\SYSTEM32\dbgcore.DLL
0x00007ffa80ae0000 - 0x00007ffa80b62000 	C:\WINDOWS\System32\bcryptPrimitives.dll
0x00007ffa61e70000 - 0x00007ffa61e7e000 	E:\Android\AndroidStudio\jbr\bin\instrument.dll
0x00007ffa711a0000 - 0x00007ffa711c5000 	E:\Android\AndroidStudio\jbr\bin\java.dll
0x00007ffa750b0000 - 0x00007ffa750c8000 	E:\Android\AndroidStudio\jbr\bin\zip.dll
0x00007ffa81db0000 - 0x00007ffa8251f000 	C:\WINDOWS\System32\SHELL32.dll
0x00007ffa7e520000 - 0x00007ffa7ecbf000 	C:\WINDOWS\SYSTEM32\windows.storage.dll
0x00007ffa80ed0000 - 0x00007ffa81223000 	C:\WINDOWS\System32\combase.dll
0x00007ffa7fea0000 - 0x00007ffa7fece000 	C:\WINDOWS\SYSTEM32\Wldp.dll
0x00007ffa80e00000 - 0x00007ffa80ecd000 	C:\WINDOWS\System32\OLEAUT32.dll
0x00007ffa82900000 - 0x00007ffa829ad000 	C:\WINDOWS\System32\SHCORE.dll
0x00007ffa81230000 - 0x00007ffa81285000 	C:\WINDOWS\System32\shlwapi.dll
0x00007ffa803b0000 - 0x00007ffa803d4000 	C:\WINDOWS\SYSTEM32\profapi.dll
0x00007ffa712e0000 - 0x00007ffa712f9000 	E:\Android\AndroidStudio\jbr\bin\net.dll
0x00007ffa7ade0000 - 0x00007ffa7aeed000 	C:\WINDOWS\SYSTEM32\WINHTTP.dll
0x00007ffa7fc00000 - 0x00007ffa7fc6a000 	C:\WINDOWS\system32\mswsock.dll
0x00007ffa559f0000 - 0x00007ffa55a06000 	E:\Android\AndroidStudio\jbr\bin\nio.dll
0x00007ffa63ef0000 - 0x00007ffa63f00000 	E:\Android\AndroidStudio\jbr\bin\verify.dll
0x00007ffa6ded0000 - 0x00007ffa6def7000 	E:\Android\gradle\native\c067742578af261105cb4f569cf0c3c89f3d7b1fecec35dd04571415982c5e48\windows-amd64\native-platform.dll
0x00007ffa4dbd0000 - 0x00007ffa4dd14000 	E:\Android\gradle\native\38dada09dfb8b06ba9b0570ebf7e218e3eb74d4ef43ca46872605cf95ebc2f47\windows-amd64\native-platform-file-events.dll
0x00007ffa6de90000 - 0x00007ffa6de99000 	E:\Android\AndroidStudio\jbr\bin\management.dll
0x00007ffa6bc50000 - 0x00007ffa6bc5b000 	E:\Android\AndroidStudio\jbr\bin\management_ext.dll
0x00007ffa82c70000 - 0x00007ffa82c78000 	C:\WINDOWS\System32\PSAPI.DLL
0x00007ffa7fe00000 - 0x00007ffa7fe18000 	C:\WINDOWS\SYSTEM32\CRYPTSP.dll
0x00007ffa7f450000 - 0x00007ffa7f484000 	C:\WINDOWS\system32\rsaenh.dll
0x00007ffa80360000 - 0x00007ffa8038e000 	C:\WINDOWS\SYSTEM32\USERENV.dll
0x00007ffa7fdf0000 - 0x00007ffa7fdfc000 	C:\WINDOWS\SYSTEM32\CRYPTBASE.dll
0x00007ffa7f870000 - 0x00007ffa7f8ab000 	C:\WINDOWS\SYSTEM32\IPHLPAPI.DLL
0x00007ffa81730000 - 0x00007ffa81738000 	C:\WINDOWS\System32\NSI.dll
0x00007ffa7abc0000 - 0x00007ffa7abd7000 	C:\WINDOWS\SYSTEM32\dhcpcsvc6.DLL
0x00007ffa7b510000 - 0x00007ffa7b52d000 	C:\WINDOWS\SYSTEM32\dhcpcsvc.DLL
0x00007ffa7f8b0000 - 0x00007ffa7f97a000 	C:\WINDOWS\SYSTEM32\DNSAPI.dll
0x00007ffa79510000 - 0x00007ffa79519000 	E:\Android\AndroidStudio\jbr\bin\extnet.dll
0x00007ffa5a270000 - 0x00007ffa5a277000 	C:\WINDOWS\system32\wshunix.dll
0x00007ffa5e180000 - 0x00007ffa5e197000 	C:\WINDOWS\system32\napinsp.dll
0x00007ffa5dd00000 - 0x00007ffa5dd1b000 	C:\WINDOWS\system32\pnrpnsp.dll
0x00007ffa7b8a0000 - 0x00007ffa7b8bd000 	C:\WINDOWS\system32\NLAapi.dll
0x00007ffa5d7b0000 - 0x00007ffa5d7c2000 	C:\WINDOWS\System32\winrnr.dll
0x00007ffa5cca0000 - 0x00007ffa5ccb5000 	C:\WINDOWS\system32\wshbth.dll
0x00007ffa75730000 - 0x00007ffa7573a000 	C:\Windows\System32\rasadhlp.dll
0x00007ffa758f0000 - 0x00007ffa75970000 	C:\WINDOWS\System32\fwpuclnt.dll

dbghelp: loaded successfully - version: 4.0.5 - missing functions: none
symbol engine: initialized successfully - sym options: 0x614 - pdb path: .;E:\Android\AndroidStudio\jbr\bin;C:\WINDOWS\SYSTEM32;C:\WINDOWS\WinSxS\amd64_microsoft.windows.common-controls_6595b64144ccf1df_6.0.19041.4355_none_60b8b9eb71f62e16;E:\Android\AndroidStudio\jbr\bin\server;E:\Android\gradle\native\c067742578af261105cb4f569cf0c3c89f3d7b1fecec35dd04571415982c5e48\windows-amd64;E:\Android\gradle\native\38dada09dfb8b06ba9b0570ebf7e218e3eb74d4ef43ca46872605cf95ebc2f47\windows-amd64

VM Arguments:
jvm_args: --add-opens=java.base/java.util=ALL-UNNAMED --add-opens=java.base/java.lang=ALL-UNNAMED --add-opens=java.base/java.lang.invoke=ALL-UNNAMED --add-opens=java.prefs/java.util.prefs=ALL-UNNAMED --add-opens=java.base/java.nio.charset=ALL-UNNAMED --add-opens=java.base/java.net=ALL-UNNAMED --add-opens=java.base/java.util.concurrent.atomic=ALL-UNNAMED -Xmx2048m -Dfile.encoding=UTF-8 -Duser.country=RU -Duser.language=ru -Duser.variant -javaagent:E:\Android\gradle\wrapper\dists\gradle-8.7-bin\bhs2wmbdwecv87pi65oeuq5iu\gradle-8.7\lib\agents\gradle-instrumentation-agent-8.7.jar 
java_command: org.gradle.launcher.daemon.bootstrap.GradleDaemon 8.7
java_class_path (initial): E:\Android\gradle\wrapper\dists\gradle-8.7-bin\bhs2wmbdwecv87pi65oeuq5iu\gradle-8.7\lib\gradle-launcher-8.7.jar
Launcher Type: SUN_STANDARD

[Global flags]
     intx CICompilerCount                          = 4                                         {product} {ergonomic}
     uint ConcGCThreads                            = 3                                         {product} {ergonomic}
     uint G1ConcRefinementThreads                  = 10                                        {product} {ergonomic}
   size_t G1HeapRegionSize                         = 1048576                                   {product} {ergonomic}
    uintx GCDrainStackTargetSize                   = 64                                        {product} {ergonomic}
   size_t InitialHeapSize                          = 268435456                                 {product} {ergonomic}
   size_t MarkStackSize                            = 4194304                                   {product} {ergonomic}
   size_t MaxHeapSize                              = 2147483648                                {product} {command line}
   size_t MaxNewSize                               = 1287651328                                {product} {ergonomic}
   size_t MinHeapDeltaBytes                        = 1048576                                   {product} {ergonomic}
   size_t MinHeapSize                              = 8388608                                   {product} {ergonomic}
    uintx NonNMethodCodeHeapSize                   = 5839372                                {pd product} {ergonomic}
    uintx NonProfiledCodeHeapSize                  = 122909434                              {pd product} {ergonomic}
    uintx ProfiledCodeHeapSize                     = 122909434                              {pd product} {ergonomic}
    uintx ReservedCodeCacheSize                    = 251658240                              {pd product} {ergonomic}
     bool SegmentedCodeCache                       = true                                      {product} {ergonomic}
   size_t SoftMaxHeapSize                          = 2147483648                             {manageable} {ergonomic}
     bool UseCompressedClassPointers               = true                           {product lp64_product} {ergonomic}
     bool UseCompressedOops                        = true                           {product lp64_product} {ergonomic}
     bool UseG1GC                                  = true                                      {product} {ergonomic}
     bool UseLargePagesIndividualAllocation        = false                                  {pd product} {ergonomic}

Logging:
Log output configuration:
 #0: stdout all=warning uptime,level,tags
 #1: stderr all=off uptime,level,tags

Environment Variables:
PATH=C:\WINDOWS\system32;C:\WINDOWS;C:\WINDOWS\System32\Wbem;C:\WINDOWS\System32\WindowsPowerShell\v1.0\;C:\WINDOWS\System32\OpenSSH\;C:\Program Files\NVIDIA Corporation\NVIDIA NvDLISR;C:\Program Files (x86)\NVIDIA Corporation\PhysX\Common;C:\Program Files\Git\cmd;C:\Users\Vil-g\AppData\Local\Microsoft\WindowsApps;C:\Users\Vil-g\AppData\Local\GitHubDesktop\bin
USERNAME=Vil-g
OS=Windows_NT
PROCESSOR_IDENTIFIER=Intel64 Family 6 Model 165 Stepping 3, GenuineIntel
TMP=C:\Users\Vil-g\AppData\Local\Temp
TEMP=C:\Users\Vil-g\AppData\Local\Temp



Periodic native trim disabled

JNI global refs:
JNI global refs: 31, weak refs: 3

JNI global refs memory usage: 843, weak refs: 841

OOME stack traces (most recent first):
Classloader memory used:
Loader org.gradle.internal.classloader.VisitableURLClassLoader                         : 4810K
Loader org.gradle.internal.classloader.VisitableURLClassLoader$InstrumentingVisitableURLClassLoader: 3625K
Loader bootstrap                                                                       : 3050K
Loader org.gradle.initialization.MixInLegacyTypesClassLoader                           : 1462K
Loader jdk.internal.reflect.DelegatingClassLoader                                      : 87883B
Loader jdk.internal.loader.ClassLoaders$PlatformClassLoader                            : 68841B
Loader org.gradle.internal.classloader.VisitableURLClassLoader                         : 42183B
Loader jdk.internal.loader.ClassLoaders$AppClassLoader                                 : 28440B
Loader sun.reflect.misc.MethodUtil                                                     : 373B

Classes loaded by more than one classloader:
Class Program                                                                         : loaded 9 times (x 70B)
Class Build_gradle$1                                                                  : loaded 7 times (x 72B)
Class Build_gradle                                                                    : loaded 7 times (x 128B)
Class org.gradle.kotlin.dsl.VersionCatalogAccessorsKt                                 : loaded 4 times (x 69B)
Class com.google.common.collect.SingletonImmutableList                                : loaded 2 times (x 167B)
Class com.google.common.cache.CacheLoader$SupplierToCacheLoader                       : loaded 2 times (x 73B)
Class org.gradle.internal.classpath.ClassPath                                         : loaded 2 times (x 68B)
Class com.google.common.cache.RemovalListener                                         : loaded 2 times (x 68B)
Class org.gradle.api.internal.classpath.DefaultModuleRegistry                         : loaded 2 times (x 84B)
Class Settings_gradle$1$1                                                             : loaded 2 times (x 72B)
Class com.google.common.collect.ImmutableEnumSet                                      : loaded 2 times (x 144B)
Class com.google.common.collect.ListMultimap                                          : loaded 2 times (x 68B)
Class com.google.common.base.CharMatcher$JavaDigit                                    : loaded 2 times (x 109B)
Class com.google.common.base.CharMatcher$Digit                                        : loaded 2 times (x 110B)
Class com.google.common.collect.AbstractMultimap                                      : loaded 2 times (x 121B)
Class com.google.common.cache.CacheBuilder$OneWeigher                                 : loaded 2 times (x 80B)
Class org.gradle.api.Action                                                           : loaded 2 times (x 68B)
Class com.google.common.collect.ImmutableEntry                                        : loaded 2 times (x 80B)
Class com.google.common.collect.Lists$StringAsImmutableList                           : loaded 2 times (x 167B)
Class com.google.common.cache.LocalCache$StrongEntry                                  : loaded 2 times (x 106B)
Class org.objectweb.asm.FieldWriter                                                   : loaded 2 times (x 76B)
Class com.google.common.base.CharMatcher                                              : loaded 2 times (x 109B)
Class com.google.common.base.CharMatcher$IsNot                                        : loaded 2 times (x 109B)
Class com.google.common.base.Splitter                                                 : loaded 2 times (x 70B)
Class [Lcom.google.common.cache.Weigher;                                              : loaded 2 times (x 67B)
Class com.google.common.collect.Iterators$ArrayItr                                    : loaded 2 times (x 95B)
Class com.google.common.cache.LocalCache$Segment                                      : loaded 2 times (x 152B)
Class org.gradle.api.internal.DefaultClassPathProvider                                : loaded 2 times (x 74B)
Class org.gradle.internal.installation.GradleInstallation$1                           : loaded 2 times (x 73B)
Class com.google.common.cache.LocalCache$AbstractReferenceEntry                       : loaded 2 times (x 105B)
Class org.objectweb.asm.Type                                                          : loaded 2 times (x 70B)
Class com.google.common.util.concurrent.AbstractFuture$Failure                        : loaded 2 times (x 70B)
Class com.google.common.base.CharMatcher$BitSetMatcher                                : loaded 2 times (x 110B)
Class com.google.common.collect.ImmutableMap$IteratorBasedImmutableMap                : loaded 2 times (x 123B)
Class com.google.common.collect.ImmutableMap                                          : loaded 2 times (x 118B)
Class com.google.common.base.Converter                                                : loaded 2 times (x 88B)
Class com.google.common.collect.ImmutableSet$EmptySetBuilderImpl                      : loaded 2 times (x 74B)
Class com.google.common.base.Equivalence                                              : loaded 2 times (x 80B)
Class com.google.common.primitives.Ints                                               : loaded 2 times (x 69B)
Class com.google.common.cache.LocalCache$EntryFactory$1                               : loaded 2 times (x 81B)
Class com.google.common.cache.LocalCache$EntryFactory$2                               : loaded 2 times (x 81B)
Class com.google.common.cache.LocalCache$EntryFactory$3                               : loaded 2 times (x 81B)
Class com.google.common.cache.LocalCache$EntryFactory$4                               : loaded 2 times (x 81B)
Class com.google.common.cache.LocalCache$EntryFactory$5                               : loaded 2 times (x 81B)
Class com.google.common.cache.LocalCache$EntryFactory$6                               : loaded 2 times (x 81B)
Class com.google.common.cache.LocalCache$EntryFactory$7                               : loaded 2 times (x 81B)
Class com.google.common.cache.LocalCache$EntryFactory$8                               : loaded 2 times (x 81B)
Class com.google.common.base.Predicate                                                : loaded 2 times (x 68B)
Class com.google.common.cache.LocalCache$StrongValueReference                         : loaded 2 times (x 88B)
Class org.gradle.internal.classloader.FilteringClassLoader                            : loaded 2 times (x 103B)
Class com.google.common.collect.RegularImmutableSet                                   : loaded 2 times (x 146B)
Class [Lcom.google.common.cache.LocalCache$Strength;                                  : loaded 2 times (x 67B)
Class org.gradle.internal.classpath.DefaultClassPath$ImmutableUniqueList$Builder      : loaded 2 times (x 73B)
Class com.google.common.collect.Maps$8                                                : loaded 2 times (x 80B)
Class [Lcom.google.common.cache.CacheBuilder$NullListener;                            : loaded 2 times (x 67B)
Class com.google.common.base.PatternCompiler                                          : loaded 2 times (x 68B)
Class com.google.common.base.CharMatcher$InRange                                      : loaded 2 times (x 109B)
Class com.google.common.collect.Maps$KeySet                                           : loaded 2 times (x 135B)
Class com.google.common.collect.Sets$SetView                                          : loaded 2 times (x 136B)
Class com.google.common.collect.BiMap                                                 : loaded 2 times (x 68B)
Class com.google.common.collect.Lists                                                 : loaded 2 times (x 69B)
Class org.objectweb.asm.AnnotationWriter                                              : loaded 2 times (x 77B)
Class com.google.common.math.IntMath$1                                                : loaded 2 times (x 69B)
Class org.gradle.internal.classloader.ClassLoaderVisitor                              : loaded 2 times (x 74B)
Class org.objectweb.asm.Label                                                         : loaded 2 times (x 71B)
Class com.google.common.cache.CacheBuilder$NullListener                               : loaded 2 times (x 80B)
Class com.google.common.math.MathPreconditions                                        : loaded 2 times (x 69B)
Class org.gradle.internal.service.DefaultServiceLocator                               : loaded 2 times (x 81B)
Class org.gradle.internal.service.UnknownServiceException                             : loaded 2 times (x 81B)
Class com.google.common.util.concurrent.AbstractFuture$SynchronizedHelper             : loaded 2 times (x 76B)
Class com.google.common.collect.ArrayListMultimap                                     : loaded 2 times (x 170B)
Class com.google.common.base.Strings                                                  : loaded 2 times (x 69B)
Class com.google.common.cache.CacheLoader$InvalidCacheLoadException                   : loaded 2 times (x 80B)
Class org.gradle.internal.classloader.DefaultClassLoaderFactory                       : loaded 2 times (x 80B)
Class com.google.common.collect.UnmodifiableIterator                                  : loaded 2 times (x 78B)
Class com.google.common.base.Stopwatch                                                : loaded 2 times (x 70B)
Class com.google.common.base.Platform$JdkPatternCompiler                              : loaded 2 times (x 73B)
Class com.google.common.cache.LocalCache$LoadingValueReference                        : loaded 2 times (x 94B)
Class com.google.common.base.CharMatcher$SingleWidth                                  : loaded 2 times (x 110B)
Class com.google.common.collect.Hashing                                               : loaded 2 times (x 69B)
Class com.google.common.base.JdkPattern                                               : loaded 2 times (x 73B)
Class com.google.common.collect.Multimap                                              : loaded 2 times (x 68B)
Class com.google.common.base.FunctionalEquivalence                                    : loaded 2 times (x 81B)
Class org.objectweb.asm.AnnotationVisitor                                             : loaded 2 times (x 76B)
Class org.objectweb.asm.RecordComponentWriter                                         : loaded 2 times (x 76B)
Class com.google.common.cache.LocalCache$1                                            : loaded 2 times (x 87B)
Class com.google.common.cache.LocalCache$2                                            : loaded 2 times (x 140B)
Class com.google.common.collect.RegularImmutableBiMap                                 : loaded 2 times (x 146B)
Class org.gradle.internal.classloader.VisitableURLClassLoader$Spec                    : loaded 2 times (x 72B)
Class org.gradle.api.GradleException                                                  : loaded 2 times (x 80B)
Class com.google.common.base.CharMatcher$JavaLetterOrDigit                            : loaded 2 times (x 109B)
Class org.gradle.api.internal.classpath.ModuleRegistry                                : loaded 2 times (x 68B)
Class Build_gradle$1$2$1                                                              : loaded 2 times (x 77B)
Class com.google.common.cache.CacheBuilder                                            : loaded 2 times (x 70B)
Class org.objectweb.asm.ByteVector                                                    : loaded 2 times (x 77B)
Class com.google.common.collect.ImmutableCollection                                   : loaded 2 times (x 123B)
Class com.google.common.base.PairwiseEquivalence                                      : loaded 2 times (x 81B)
Class com.google.common.base.Ticker                                                   : loaded 2 times (x 70B)
Class org.gradle.api.internal.ClassPathProvider                                       : loaded 2 times (x 68B)
Class com.google.common.base.Ascii                                                    : loaded 2 times (x 69B)
Class com.google.common.collect.RegularImmutableMap$Values                            : loaded 2 times (x 167B)
Class org.objectweb.asm.ModuleWriter                                                  : loaded 2 times (x 80B)
Class org.gradle.internal.classloader.ClasspathUtil$1                                 : loaded 2 times (x 74B)
Class com.google.common.collect.ImmutableEnumMap                                      : loaded 2 times (x 123B)
Class com.google.common.collect.ImmutableList$ReverseImmutableList                    : loaded 2 times (x 168B)
Class com.google.common.cache.AbstractCache$StatsCounter                              : loaded 2 times (x 68B)
Class org.objectweb.asm.FieldVisitor                                                  : loaded 2 times (x 75B)
Class org.objectweb.asm.Symbol                                                        : loaded 2 times (x 71B)
Class Build_gradle$1$1                                                                : loaded 2 times (x 76B)
Class Build_gradle$1$2                                                                : loaded 2 times (x 77B)
Class Build_gradle$1$3                                                                : loaded 2 times (x 76B)
Class com.google.common.cache.LocalCache$Strength$1                                   : loaded 2 times (x 79B)
Class Build_gradle$1$4                                                                : loaded 2 times (x 72B)
Class com.google.common.cache.LocalCache$Strength$2                                   : loaded 2 times (x 79B)
Class com.google.common.cache.LocalCache$Strength$3                                   : loaded 2 times (x 79B)
Class [Lcom.google.common.collect.AbstractMapEntry;                                   : loaded 2 times (x 67B)
Class com.google.common.collect.ObjectArrays                                          : loaded 2 times (x 69B)
Class com.google.common.util.concurrent.AbstractFuture$Waiter                         : loaded 2 times (x 70B)
Class com.google.common.util.concurrent.Uninterruptibles                              : loaded 2 times (x 69B)
Class com.google.common.collect.Iterators$10                                          : loaded 2 times (x 79B)
Class com.google.common.collect.ImmutableList                                         : loaded 2 times (x 166B)
Class org.gradle.api.internal.classpath.ManifestUtil                                  : loaded 2 times (x 69B)
Class org.gradle.api.specs.Spec                                                       : loaded 2 times (x 68B)
Class com.google.common.cache.CacheLoader$UnsupportedLoadingOperationException        : loaded 2 times (x 80B)
Class com.google.common.base.CharMatcher$Whitespace                                   : loaded 2 times (x 110B)
Class com.google.common.util.concurrent.ListenableFuture                              : loaded 2 times (x 68B)
Class com.google.common.collect.Iterators$1                                           : loaded 2 times (x 79B)
Class com.google.common.collect.Iterators$4                                           : loaded 2 times (x 80B)
Class com.google.common.collect.RegularImmutableMap$BucketOverflowException           : loaded 2 times (x 80B)
Class com.google.common.collect.Iterators$5                                           : loaded 2 times (x 80B)
Class com.google.common.util.concurrent.AbstractFuture$UnsafeAtomicHelper             : loaded 2 times (x 76B)
Class com.google.common.base.Joiner                                                   : loaded 2 times (x 77B)
Class com.google.common.base.Equivalence$Equals                                       : loaded 2 times (x 80B)
Class com.google.common.base.Preconditions                                            : loaded 2 times (x 69B)
Class com.google.common.base.Function                                                 : loaded 2 times (x 68B)
Class com.google.common.collect.Iterators$9                                           : loaded 2 times (x 79B)
Class org.gradle.internal.IoActions                                                   : loaded 2 times (x 69B)
Class com.google.common.cache.ReferenceEntry                                          : loaded 2 times (x 68B)
Class com.google.common.collect.RegularImmutableMap$KeySet                            : loaded 2 times (x 148B)
Class com.google.common.collect.CollectPreconditions                                  : loaded 2 times (x 69B)
Class com.google.common.primitives.IntsMethodsForWeb                                  : loaded 2 times (x 69B)
Class com.google.common.collect.Maps                                                  : loaded 2 times (x 69B)
Class com.google.common.collect.RegularImmutableMap                                   : loaded 2 times (x 119B)
Class com.google.common.collect.AbstractIndexedListIterator                           : loaded 2 times (x 94B)
Class com.google.common.base.CharMatcher$None                                         : loaded 2 times (x 110B)
Class org.gradle.api.internal.classpath.EffectiveClassPath                            : loaded 2 times (x 88B)
Class com.google.common.collect.UnmodifiableListIterator                              : loaded 2 times (x 93B)
Class com.google.common.cache.CacheLoader$FunctionToCacheLoader                       : loaded 2 times (x 73B)
Class com.google.common.cache.CacheBuilder$1                                          : loaded 2 times (x 83B)
Class com.google.common.cache.CacheBuilder$2                                          : loaded 2 times (x 70B)
Class com.google.common.collect.ImmutableList$1                                       : loaded 2 times (x 95B)
Class com.google.common.base.Splitter$Strategy                                        : loaded 2 times (x 68B)
Class com.google.common.collect.ImmutableMapEntrySet$RegularEntrySet                  : loaded 2 times (x 149B)
Class [Lcom.google.common.cache.RemovalListener;                                      : loaded 2 times (x 67B)
Class [Lcom.google.common.collect.ImmutableMapEntry;                                  : loaded 2 times (x 67B)
Class org.gradle.internal.installation.CurrentGradleInstallation                      : loaded 2 times (x 71B)
Class org.gradle.internal.agents.InstrumentingClassLoader                             : loaded 2 times (x 68B)
Class org.gradle.internal.installation.CurrentGradleInstallationLocator               : loaded 2 times (x 69B)
Class [Lcom.google.common.cache.LocalCache$Segment;                                   : loaded 2 times (x 67B)
Class org.gradle.api.internal.classpath.Module                                        : loaded 2 times (x 68B)
Class com.google.common.base.Splitter$1$1                                             : loaded 2 times (x 84B)
Class org.gradle.kotlin.dsl.TestImplementationConfigurationAccessorsKt                : loaded 2 times (x 69B)
Class com.google.common.collect.ImmutableSet$JdkBackedSetBuilderImpl                  : loaded 2 times (x 74B)
Class com.google.common.collect.ImmutableSet$RegularSetBuilderImpl                    : loaded 2 times (x 75B)
Class [Lorg.objectweb.asm.AnnotationWriter;                                           : loaded 2 times (x 67B)
Class org.gradle.internal.service.CachingServiceLocator                               : loaded 2 times (x 80B)
Class [Lcom.google.common.collect.ImmutableEntry;                                     : loaded 2 times (x 67B)
Class com.google.common.collect.Sets$ImprovedAbstractSet                              : loaded 2 times (x 133B)
Class org.gradle.internal.classpath.DefaultClassPath                                  : loaded 2 times (x 88B)
Class com.google.common.util.concurrent.AbstractFuture$SetFuture                      : loaded 2 times (x 73B)
Class com.google.common.base.Splitter$SplittingIterator                               : loaded 2 times (x 82B)
Class com.google.common.cache.LocalCache$LocalManualCache$1                           : loaded 2 times (x 73B)
Class org.objectweb.asm.ModuleVisitor                                                 : loaded 2 times (x 79B)
Class Build_gradle$2                                                                  : loaded 2 times (x 77B)
Class org.objectweb.asm.SymbolTable$Entry                                             : loaded 2 times (x 72B)
Class [Lcom.google.common.cache.LocalCache$EntryFactory;                              : loaded 2 times (x 67B)
Class com.google.common.base.CharMatcher$Is                                           : loaded 2 times (x 109B)
Class com.google.common.base.Platform                                                 : loaded 2 times (x 69B)
Class com.google.common.collect.RegularImmutableAsList                                : loaded 2 times (x 176B)
Class com.google.common.collect.PeekingIterator                                       : loaded 2 times (x 68B)
Class com.google.common.collect.ImmutableMapEntrySet                                  : loaded 2 times (x 149B)
Class com.google.common.cache.CacheLoader                                             : loaded 2 times (x 72B)
Class com.google.common.collect.ImmutableBiMapFauxverideShim                          : loaded 2 times (x 118B)
Class org.objectweb.asm.MethodTooLargeException                                       : loaded 2 times (x 81B)
Class com.google.common.cache.Cache                                                   : loaded 2 times (x 68B)
Class org.gradle.internal.classloader.SystemClassLoaderSpec                           : loaded 2 times (x 69B)
Class com.google.common.util.concurrent.internal.InternalFutureFailureAccess          : loaded 2 times (x 70B)
Class com.google.common.base.Charsets                                                 : loaded 2 times (x 69B)
Class com.google.common.primitives.Ints$IntConverter                                  : loaded 2 times (x 88B)
Class com.google.common.collect.SingletonImmutableSet                                 : loaded 2 times (x 144B)
Class [Lcom.google.common.base.AbstractIterator$State;                                : loaded 2 times (x 67B)
Class com.google.common.collect.ImmutableMap$Builder                                  : loaded 2 times (x 80B)
Class com.google.common.base.AbstractIterator                                         : loaded 2 times (x 78B)
Class org.objectweb.asm.ClassWriter                                                   : loaded 2 times (x 104B)
Class com.google.common.base.AbstractIterator$1                                       : loaded 2 times (x 69B)
Class [Lcom.google.common.cache.CacheBuilder$OneWeigher;                              : loaded 2 times (x 67B)
Class com.google.common.collect.Iterators                                             : loaded 2 times (x 69B)
Class com.google.common.base.CharMatcher$1                                            : loaded 2 times (x 111B)
Class com.google.common.base.CharMatcher$Ascii                                        : loaded 2 times (x 110B)
Class com.google.common.cache.LocalCache$ComputingValueReference                      : loaded 2 times (x 94B)
Class org.gradle.api.UncheckedIOException                                             : loaded 2 times (x 80B)
Class com.google.common.base.CharMatcher$And                                          : loaded 2 times (x 110B)
Class com.google.common.collect.IndexedImmutableSet                                   : loaded 2 times (x 148B)
Class com.google.common.base.ExtraObjectsMethodsForWeb                                : loaded 2 times (x 69B)
Class org.gradle.kotlin.dsl.KaptConfigurationAccessorsKt                              : loaded 2 times (x 69B)
Class com.google.common.collect.AbstractListMultimap                                  : loaded 2 times (x 170B)
Class com.google.common.base.CharMatcher$Any                                          : loaded 2 times (x 110B)
Class com.google.common.collect.Iterators$MergingIterator                             : loaded 2 times (x 79B)
Class com.google.common.cache.LocalCache$Strength                                     : loaded 2 times (x 79B)
Class com.google.common.collect.AbstractMapBasedMultimap$KeySet                       : loaded 2 times (x 135B)
Class com.google.common.collect.ArrayListMultimapGwtSerializationDependencies         : loaded 2 times (x 170B)
Class com.google.common.base.CharMatcher$RangesMatcher                                : loaded 2 times (x 110B)
Class org.objectweb.asm.Handler                                                       : loaded 2 times (x 70B)
Class com.google.common.collect.ImmutableList$SubList                                 : loaded 2 times (x 168B)
Class com.google.common.cache.LocalCache$ValueReference                               : loaded 2 times (x 68B)
Class org.gradle.internal.classloader.ClasspathUtil                                   : loaded 2 times (x 69B)
Class org.objectweb.asm.CurrentFrame                                                  : loaded 2 times (x 71B)
Class com.google.common.util.concurrent.AbstractFuture                                : loaded 2 times (x 93B)
Class org.gradle.kotlin.dsl.AndroidTestImplementationConfigurationAccessorsKt         : loaded 2 times (x 69B)
Class com.google.common.base.Splitter$1                                               : loaded 2 times (x 75B)
Class com.google.common.base.Ticker$1                                                 : loaded 2 times (x 70B)
Class com.google.common.collect.Maps$BiMapConverter                                   : loaded 2 times (x 88B)
Class org.gradle.api.internal.DefaultClassPathRegistry                                : loaded 2 times (x 74B)
Class com.google.common.util.concurrent.AbstractFuture$Cancellation                   : loaded 2 times (x 70B)
Class [Lorg.objectweb.asm.Symbol;                                                     : loaded 2 times (x 67B)
Class com.google.common.collect.ImmutableSet$SetBuilderImpl                           : loaded 2 times (x 74B)
Class org.gradle.api.internal.classpath.DefaultModuleRegistry$DefaultModule           : loaded 2 times (x 84B)
Class com.google.common.base.CharMatcher$JavaIsoControl                               : loaded 2 times (x 110B)
Class com.google.common.collect.ImmutableMap$1                                        : loaded 2 times (x 79B)
Class com.google.common.base.CharMatcher$Or                                           : loaded 2 times (x 110B)
Class org.gradle.internal.classloader.ClassLoaderFactory                              : loaded 2 times (x 68B)
Class com.google.common.base.Suppliers$SupplierOfInstance                             : loaded 2 times (x 77B)
Class org.objectweb.asm.RecordComponentVisitor                                        : loaded 2 times (x 75B)
Class com.google.common.collect.Iterables                                             : loaded 2 times (x 69B)
Class com.google.common.base.CharMatcher$JavaLowerCase                                : loaded 2 times (x 109B)
Class org.objectweb.asm.ClassTooLargeException                                        : loaded 2 times (x 81B)
Class org.gradle.api.internal.classpath.UnknownModuleException                        : loaded 2 times (x 80B)
Class com.google.common.util.concurrent.AbstractFuture$Listener                       : loaded 2 times (x 70B)
Class org.objectweb.asm.Edge                                                          : loaded 2 times (x 70B)
Class com.google.common.collect.Maps$EntryTransformer                                 : loaded 2 times (x 68B)
Class com.google.common.collect.ImmutableCollection$Builder                           : loaded 2 times (x 74B)
Class [Lorg.objectweb.asm.SymbolTable$Entry;                                          : loaded 2 times (x 67B)
Class com.google.common.collect.SingletonImmutableBiMap                               : loaded 2 times (x 141B)
Class com.google.common.base.CommonPattern                                            : loaded 2 times (x 72B)
Class com.google.common.base.Suppliers                                                : loaded 2 times (x 69B)
Class org.objectweb.asm.ClassVisitor                                                  : loaded 2 times (x 86B)
Class com.google.common.cache.LoadingCache                                            : loaded 2 times (x 68B)
Class org.gradle.internal.service.ServiceLookupException                              : loaded 2 times (x 80B)
Class org.gradle.kotlin.dsl.ImplementationConfigurationAccessorsKt                    : loaded 2 times (x 69B)
Class org.gradle.cache.GlobalCache                                                    : loaded 2 times (x 68B)
Class com.google.common.base.CharMatcher$NegatedFastMatcher                           : loaded 2 times (x 111B)
Class [Lorg.gradle.api.internal.ClassPathProvider;                                    : loaded 2 times (x 67B)
Class com.google.common.util.concurrent.AbstractFuture$SafeAtomicHelper               : loaded 2 times (x 77B)
Class org.gradle.util.internal.GUtil                                                  : loaded 2 times (x 69B)
Class com.google.common.math.IntMath                                                  : loaded 2 times (x 69B)
Class com.google.common.collect.AbstractIterator                                      : loaded 2 times (x 80B)
Class org.gradle.internal.classloader.ClassLoaderSpec                                 : loaded 2 times (x 69B)
Class com.google.common.base.NullnessCasts                                            : loaded 2 times (x 69B)
Class org.objectweb.asm.Frame                                                         : loaded 2 times (x 71B)
Class com.google.common.cache.LocalCache$LocalManualCache                             : loaded 2 times (x 97B)
Class com.google.common.collect.AbstractMapEntry                                      : loaded 2 times (x 79B)
Class com.google.common.collect.ImmutableList$Builder                                 : loaded 2 times (x 75B)
Class com.google.common.base.CharMatcher$Negated                                      : loaded 2 times (x 111B)
Class com.google.common.cache.CacheLoader$1                                           : loaded 2 times (x 73B)
Class com.google.common.util.concurrent.AbstractFuture$TrustedFuture                  : loaded 2 times (x 95B)
Class com.google.common.collect.Sets                                                  : loaded 2 times (x 69B)
Class com.google.common.collect.ImmutableSet$Builder                                  : loaded 2 times (x 83B)
Class com.google.common.base.CharMatcher$ForPredicate                                 : loaded 2 times (x 110B)
Class com.google.common.collect.ImmutableMap$MapViewOfValuesAsSingletonSets           : loaded 2 times (x 123B)
Class com.google.common.base.MoreObjects                                              : loaded 2 times (x 69B)
Class com.google.common.collect.SortedMapDifference                                   : loaded 2 times (x 68B)
Class org.objectweb.asm.SymbolTable                                                   : loaded 2 times (x 70B)
Class [Lorg.objectweb.asm.AnnotationVisitor;                                          : loaded 2 times (x 67B)
Class com.google.common.cache.CacheStats                                              : loaded 2 times (x 69B)
Class org.objectweb.asm.Attribute                                                     : loaded 2 times (x 75B)
Class org.gradle.internal.classloader.VisitableURLClassLoader                         : loaded 2 times (x 115B)
Class com.google.common.cache.LocalCache$LocalLoadingCache                            : loaded 2 times (x 132B)
Class com.google.common.base.Supplier                                                 : loaded 2 times (x 68B)
Class com.google.common.base.Objects                                                  : loaded 2 times (x 69B)
Class com.google.common.util.concurrent.AbstractFuture$AtomicHelper                   : loaded 2 times (x 76B)
Class com.google.common.collect.ImmutableBiMap                                        : loaded 2 times (x 141B)
Class org.gradle.internal.Cast                                                        : loaded 2 times (x 69B)
Class org.gradle.internal.installation.GradleInstallation                             : loaded 2 times (x 73B)
Class org.gradle.api.internal.ClassPathRegistry                                       : loaded 2 times (x 68B)
Class com.google.common.cache.LocalCache$EntryFactory                                 : loaded 2 times (x 81B)
Class com.google.common.util.concurrent.UncheckedExecutionException                   : loaded 2 times (x 80B)
Class com.google.common.collect.ImmutableSet                                          : loaded 2 times (x 143B)
Class org.gradle.internal.classloader.VisitableURLClassLoader$InstrumentingVisitableURLClassLoader: loaded 2 times (x 121B)
Class org.gradle.internal.classloader.ClassLoaderHierarchy                            : loaded 2 times (x 68B)
Class [Lorg.objectweb.asm.Type;                                                       : loaded 2 times (x 67B)
Class com.google.common.base.AbstractIterator$State                                   : loaded 2 times (x 77B)
Class com.google.common.cache.Weigher                                                 : loaded 2 times (x 68B)
Class com.google.common.base.CharMatcher$NamedFastMatcher                             : loaded 2 times (x 110B)
Class org.gradle.internal.InternalTransformer                                         : loaded 2 times (x 68B)
Class org.gradle.internal.service.ServiceLocator                                      : loaded 2 times (x 68B)
Class Settings_gradle$1                                                               : loaded 2 times (x 72B)
Class com.google.common.util.concurrent.SettableFuture                                : loaded 2 times (x 95B)
Class com.google.common.collect.ImmutableMapEntry                                     : loaded 2 times (x 83B)
Class com.google.common.base.CharMatcher$Invisible                                    : loaded 2 times (x 110B)
Class com.google.common.base.Joiner$1                                                 : loaded 2 times (x 78B)
Class com.google.common.base.Joiner$2                                                 : loaded 2 times (x 77B)
Class com.google.common.base.CharMatcher$FastMatcher                                  : loaded 2 times (x 109B)
Class org.gradle.internal.classpath.DefaultClassPath$ImmutableUniqueList              : loaded 2 times (x 159B)
Class com.google.common.base.CharMatcher$JavaLetter                                   : loaded 2 times (x 109B)
Class org.gradle.internal.classpath.TransformedClassPath                              : loaded 2 times (x 94B)
Class com.google.common.collect.MapDifference                                         : loaded 2 times (x 68B)
Class com.google.common.collect.Sets$1                                                : loaded 2 times (x 137B)
Class com.google.common.collect.Sets$2                                                : loaded 2 times (x 137B)
Class com.google.common.util.concurrent.AbstractFuture$Trusted                        : loaded 2 times (x 68B)
Class com.google.common.collect.Sets$3                                                : loaded 2 times (x 137B)
Class com.google.common.collect.Sets$4                                                : loaded 2 times (x 137B)
Class Settings_gradle                                                                 : loaded 2 times (x 126B)
Class org.objectweb.asm.MethodWriter                                                  : loaded 2 times (x 104B)
Class com.google.common.collect.Platform                                              : loaded 2 times (x 69B)
Class com.google.common.collect.ImmutableAsList                                       : loaded 2 times (x 169B)
Class com.google.common.util.concurrent.ExecutionError                                : loaded 2 times (x 80B)
Class com.google.common.base.Equivalence$Identity                                     : loaded 2 times (x 80B)
Class com.google.common.base.CharMatcher$AnyOf                                        : loaded 2 times (x 110B)
Class com.google.common.base.CharMatcher$IsEither                                     : loaded 2 times (x 109B)
Class com.google.common.cache.LocalCache                                              : loaded 2 times (x 185B)
Class com.google.common.collect.RegularImmutableList                                  : loaded 2 times (x 172B)
Class com.google.common.util.concurrent.AbstractFuture$UnsafeAtomicHelper$1           : loaded 2 times (x 74B)
Class com.google.common.base.CharMatcher$JavaUpperCase                                : loaded 2 times (x 109B)
Class com.google.common.collect.Multiset                                              : loaded 2 times (x 68B)
Class com.google.common.collect.ImmutableSet$CachingAsList                            : loaded 2 times (x 145B)
Class org.objectweb.asm.MethodVisitor                                                 : loaded 2 times (x 103B)
Class com.google.common.collect.AbstractMapBasedMultimap$KeySet$1                     : loaded 2 times (x 80B)
Class com.google.common.collect.ImmutableMapEntry$NonTerminalImmutableMapEntry        : loaded 2 times (x 83B)
Class com.google.common.collect.AbstractMapBasedMultimap                              : loaded 2 times (x 137B)


---------------  S Y S T E M  ---------------

OS:
 Windows 10 , 64 bit Build 19041 (10.0.19041.4717)
OS uptime: 13 days 14:06 hours

CPU: total 12 (initial active 12) (6 cores per cpu, 2 threads per core) family 6 model 165 stepping 3 microcode 0xcc, cx8, cmov, fxsr, ht, mmx, 3dnowpref, sse, sse2, sse3, ssse3, sse4.1, sse4.2, popcnt, lzcnt, tsc, tscinvbit, avx, avx2, aes, erms, clmul, bmi1, bmi2, adx, fma, vzeroupper, clflush, clflushopt
Processor Information for all 12 processors :
  Max Mhz: 2904, Current Mhz: 2904, Mhz Limit: 2904

Memory: 4k page, system-wide physical 16315M (4585M free)
TotalPageFile size 22872M (AvailPageFile size 7599M)
current process WorkingSet (physical memory assigned to process): 579M, peak: 581M
current process commit charge ("private bytes"): 623M, peak: 625M

vm_info: OpenJDK 64-Bit Server VM (17.0.10+0--11609105) for windows-amd64 JRE (17.0.10+0--11609105), built on Mar 21 2024 19:10:56 by "androidbuild" with MS VC++ 16.10 / 16.11 (VS2019)

END.
